year,month,day,Białystok,Bydgoszcz,Gdańsk,Jelenia Góra,Kalisz,Katowice,Kościerzyna,Kraków,Kędzierzyn-Koźle,Legionowo,Lublin,Olsztyn,Piastów,Przemyśl,Płock,Radom,Siedlce,Szczecin,Warszawa,Wrocław,Zgierz,Zielona Góra,Złoty Potok,Łódź,Żyrardów
2015,1,1,27.125,21.441666666666666,14.966114347826085,82.2864,35.1875,58.977125,28.02419090909091,52.604166666666664,69.37327916666666,37.958333333333336,40.7817,21.644720958333334,42.699999999999996,23.0529125,27.655072458333333,38.991904416666664,28.285263291666666,34.19100652173913,32.948805125,40.77619791666667,27.098931692307694,30.40573913043478,39.0434625,44.02375,51.887464666666666
2015,1,2,22.666666666666668,6.44,7.1087541666666665,20.026297916666667,15.48695652173913,23.873545454545454,20.522926363636365,47.1875,28.698158333333335,24.400000000000002,32.70471666666666,18.241233208333334,28.313333333333333,31.540433333333336,15.764750791666666,22.328946291666668,19.710721791666668,10.40949125,19.73749378723404,17.489961304347826,20.6757245,14.984921666666667,24.478912500000003,25.71521739130435,35.250474958333335
2015,1,3,9.125,5.7844444444444445,6.05227875,7.896563749999999,6.004166666666666,13.804625,16.0479905,17.958333333333332,15.170954583333334,12.695833333333333,13.69135,6.379654958333333,17.712500000000002,39.08594166666666,7.705161541666667,10.924142125000001,9.877204333333333,11.226441063829787,9.600948354166666,11.423613829787234,14.083335208333333,13.820597916666665,10.2702375,12.3825,14.387464375
2015,1,4,8.333333333333334,7.300000000000001,6.729427916666666,5.17097875,8.369565217391305,11.9165,17.61314695652174,14.0,11.088740416666667,10.666666666666666,12.734108333333333,7.191451625,19.733333333333334,38.9263,8.278072125,13.769274166666667,6.5371445,10.16206375,7.7914030212765955,9.83881255319149,14.50472725,11.69953875,8.8321125,11.416521739130435,18.26329541666667
2015,1,5,7.583333333333333,14.906382978723405,8.13918,7.3041133333333335,18.345833333333335,26.1665,26.785080952380955,23.229166666666668,13.265421250000001,9.355555555555556,13.699566666666668,6.323507041666667,20.279166666666665,33.46022083333333,10.938707625,17.600006583333332,7.498255583333333,16.836916595744682,9.170410958333333,16.53052574468085,24.206106166666668,16.82988166666667,13.7539125,15.150416666666667,25.40954425
2015,1,6,20.625,22.79148936170213,10.2867225,43.07063208333333,36.304545454545455,51.282125,37.76804736842105,31.541666666666668,40.74977583333334,,22.770766666666663,18.848656375,27.224999999999998,40.131625,16.575564833333335,30.689556333333332,28.920708625000003,23.626371875,19.2808900625,37.30091458333333,27.503917625,23.7757,15.7941,22.89916666666667,62.410969
2015,1,7,20.583333333333332,33.145833333333336,22.493708333333334,30.879585833333334,44.55416666666667,54.45275,48.887795,81.52083333333333,52.61240833333333,30.15294117647059,37.73331666666667,29.21987625,34.12083333333333,46.85850416666667,31.519791071428568,26.174244333333334,19.51611675,28.24827,24.961819375,68.98751944444444,28.00250266666667,33.12752916666667,42.3077625,35.57583333333333,56.79605908333334
2015,1,8,37.541666666666664,19.311904761904763,14.2527025,36.22684458333333,39.63333333333333,28.517750000000003,45.14236666666667,59.4375,31.65138,58.67916666666667,38.020900000000005,46.73302629166667,61.15833333333333,13.0748875,55.868489958333335,43.96001430434783,38.84954291666667,16.76232,46.90045963829787,36.098625416666664,38.040797875,29.6764,33.639942857142856,44.42625,76.18114945833334
2015,1,9,17.458333333333332,6.1909090909090905,6.994770833333334,3.6832245833333332,8.295652173913044,10.455875,20.900208636363637,14.3125,11.21898375,18.420833333333334,18.91304166666667,10.59225975,29.15416666666667,14.306695416666665,14.555812416666667,14.167398291666666,15.056084499999999,10.711771739130436,13.269746875000001,8.149627083333334,14.549413541666667,10.188585,7.960418181818182,14.802916666666667,20.928300208333333
2015,1,10,10.25,7.935714285714286,7.348658749999999,2.0994699999999997,8.41904761904762,9.28025,20.94879476190476,14.145833333333334,11.157734285714286,13.4625,15.889308333333332,8.201976791666667,18.575,9.66032,13.400280958333333,12.909908416666667,12.129064,8.493358541666668,10.76261655319149,7.1130120833333335,16.76887959090909,10.4094875,7.782525,11.057916666666666,17.568850958333332
2015,1,11,7.541666666666667,5.319047619047619,8.0435425,5.173358333333334,5.904166666666666,9.885875,11.20143590909091,13.770833333333334,11.567907916666668,11.275,14.081641666666668,7.3579865416666665,15.525,8.101274166666666,9.394762166666666,9.119550368421052,7.931152833333333,8.601479583333333,8.48212675,7.598012916666666,12.160430545454545,11.75057625,6.5320875,8.996956521739131,12.567987590909091
2015,1,12,11.826086956521738,8.121739130434783,8.929024583333334,5.58024125,4.8,10.580875,23.285799047619047,15.083333333333334,10.036460416666666,13.333333333333334,15.503124999999999,8.674394375,8.35,7.113864166666667,12.225328708333334,13.316124611111112,10.512649833333333,8.716656666666667,11.996977354166667,11.706913333333334,17.82058534782609,10.131069166666666,8.490247826086957,13.496666666666668,20.946106416666666
2015,1,13,14.5,8.311363636363636,7.9754612499999995,6.186684583333334,,11.560250000000002,16.642826818181817,38.916666666666664,9.629745,17.30952380952381,22.273658333333334,13.442773208333334,16.056521739130435,11.117083333333333,10.666817958333333,10.589135125,15.933793375,6.890813617021277,12.438574916666667,11.62488375,10.942781166666665,11.000906818181818,12.363075,13.464347826086957,19.028965041666666
2015,1,14,19.916666666666668,12.132558139534884,7.366260833333333,8.699629166666666,,18.750304347826088,20.6189075,75.66666666666667,20.645016666666667,31.218181818181815,27.891990909090907,12.359376833333334,23.833333333333332,11.748845833333334,17.22439272727273,44.60545686666667,29.985079708333334,8.859902083333333,18.87058939583333,16.144768260869565,24.184905583333332,12.978035416666666,21.717225,19.834999999999997,23.961301083333336
2015,1,15,29.25,18.578125,10.974635,10.144675833333332,20.041115384615384,20.858375,26.695165000000003,50.75,17.4472595,33.75,54.02461904761905,23.723932458333334,31.370833333333334,42.515899999999995,25.761554541666666,45.997920791666665,34.48085579166666,8.844015,23.1423908125,18.745627916666667,20.942261958333333,14.207119999999998,17.109426315789474,26.24,27.374169166666665
2015,1,16,24.083333333333332,31.829545454545453,19.30829125,25.44891416666667,32.32151666666667,26.593999999999998,41.752931000000004,81.79166666666667,26.368795,34.55416666666667,27.45426666666667,28.561670304347825,38.8,19.809207083333334,40.38048416666667,39.5250025,29.623670125,12.630069375,29.89771627083333,39.73459166666667,29.209179666666667,33.0835875,21.950334782608696,34.56166666666667,45.097341
2015,1,17,26.708333333333332,42.50952380952381,21.46980458333333,43.78470875,42.516645833333335,35.749625,50.507890476190475,50.0,38.085745833333334,48.89166666666667,27.84866666666667,36.421269625,52.2875,20.856705833333333,42.02638820833334,58.163045350000004,30.481521375,18.062845208333332,39.874765625,46.61504791666667,41.458333333333336,32.1268875,28.947824999999998,44.39478260869566,50.320513
2015,1,18,50.583333333333336,36.55952380952381,17.228831666666668,37.94287083333333,79.02258333333334,36.78275,37.38322941176471,31.916666666666668,44.3778,93.34583333333335,36.05300833333333,27.417922416666666,81.38333333333334,39.42650416666667,55.69370375,55.795662375,79.1923825,25.353757916666666,48.79934389583334,43.5418625,49.041666666666664,43.13333333333333,20.1070125,53.42291666666667,79.60485595652175
2015,1,19,67.54166666666667,51.36222222222223,22.029687499999998,50.71450909090909,59.82639583333333,26.273375,46.60444090909091,35.208333333333336,45.3670875,59.61666666666667,28.4074,39.03874220833333,59.50833333333333,31.084520833333332,38.72486979166667,52.78545441666666,22.52256783333333,32.86275833333333,37.031618916666666,36.92107083333333,21.708333333333332,37.560425,16.399575000000002,34.123333333333335,47.95821470833334
2015,1,20,18.391304347826086,27.026470588235295,15.162395833333333,82.33866666666667,46.64959166666667,36.818374999999996,40.94395,41.833333333333336,56.81390833333333,26.441666666666666,20.313983333333333,22.834977666666664,25.804166666666664,32.73747083333333,22.57170508333333,44.74528575,17.26822866666667,35.29515416666667,19.211427395833333,74.84457916666666,20.791666666666668,55.1924875,17.3516625,25.685833333333335,41.36989570833333
2015,1,21,17.333333333333332,52.3,36.51913458333333,48.714978260869565,62.384479166666665,75.18650000000001,46.371094444444445,64.3125,81.28224583333333,67.31666666666666,27.26364,29.526511666666664,57.050000000000004,38.11607083333333,44.26462354166667,71.88570983333334,23.26524458333333,37.092508333333335,39.233368,51.057331250000004,50.25,38.87446666666667,45.642262499999994,62.61666666666667,88.24786354166667
2015,1,22,19.041666666666668,60.439130434782605,28.09714166666667,53.625794444444445,55.81945416666667,46.47275,65.04206818181818,40.583333333333336,59.495171428571425,48.479166666666664,26.810080000000003,47.217968875,46.57083333333333,37.4674125,43.72569925,50.89193645833333,20.151562125,40.8627972972973,34.087397208333336,52.53179375,29.125,49.4095375,18.5801625,68.73111111111112,69.78869912500001
2015,1,23,13.73913043478261,44.44090909090909,20.1666875,,45.57855416666666,28.94525,70.30905,31.558139534883722,34.06276086956522,18.283333333333335,26.677791666666668,27.639223333333334,29.383333333333336,41.14642916666667,28.397914166666666,43.293588666666665,19.98078608333333,32.7641875,19.35378125,55.53178541666667,26.416666666666668,36.177054166666665,18.5011875,,32.14624883333333
2015,1,24,20.333333333333332,41.772,20.590052916666668,,35.196216666666665,36.034625,77.97061111111111,32.916666666666664,37.74772083333333,36.7875,26.599733333333333,28.712831291666664,36.012499999999996,27.859814583333332,30.422521791666668,44.696734041666666,34.020158,20.916708333333332,27.066590645833333,38.91865,28.708333333333332,39.00525833333334,23.674049999999998,,40.895061958333336
2015,1,25,14.708333333333334,52.425714285714285,26.543983333333333,,42.279829166666666,47.220875,69.13649130434783,48.583333333333336,33.97847083333333,35.170833333333334,23.037808333333334,34.269221458333334,46.96666666666667,25.705345833333336,35.772923875,49.56647387500001,22.621856041666664,18.033450833333333,31.391964291666667,26.010626666666667,43.125,37.47280833333333,32.1814125,39.600833333333334,51.25830975
2015,1,26,32.5,19.797727272727272,9.4177375,29.009566666666668,27.9807375,43.76525,48.8834380952381,73.63888888888889,32.64139166666667,61.229166666666664,35.987275000000004,40.04350370833333,61.041666666666664,35.44690416666666,34.248399041666666,71.07489570833333,31.931131166666663,11.557351250000002,41.51466395833334,28.073722916666668,33.82608695652174,27.223566666666667,24.893775,28.966521739130435,59.99525191666667
2015,1,27,35.458333333333336,27.1030303030303,28.240704166666664,8.61645375,24.561741666666666,42.48275,36.18435909090909,74.58333333333333,32.24680416666667,41.80833333333333,37.396433333333334,45.95574908333333,43.775,29.161195833333334,40.20569795833333,52.81944058333334,33.706406791666666,10.370268055555556,34.8884913125,17.253533333333333,34.875,16.01132375,24.959587499999998,31.709999999999997,41.46486241666667
2015,1,28,25.208333333333332,18.221739130434784,8.4038375,9.601096666666667,13.72649125,35.535875,25.079462222222222,42.5,29.51056956521739,24.120833333333334,19.97299166666667,23.261778208333336,26.483333333333334,20.316570833333333,21.489001208333335,32.30147420833333,21.918894666666663,11.824911875,21.808261416666667,16.859432916666666,21.958333333333332,12.55964090909091,13.9820625,17.7975,26.436372291666668
2015,1,29,21.666666666666668,16.681081081081082,11.150767916666666,12.587662916666666,15.90603375,23.620086956521735,22.481806666666667,39.11904761904762,16.719765,27.995833333333334,26.476483333333334,24.517154625,31.575,12.13486125,26.892810208333334,41.10390520833334,27.276493666666667,9.017158043478261,25.678263187499997,16.601235,20.166666666666668,17.64794736842105,19.42695,18.105416666666667,32.259021833333335
2015,1,30,23.833333333333332,37.31111111111111,22.72428181818182,10.853624583333334,33.6418125,37.5665,34.031733333333335,34.42857142857143,29.326716666666666,30.304166666666664,25.56514782608696,33.99334720833333,35.012499999999996,21.45631416666667,30.621584,51.01331566666667,18.65826554166667,21.72289659574468,25.233218374999996,21.782605208333333,23.041666666666668,20.6904625,19.1505375,22.609166666666667,44.50379883333333
2015,1,31,19.958333333333332,19.612000000000002,18.683008333333333,10.629864166666666,23.53170833333333,20.929624999999998,39.695175,28.75,19.341558333333335,33.420833333333334,28.477241666666668,24.778234541666667,37.458333333333336,15.89858375,26.58207883333333,43.405257750000004,22.796603708333333,18.382774583333333,28.7110530625,19.183962291666667,27.75,17.269436666666667,18.839025,19.676521739130436,34.2058405
2015,2,1,23.875,24.814285714285713,11.180591249999999,23.5380775,38.122025,35.0015,32.449758333333335,65.08127291666666,34.8661375,45.59166666666667,40.338,23.510756166666667,43.01666666666667,42.24005833333333,35.00580625,67.61315654166667,30.98987775,24.9216725,33.44928610416667,26.042189583333336,35.5,22.000470833333335,41.3951625,25.800833333333333,41.66666675
2015,2,2,45.5,29.169047619047618,14.121863750000001,33.37282391304348,45.77164583333334,90.93275,31.96490833333333,129.80763333333334,90.98289583333333,87.24166666666667,83.3276,37.80435275,79.77083333333333,55.442620833333336,45.22109291666666,126.87456886956522,65.55810729166667,17.588848541666668,70.4961308125,34.70134166666667,61.5,21.794150000000002,75.62647083333333,52.50217391304348,84.76970591666667
2015,2,3,65.0,22.654054054054054,16.049255416666668,28.06911695652174,29.422745833333334,35.607125,34.638708333333334,60.84950625,36.053495833333336,75.50833333333334,64.75793333333333,45.333494,69.92916666666666,34.33649583333334,38.375297249999996,75.429987,62.24981966666667,15.67961125,56.582088229166665,28.09962708333333,39.333333333333336,20.8769125,44.672625000000004,40.40333333333333,70.037986875
2015,2,4,70.45833333333333,43.55789473684211,27.991411666666668,17.151773913043478,41.33583333333333,61.87204347826087,43.72215833333333,80.73374583333333,58.72077391304348,94.99583333333334,83.86579166666667,40.808292458333334,79.5125,44.38840833333333,30.650715,130.81295958333334,87.45317266666666,17.867085416666665,62.43543827083334,30.61051458333333,50.458333333333336,20.908795833333333,29.790225000000003,45.498695652173915,91.12654345833333
2015,2,5,46.125,77.2325,46.6868125,33.97248291666667,77.94118333333334,72.15837499999999,111.151225,52.1545625,100.65029565217391,76.99545454545455,121.62921818181817,48.35972458333333,76.76666666666667,42.72725416666666,45.25507916666667,109.88230341666667,67.26189520833333,32.123940833333336,52.173695708333334,52.0422085106383,35.708333333333336,40.872591666666665,46.0195875,49.0525,71.61087395833333
2015,2,6,32.083333333333336,41.7,22.714691666666667,31.8577875,42.95054583333334,36.64025,82.85087916666667,31.60463125,34.58125833333333,85.9076923076923,36.804833333333335,37.932314999999996,60.8375,31.923375000000004,34.25810945833333,65.27781770833333,46.39545704166667,52.05703125,34.82359605263158,44.106991666666666,49.54545454545455,49.77684166666666,24.3277875,41.31125,58.25023766666666
2015,2,7,29.125,20.72820512820513,4.722009166666667,29.018686666666667,42.36891666666667,41.699,23.52657272727273,40.8147625,47.153494736842106,47.15833333333333,38.08663333333333,23.715648625,50.32916666666667,24.525279166666667,31.160508333333336,53.74192370833333,33.23379425,18.34441,39.99679166666667,38.649970833333334,35.291666666666664,34.4622,33.743362499999996,37.077083333333334,40.117521583333335
2015,2,8,6.708333333333333,12.65609756097561,6.14429875,6.147425833333333,13.351221666666667,19.504625,21.542983333333336,16.207748541666668,,10.875,13.531125000000001,4.901777583333334,20.033333333333335,14.684744166666666,6.879781958333333,20.197524875,6.195592666666666,8.617480625,8.469708333333333,10.752147083333334,19.833333333333332,13.275477500000001,9.6472125,8.340909090909092,14.743589833333333
2015,2,9,10.846153846153847,20.14888888888889,11.723823333333334,7.468457916666666,17.09551956521739,27.733999999999998,31.476674583333335,36.00984583333334,21.228918181818184,25.329166666666666,24.37301666666667,9.379363166666666,32.637499999999996,17.52040583333333,21.299649416666668,36.51576554166667,19.103077250000002,11.204875416666667,24.827145194444444,12.664958333333333,28.916666666666668,13.7128625,11.941875000000001,16.609583333333333,32.75759754166667
2015,2,10,34.77777777777778,18.14390243902439,9.736330833333334,6.574160833333333,19.40717,36.390875,23.447864166666665,45.67844791666667,28.03871304347826,36.93333333333333,38.76861666666667,25.631026375,43.92916666666667,37.78930416666667,25.596478666666666,57.786283833333336,31.259941916666666,12.988344166666666,32.468932531914895,15.026995833333332,30.208333333333332,15.775346666666666,17.863885714285715,19.383478260869566,36.02207983333333
2015,2,11,18.875,17.18536585365854,10.66221375,17.469907083333332,23.306300000000004,39.49334782608695,30.90142333333333,55.4587875,39.64369166666667,34.00833333333333,40.79813333333333,19.170192166666666,43.49583333333334,38.91597083333333,23.451758260869564,40.225118583333334,23.706084875,13.105207083333333,25.27283459574468,24.926631666666665,33.291666666666664,13.900485000000002,16.507379166666666,21.525000000000002,43.975546208333334
2015,2,12,30.434782608695652,44.802499999999995,16.78013125,55.16245416666667,39.46200833333334,42.269,45.47982916666666,60.96092291666667,37.99602608695652,51.862500000000004,50.584183333333335,36.709760304347824,53.0625,51.951625,47.168017875000004,37.78296591666667,31.295685791666667,35.17587625,35.429027874999996,37.75957291666666,37.0,42.133300000000006,38.5345125,35.93217391304348,82.74572679166667
2015,2,13,50.375,94.34285714285714,35.35395833333333,97.24855416666666,50.7307125,64.78399999999999,66.225,118.67170625,31.165765217391304,73.42916666666666,74.022225,59.197710625000006,70.875,52.6673875,61.738395625,61.81122320833333,53.568047,56.41435416666667,53.496687604166674,51.711423913043475,42.666666666666664,46.28438260869565,46.747037500000005,42.00958333333333,93.26923112499999
2015,2,14,48.166666666666664,106.92105263157895,55.98260833333333,68.72465416666667,55.343525,100.33054166666666,105.85195833333334,109.03263541666666,60.38222916666666,118.17083333333333,100.48810833333334,74.66323979166667,80.0625,63.7602125,68.14237041666667,83.66436245833334,65.53427808333333,65.17381666666667,61.82711883333334,47.606289583333336,58.291666666666664,62.46973333333333,58.33179166666667,61.660869565217396,117.070275875
2015,2,15,36.833333333333336,83.36571428571429,30.206833333333336,74.88071666666667,96.97090833333334,169.18662500000002,76.84166666666667,112.63570833333334,150.35132608695653,70.03750000000001,78.12234166666667,48.28544887499999,66.5,53.62810416666667,52.712626625000006,86.36383941666666,34.838293875,68.41997500000001,50.775623625,71.16540833333333,67.34782608695652,63.383126086956516,50.28424583333333,60.2225,106.43399854166667
2015,2,16,9.875,18.36,10.569920833333333,58.650862499999995,34.5576125,29.525937499999998,21.713858333333334,27.170927083333336,41.332766666666664,20.943478260869565,22.191491666666668,13.538043166666666,21.204166666666666,20.180675,12.982735833333335,20.255786958333335,9.952663541666666,33.358245833333335,11.526059291666668,44.652674999999995,12.208333333333334,51.48927916666667,17.386665416666666,16.576249999999998,24.82787275
2015,2,17,13.625,39.02666666666667,17.368975416666668,53.948837499999996,32.42122916666667,46.95364583333333,33.045833333333334,37.800789583333334,50.28816666666666,22.84583333333333,24.09365,17.32492720833333,26.1375,45.28477958333334,20.454849125,18.095234458333334,11.771626041666666,46.32077555555556,13.2190879375,50.27342391304347,17.291666666666668,49.599060869565214,16.68094625,17.15695652173913,27.243589833333335
2015,2,18,51.291666666666664,68.60208333333334,20.08518125,82.33524166666666,65.50004583333333,69.9389375,57.91227916666667,92.82604375,57.428326086956524,68.575,46.812733333333334,49.485028666666665,66.93333333333334,40.06752916666667,51.45999187499999,47.71665245833333,41.94336766666667,38.54125416666667,51.667335187499994,59.79747708333333,52.333333333333336,56.20424583333334,45.91524999999999,52.227916666666665,58.39268775
2015,2,19,40.0,30.835714285714282,10.630722916666667,67.12010833333333,62.657579166666665,61.1324375,23.873686666666668,81.25510625,83.16310416666667,54.35833333333333,36.76375,34.612958666666664,50.725,37.716879166666665,39.754166833333336,41.715656958333334,34.611916416666666,28.666643958333335,41.72375578723404,76.79234375,48.833333333333336,47.04153333333333,58.102516666666666,48.93695652173913,52.434602636363635
2015,2,20,64.8695652173913,52.46041666666667,20.2122375,61.26519583333334,70.30133333333333,44.7485,,99.10574791666666,43.91682608695652,92.5125,64.211525,57.78461545833333,82.95416666666667,34.6642875,64.43301733333332,60.59257458333334,60.212423,38.89609791666667,62.56431410416667,69.85422708333333,56.125,46.02869999999999,41.81431666666666,63.20041666666666,77.427588125
2015,2,21,51.75,46.37446808510638,30.43755833333333,34.43121,47.17220833333334,66.23754166666667,,87.73434791666666,77.080825,73.175,52.26038333333333,62.04856891666666,66.81666666666666,36.47835416666667,57.25706983333333,51.88365852173913,49.294676583333334,19.743583541666666,53.975660229166664,50.30014375,40.666666666666664,34.63476956521739,36.695904166666665,46.4725,57.71604958333333
2015,2,22,64.5,31.767441860465116,10.07469,42.41271666666667,78.74587916666667,72.1761875,,74.35584583333333,,75.20833333333333,63.730850000000004,35.294618125,82.92173913043479,62.30914583333333,40.56012558333334,68.25889466666666,64.037009875,18.090643958333334,60.51139570833333,67.83736458333333,64.58333333333333,20.593592083333334,38.8723125,69.52583333333332,91.00189962500001
2015,2,23,50.166666666666664,54.54827586206897,25.279480833333334,32.42933958333334,59.11658333333333,55.603437500000005,,72.799175,,68.47916666666667,100.299125,47.67505054166667,76.24166666666666,72.5323125,59.000077375,65.986673125,62.098901375,22.930747291666666,53.292192229166666,50.92972708333334,49.25,38.37489565217391,59.126133333333335,50.51625000000001,98.842592875
2015,2,24,64.58333333333333,42.80833333333333,17.201974166666666,29.037084583333336,44.9143075,36.056000000000004,,44.90810833333333,,58.375,48.29584166666667,91.92582275,46.895833333333336,44.15424166666667,44.38114779166667,51.96492991666667,52.225668541666664,21.00436145833333,36.3083924375,44.55675208333333,63.291666666666664,23.837416666666666,28.711246250000002,28.84166666666667,75.569800875
2015,2,25,50.416666666666664,105.53829787234044,40.57851375,40.63198875,61.303895833333335,44.81975,74.69852727272728,39.12670416666666,,61.87083333333334,57.20681666666667,34.0433336,62.23333333333333,41.002583333333334,56.300600624999994,55.897621125,68.572501375,33.95553625,44.888705208333334,40.30241489361702,82.33333333333333,29.579558333333335,42.48849583333333,57.95869565217391,87.42283979166666
2015,2,26,32.08695652173913,67.28604651162792,14.920729166666668,52.11459583333333,72.28805416666667,39.9605,80.2799,53.86120625,,42.87916666666666,40.547525,44.23170991666667,47.20416666666667,35.9283,38.91907679166667,40.03576679166667,40.112490666666666,54.157870833333334,36.7400075,48.16669166666667,38.833333333333336,33.954525,17.803725,39.73791666666667,52.83119683333334
2015,2,27,34.833333333333336,55.99722222222223,25.867891666666665,56.44049416666667,54.75552083333333,54.035937499999996,51.9078625,63.226875,55.439854545454544,66.87083333333334,65.37418333333333,54.80948729166667,54.59583333333333,37.99298625,36.70026216666667,57.59207675,40.799566,57.07412291666666,43.02610454166666,69.46861249999999,36.208333333333336,64.09901666666667,28.671704166666668,46.40083333333334,65.90693283333333
2015,2,28,54.291666666666664,42.78333333333333,36.90543541666667,28.642492083333334,50.58396666666667,83.74006250000001,75.68017083333334,82.91719166666667,64.9357875,115.67916666666667,53.79904347826086,66.69856966666667,88.875,42.79257916666666,55.66942791666667,68.40940516666667,50.851517875000006,32.48042208333333,68.36908885416666,35.673989166666665,59.833333333333336,25.4304625,46.74365,58.34739130434782,81.540836
2015,3,1,49.125,29.5625,17.06313666666667,31.033107083333334,60.640449999999994,46.597437500000005,31.435937499999998,49.98325,59.5002375,69.29583333333333,53.07794166666667,41.86342333333334,64.75,34.23864625,45.01717566666667,55.49949670833333,41.39926754166667,19.3178125,50.926683,31.78301666666667,38.291666666666664,29.93144782608696,28.053386250000003,45.40208333333334,62.060779
2015,3,2,21.083333333333332,12.063636363636363,9.348387916666667,9.410287916666666,18.619615,15.329374999999999,24.497370833333335,29.485433333333333,17.259785652173914,23.4875,23.17749166666667,24.607989958333334,25.90416666666667,15.971846666666666,19.590628125,22.57022747826087,20.060216875,10.638878125,19.814542166666666,15.59848875,16.083333333333332,17.670625,12.086877916666666,13.97,20.560303916666665
2015,3,3,15.875,16.386486486486486,8.833588333333333,9.616641249999999,18.464237916666665,25.062456521739133,22.089583333333334,33.995614583333335,18.850372083333333,21.929166666666664,18.543291666666665,13.555606500000001,28.224999999999998,18.004959583333335,18.668145,24.546072260869565,19.869583291666668,12.36012875,22.82162389583333,18.56549083333333,27.90909090909091,14.51870347826087,16.084298333333333,20.31083333333333,31.398385708333333
2015,3,4,16.541666666666668,15.875555555555556,13.719790000000001,7.891798181818182,13.879238333333333,24.485,30.841595833333333,41.146925,18.925855833333333,28.479166666666668,22.750225,18.527282625,31.491666666666664,25.412774583333334,20.022738625,26.183954791666668,21.70046029166667,14.47268425531915,24.792353854166667,15.32781304347826,28.25,13.595880416666667,14.8908325,18.747083333333332,27.475071208333333
2015,3,5,20.333333333333332,29.65416666666667,8.80147125,13.0200775,25.91326666666667,55.026312499999996,29.24318181818182,52.03707708333334,35.7313,54.75416666666666,28.255391666666668,22.045928583333335,51.50416666666667,29.5742625,24.120505625000003,40.21055308333333,38.11083754166666,18.464519375,33.89175297916667,21.64996875,34.125,24.195791304347825,19.97807625,22.967000000000002,57.965337291666664
2015,3,6,16.91304347826087,39.12708333333333,13.383624583333335,13.912827083333333,39.94492708333333,45.354125,38.760416666666664,53.19495833333334,35.621204166666665,64.79583333333333,44.26145833333334,33.36261841666667,44.34583333333333,34.618229166666666,35.92343425,44.784127250000004,34.10753166666667,20.560229347826088,39.00025133333333,30.291187500000003,39.583333333333336,26.66252916666667,29.129607500000002,32.21875,43.58974370833334
2015,3,7,40.541666666666664,23.589583333333334,8.91851125,27.758386666666667,39.352560000000004,76.5936875,28.589675,78.16517916666668,60.11414166666666,52.18333333333334,63.96091666666666,32.26754883333333,51.73333333333333,50.766579166666666,35.831185875,49.119797750000004,50.41464908333333,28.95522708333333,41.692120833333334,37.59246041666667,33.291666666666664,30.638665217391303,39.02708208333333,35.73913043478261,50.997151124999995
2015,3,8,35.125,23.064444444444447,12.04379625,36.93917916666667,32.51755,52.215520833333336,25.974999999999998,92.13982708333333,32.0273125,51.59583333333333,42.692074999999996,32.902868625,45.62083333333334,39.951314583333335,34.743626875,35.75350304166667,37.435676916666665,19.122027291666665,42.11260810416667,32.817935416666664,29.583333333333332,24.8474875,34.06706666666667,34.333333333333336,50.90811979166667
2015,3,9,35.916666666666664,36.8304347826087,18.75144125,35.57003625,43.190987916666664,31.1646875,37.306104166666664,91.32911666666666,28.146741666666667,76.03750000000001,51.04020833333333,26.9262165,64.97083333333333,42.52463791666667,34.82616495833333,54.649841333333335,54.04065945833333,26.863031250000002,33.48765177083333,37.44926875,54.708333333333336,23.633678260869566,24.272554166666666,34.666666666666664,60.99833833333333
2015,3,10,77.79166666666667,56.63478260869565,19.975175,43.853307916666665,123.57544166666666,73.42308333333334,61.96479166666666,98.80257708333333,72.48109130434783,144.97083333333333,113.72104999999999,37.90328370833333,135.20416666666668,86.57077500000001,65.13701758333333,94.64676658333333,87.34594125000001,37.71141458333333,72.6570765,64.08274680851063,106.5,35.40825833333333,44.48887916666666,78.69565217391305,108.03062720833333
2015,3,11,56.291666666666664,19.27659574468085,13.553426666666667,12.859471249999999,27.651392083333334,62.910125,29.11745833333333,90.19798958333332,35.93271,80.44166666666666,103.48719166666666,17.815198625,81.72916666666667,89.16170833333332,23.795209,54.60128958333333,58.460976499999994,15.00755159090909,50.248279520833336,23.792377083333335,42.041666666666664,20.9869875,27.902844583333334,32.875,53.65028516666666
2015,3,12,13.304347826086957,13.490909090909092,6.714419583333334,17.3119875,32.5600625,22.835562499999998,30.768749999999997,21.395497916666667,24.763316666666668,18.5125,21.25068333333333,15.663943958333334,21.695833333333336,26.772329166666665,14.657771083333335,19.289607208333333,18.316713583333335,10.669000769230768,14.909019166666667,24.323547916666666,16.458333333333332,20.496925,13.765772499999999,15.041666666666666,21.373456833333336
2015,3,13,15.476190476190476,18.204444444444444,13.958860416666667,23.029041666666668,25.019133333333333,18.307624999999998,38.55652173913043,22.787654166666666,22.138904347826088,20.016666666666666,24.368908333333334,16.39896931818182,22.03333333333333,25.922341666666668,15.531702458333333,21.547263375,25.302641458333337,15.14665159090909,17.313529708333334,27.483560416666666,14.416666666666666,24.32551739130435,8.08712,13.545454545454545,27.101139708333335
2015,3,14,16.041666666666668,21.81458333333333,18.325641666666666,38.93057826086956,27.838620833333334,28.720812499999997,38.57694166666666,27.082958333333334,29.353470833333333,24.354166666666668,18.559725,17.772327833333332,24.587500000000002,28.44928333333333,18.430241375,20.71702841666667,11.584963791666667,27.53815416666667,16.906602833333334,26.52009375,13.416666666666666,34.948725,10.927923913043479,14.826086956521738,31.511158708333337
2015,3,15,22.625,20.412499999999998,17.30832416666667,36.05867083333333,27.579940833333335,31.7560625,27.107142857142858,39.50936458333333,39.44660833333334,26.03333333333333,23.469183333333334,21.66649083333333,25.008333333333336,36.01781666666667,20.382021375,30.927459875,16.751929291666666,20.623708333333333,21.00790029166667,30.474743958333335,16.166666666666668,31.201666666666668,17.748485833333334,18.541666666666668,39.04914541666667
2015,3,16,21.833333333333332,25.370833333333334,24.69604166666667,27.362416666666665,32.952395,29.4974375,33.26229166666666,40.818845833333334,40.11915833333333,35.762499999999996,25.839691666666667,25.657932375,24.891666666666666,39.744033333333334,25.615899333333335,28.461031458333334,20.679776083333334,30.13129722222222,23.649431125000003,33.0833625,15.833333333333334,37.41314166666667,19.323002916666667,24.166666666666668,38.835470208333334
2015,3,17,24.652173913043477,26.66551724137931,21.69620769230769,21.246371666666665,31.38559583333333,33.47675,28.850033333333332,44.13969791666667,38.42028260869565,38.300000000000004,36.677475,23.548502625,26.679166666666664,43.29035,21.22682179166667,29.645693833333336,22.59802691666667,27.39910344827586,20.288285791666667,29.969062499999996,16.875,30.769508333333334,20.45011375,22.652173913043477,34.56196595833333
2015,3,18,38.666666666666664,46.75833333333333,47.19116363636363,36.94533333333333,38.741937826086954,30.3381875,37.550000000000004,43.34162765957446,37.33379166666666,83.2625,59.58965,38.964943291666664,39.40416666666667,56.85319166666667,38.23449708333333,47.357369541666664,45.724267958333336,28.656275,36.62848885416667,31.091970833333335,40.333333333333336,30.250154166666665,21.048033333333333,32.583333333333336,76.139601375
2015,3,19,46.125,84.425,50.658745833333334,56.5813375,76.82515833333333,49.02704166666667,,54.61271666666667,47.57026666666667,109.65416666666665,59.31028333333333,59.47260054166667,64.33333333333333,67.1273375,52.3436335,92.85035225,69.6448155,49.26951666666667,45.599599500000004,54.95433541666667,81.79166666666667,43.74480416666666,34.56920869565217,44.458333333333336,112.89886085
2015,3,20,55.041666666666664,84.49166666666666,31.299279166666665,63.6539875,95.99635833333333,63.25208333333333,,84.60885531914893,77.72476666666667,132.37916666666666,65.912375,55.14821204166666,70.43333333333334,61.12690416666666,75.35230433333334,83.955673,66.86871341666667,61.57142083333333,62.08099133333334,67.98270208333334,72.66666666666667,51.36552916666667,36.574891666666666,51.791666666666664,88.30721779166667
2015,3,21,46.958333333333336,40.52916666666667,9.348670416666666,59.616125000000004,66.25720833333334,47.10333333333333,,90.67316170212766,47.17711666666667,85.17083333333333,86.35955,34.443561208333335,,44.87958750000001,54.0672205,57.912518222222225,57.098740375000006,39.28137958333333,56.781776416666666,66.3346375,60.708333333333336,51.8287875,43.200625,56.47826086956522,78.098291
2015,3,22,10.166666666666666,12.355555555555556,5.755408333333333,24.36088458333333,17.253519166666667,30.277625,,47.36657916666667,34.16184166666667,83.03529411764706,27.142033333333334,10.658407291666666,,28.429037499999996,14.361605458333335,,32.43551591666667,10.656374782608696,8.767751583333334,17.439019583333334,32.44444444444444,11.738720416666666,20.015489473684212,9.619047619047619,48.16001920833333
2015,3,23,21.416666666666668,28.0125,14.045115416666667,44.41820833333333,42.33142,56.76477083333333,,53.39447714285715,51.49366666666666,63.94166666666666,56.775441666666666,23.42391325,34.19166666666667,45.11407083333333,43.298443875000004,22.263887066666666,37.133840375,24.034071875,23.7578813125,39.16306458333333,24.958333333333332,37.83405,17.715564583333332,24.434782608695652,57.257043555555555
2015,3,24,50.625,69.40416666666667,22.4980125,49.62193333333334,,70.07791666666667,,74.6875864864865,57.244795833333335,55.46666666666667,51.90706666666667,51.78111658333333,55.79583333333333,49.167525000000005,58.2232495,49.13921854166667,46.792610375,49.98832916666667,47.28828297916667,63.178527083333336,42.916666666666664,42.50985416666666,44.75160833333334,45.958333333333336,63.520892874999994
2015,3,25,65.65217391304348,43.19583333333333,16.428277916666666,39.87542083333333,,51.3996875,,58.08800625,63.37636666666666,75.32916666666667,53.96123333333333,62.89491304166666,69.73333333333333,57.1382375,57.868821749999995,47.833176583333334,54.72773483333333,55.23236458333333,61.353283125,65.27587083333334,41.083333333333336,55.388216666666665,32.67449583333333,48.916666666666664,71.462488375
2015,3,26,46.875,51.50416666666666,45.418462500000004,30.357704166666668,,42.62527083333333,80.98757272727272,33.86262083333333,40.31059916666667,61.28333333333333,51.488763636363636,50.40866845833333,51.90833333333333,52.6867375,49.085811541666665,41.536015666666664,37.20929954166667,47.52010416666667,43.23730117021277,44.82639583333333,33.583333333333336,46.56572916666667,27.0405755,37.130434782608695,69.94895566666666
2015,3,27,33.391304347826086,29.116666666666664,18.16840708333333,22.346979130434782,,37.103375,48.17675416666666,41.503349375,41.44402916666667,52.84166666666667,51.290816666666665,40.486677125,54.6625,55.61106363636363,37.05954508333333,46.92378130434782,30.330603208333333,22.957365217391306,42.49459875,38.14363125,38.291666666666664,33.839385,28.738859166666668,41.083333333333336,50.777540458333334
2015,3,28,9.75,30.479166666666668,11.449805416666665,24.93352833333333,,26.130875,48.36590416666667,32.0942125,24.187734782608697,39.30416666666667,15.034775000000002,19.125017833333334,40.416666666666664,,33.898826666666665,40.856291291666665,20.254821958333334,23.852998958333334,27.400791916666666,27.503023958333333,36.875,,20.79251208333333,30.136363636363637,54.51092129166667
2015,3,29,11.695652173913043,22.017391304347825,15.7452475,18.9288425,,28.4928125,36.38846375,33.131970833333334,32.23994166666667,49.23913043478261,22.97582608695652,28.112491375,38.31363636363636,,36.011038434782606,32.96114460869565,20.425598,14.56098625,33.418948799999995,28.348466875,26.82608695652174,,26.96721666666667,26.82608695652174,39.7869442173913
2015,3,30,10.782608695652174,5.052941176470589,4.240729166666667,3.239937916666667,,6.2699375,12.311210869565217,10.244250208333334,8.6156575,15.245833333333332,15.90985,8.877182416666667,16.754166666666666,10.71592375,7.428416583333333,9.754045083333333,10.492792125,6.067292083333334,12.206001347826087,7.877092291666667,11.166666666666666,14.525644999999999,9.115784583333333,6.7272727272727275,12.126068375000001
2015,3,31,9.083333333333334,6.189473684210526,6.986978333333333,4.47082,,8.859875,15.89439125,13.328779791666667,9.261958333333334,12.304166666666667,13.103858333333333,11.305392666666668,14.762500000000001,5.7552329166666665,9.69092775,9.059755083333334,9.781887583333333,7.279061250000001,8.887067872340426,9.891589166666668,10.65,9.336765652173913,7.516485416666666,8.045454545454545,11.301044583333335
2015,4,1,7.041666666666667,8.004545454545454,7.719245625,4.609343333333333,,9.0212875,15.960904782608697,11.803631666666668,7.893555,8.841666666666667,10.145858333333333,7.587111750000001,11.5875,5.977942083333333,4.95713275,7.841106375,6.318710208333333,6.950846041666666,5.426949479166667,8.842474583333333,8.045454545454545,8.647434583333334,6.647587916666667,4.666666666666667,6.1312915
2015,4,2,14.958333333333334,11.179166666666667,10.645421538461537,4.564299130434783,,13.9124875,16.28727625,16.233667083333334,9.569571304347827,15.979166666666666,15.868766666666666,9.1277425,22.8125,10.702127083333332,10.919286791666666,18.512779333333334,15.584298333333335,7.816342708333333,15.866197291666666,11.361221063829788,17.708333333333332,11.910926250000001,9.86286625,10.565217391304348,18.186134916666667
2015,4,3,12.041666666666666,14.3375,8.148499583333333,10.21217,,21.516775,17.73431916666667,21.68836041666667,14.129815833333334,21.099999999999998,21.235321739130434,8.697786208333333,21.258333333333333,14.329559166666668,10.27354875,18.575896708333335,11.700138375,9.776824166666666,13.949883854166666,12.467536458333333,15.916666666666666,13.807545,10.137785,12.26086956521739,19.028964791666667
2015,4,4,7.291666666666667,13.170833333333334,8.648278750000001,13.797279545454545,,30.326879166666668,26.154815,33.495097916666666,19.860243333333333,23.152173913043477,18.3502,8.167032916666667,27.017391304347825,26.015135,15.274378166666667,18.653579375,12.335583875,10.54529125,16.683789125,11.554522916666668,17.0,14.834831304347826,14.244649545454546,14.375,22.1272555
2015,4,5,10.333333333333334,11.782608695652174,6.083170833333333,13.704975833333334,,31.218504166666666,17.334655,39.309395208333335,23.868604166666668,15.429166666666667,20.289333333333335,5.551672166666666,18.808333333333334,24.852725000000003,9.874157869565217,20.563985,7.8278929999999995,9.57786125,10.497407833333334,15.810616666666668,16.666666666666668,13.428654166666666,14.04284,11.73913043478261,18.90251460869565
2015,4,6,13.041666666666666,23.383333333333336,9.685540833333333,19.33975125,,31.384091666666666,31.15416666666667,24.257655833333335,20.392078260869567,16.558333333333334,18.066725,9.657617208333333,22.208333333333332,18.25888,10.627976458333334,18.87206225,19.563775166666666,9.479426041666667,12.775300645833333,18.88075,20.166666666666668,16.516098260869565,15.839154166666667,12.708333333333334,21.590486956521737
2015,4,7,17.458333333333332,22.304166666666664,8.927167083333334,19.39221291666667,16.330746470588235,32.343650000000004,19.9268375,23.728748541666665,23.309075217391307,24.216666666666665,20.116783333333334,15.331492041666666,27.743478260869566,17.492566666666665,17.9592895,21.857994458333334,16.958449041666665,16.270445,21.194125500000002,22.525000000000002,16.958333333333332,19.578158333333334,18.34759,16.958333333333332,26.371082583333333
2015,4,8,8.458333333333334,15.7875,10.440381666666667,16.880607857142856,19.54416625,25.983391666666666,35.81613,24.38287916666667,18.877595833333334,13.475,16.419283333333333,10.95941675,19.921739130434784,17.643427916666667,15.488005958333334,19.580917708333335,9.710399833333334,15.249428125,15.756689,19.50945833333333,14.833333333333334,22.279341666666667,14.944789583333334,15.130434782608695,21.723646708333334
2015,4,9,9.541666666666666,32.21363636363637,12.893424583333333,,29.57379,24.8667375,47.612500000000004,26.724867083333333,19.82029,30.462500000000002,19.278683333333333,14.841820083333333,23.78333333333333,13.607614583333332,14.798571083333334,25.635319958333337,10.663567916666667,23.864715833333335,15.72482214893617,25.48193894736842,12.391304347826088,20.052341666666667,12.0013335,10.083333333333334,25.243352416666667
2015,4,10,24.047619047619047,45.49565217391305,25.352549999999997,21.033179999999998,51.244949999999996,40.43620833333333,38.53742916666666,52.83374166666667,33.75593333333333,52.50416666666666,40.933708333333335,35.45273483333333,44.73333333333334,17.157441304347827,38.14224875,45.72117579166667,30.83101625,35.944673913043474,34.22791133333333,43.106787499999996,40.5,29.462136363636365,26.545995833333333,33.0,28.42770675
2015,4,11,34.375,46.59166666666667,33.66612083333333,24.59029375,48.70955833333333,40.38950416666667,50.456250000000004,62.898439583333335,37.5364875,65.03750000000001,47.18248333333333,40.84470016666666,47.99583333333334,20.8524425,36.95758633333333,45.34247224999999,34.615888041666665,26.784622291666665,43.359218125000005,33.93619541666667,29.541666666666668,22.156702916666664,25.96155,37.958333333333336,41.576861173913045
2015,4,12,17.434782608695652,7.960869565217391,8.638732083333332,6.910682916666667,15.992293043478261,22.790525000000002,17.373809523809523,32.527076666666666,15.293978260869565,28.0625,24.471616666666666,16.482058791666667,24.808333333333334,17.966358333333332,11.089217916666668,22.328946416666668,14.273692166666669,8.015532708333334,16.38181691666667,10.471005833333333,14.777777777777779,10.117164782608697,10.68614375,12.208333333333334,20.079534749999997
2015,4,13,10.428571428571429,9.629166666666666,8.019459166666666,6.754247500000001,13.599359565217389,16.014174999999998,11.783320833333333,24.923053333333332,19.336274285714286,16.974999999999998,15.745516666666667,10.672726333333335,16.720833333333335,8.908207916666667,12.186487416666667,14.109136375,10.548393541666666,8.087475625,13.193865333333333,18.25781041666667,7.782608695652174,9.62120125,11.570644166666668,12.652173913043478,22.06790129166667
2015,4,14,7.380952380952381,7.516666666666667,8.214897083333334,9.723100416666666,11.91563,18.17955,13.702380952380953,19.051445416666667,15.011745416666665,11.208333333333334,15.289491666666668,8.306481208333333,16.9375,9.02018875,8.918955041666667,12.079673583333333,7.510170250000001,12.412026041666666,11.3092805625,13.65259847826087,8.416666666666666,15.087532608695652,14.518621999999999,11.0,11.781813875
2015,4,15,13.625,12.695833333333333,8.357350416666668,13.55109875,20.20009565217391,20.705820833333334,23.0397,29.95579791666667,17.266792916666667,24.375,21.669733333333337,16.401271125,29.22083333333333,12.871176666666665,19.483814291666665,18.969165791666665,18.686066166666667,13.211985208333333,25.17316483333333,16.306198541666667,13.791666666666666,15.455983333333334,13.531377916666665,12.772727272727273,25.659606217391303
2015,4,16,8.083333333333334,8.968181818181819,6.0528354166666665,12.556476666666667,20.628726363636364,18.998995833333336,11.356274999999998,27.844195833333334,23.5029375,18.133333333333333,17.988666666666667,8.593105541666667,17.079166666666666,13.671587500000001,8.21981,19.318738208333333,9.209986791666667,7.395125416666667,12.090516979166667,13.508124791666667,12.8,14.548338260869565,12.770887083333333,8.136363636363637,13.117284
2015,4,17,10.130434782608695,9.976190476190476,6.331958333333334,10.285121739130433,18.544869523809524,18.89421666666667,15.552083333333334,32.84770416666667,17.221879130434782,14.269565217391303,17.273816666666665,6.876436708333333,19.604166666666668,20.250825000000003,8.47713425,16.803758,11.013063041666667,9.393405625,12.672074833333333,13.276270625,11.565217391304348,13.721857916666666,14.90843590909091,11.454545454545455,14.518043749999999
2015,4,18,10.541666666666666,10.5875,6.2132724999999995,9.995469166666666,13.80557625,14.948470833333333,17.870833333333334,16.677713541666666,11.892293333333333,13.891304347826088,12.569775,7.446522208333334,18.166666666666668,13.269659583333334,9.501575916666667,15.177274625,8.781061083333332,9.151235106382979,10.699402812499999,12.910037916666667,11.458333333333334,11.676177826086958,9.774470833333334,8.958333333333334,15.265907
2015,4,19,10.75,9.424999999999999,5.980171666666667,13.581464166666668,18.172776666666667,22.029729166666666,11.324976666666666,26.251577083333334,17.257257083333332,16.477272727272727,18.539183333333334,9.85049075,21.691666666666666,16.99648125,11.414514625,19.949910916666667,8.522911333333333,10.923470208333333,14.110366854166665,14.096692916666667,19.541666666666668,13.475670416666667,12.175784347826088,14.541666666666666,20.281339083333332
2015,4,20,5.9523809523809526,9.120833333333334,6.096145416666666,7.63243,13.797771739130434,14.872431818181816,13.637500000000001,22.611806875,24.32713913043478,8.258333333333333,11.86725,5.944979208333333,12.487499999999999,8.593213333333333,6.74869225,8.384885916666667,5.79049625,9.794838333333333,7.334615958333333,9.755738958333334,6.695652173913044,11.695582608695652,12.704912173913044,8.590909090909092,10.81434
2015,4,21,10.583333333333334,9.4625,7.402207916666666,6.938687916666667,17.428012173913043,13.840308333333333,15.137604166666668,12.628640833333334,34.257625,23.95,15.289491666666665,8.68946075,19.287499999999998,11.836219583333333,8.375175583333332,17.13390975,27.22883525,11.533070416666668,12.282044229166667,11.74313125,6.041666666666667,11.11773375,8.764803043478262,8.083333333333334,13.336894583333333
2015,4,22,21.416666666666668,15.76086956521739,9.635275,19.133120416666667,23.5157325,22.76929583333333,18.924898636363636,29.597872916666663,19.615233333333332,29.05652173913043,23.949858333333335,7.46092625,26.608333333333334,12.156739166666666,13.842101708333333,32.233501875,16.275345208333334,17.41183979166667,23.243252041666665,20.639619791666664,26.217391304347824,18.05672875,12.234960416666667,16.956521739130434,28.620607875
2015,4,23,14.916666666666666,12.916666666666666,12.005690416666667,16.864498333333334,27.636868333333336,44.936791666666664,12.11875,47.68702916666666,25.499283333333334,26.152173913043477,23.304850000000002,11.75448675,27.1125,16.838332083333334,14.231149086956522,22.013360000000002,14.817792375000002,12.817151458333333,22.89771441666667,24.769795833333333,23.416666666666668,15.627043478260871,17.258165,25.291666666666668,21.082621166666666
2015,4,24,13.173913043478262,13.486363636363636,9.316210416666665,20.572492916666665,34.4665,36.5852375,17.78125,41.546967631578944,29.709391666666665,24.5625,23.015772727272726,13.216546750000001,19.675,23.682164375,16.21142675,26.7374445,18.678123166666666,19.4241125,17.563524276595743,27.883152083333332,25.625,20.236854166666667,18.96914375,22.583333333333332,28.774928875
2015,4,25,21.666666666666668,27.366666666666667,17.925988333333333,13.544270416666668,34.19247666666667,18.177175000000002,34.89165416666667,36.70520583333333,22.95788043478261,36.61666666666667,28.082841666666667,20.733364249999997,32.208333333333336,17.597507083333333,27.324920583333334,24.819650666666664,24.365359333333334,21.837197708333335,26.264933479166668,23.51629979166667,22.041666666666668,19.937452173913044,17.99807875,32.76923076923077,31.754510999999997
2015,4,26,19.166666666666668,16.047826086956523,12.220180416666667,8.489182083333333,18.313108333333336,18.090387500000002,29.204166666666666,35.61389583333334,14.602256666666667,26.004166666666666,21.427341666666667,26.750490041666666,23.170833333333334,13.361703749999998,16.347371625,16.395923416666665,12.982943791666665,19.602011702127662,20.141596583333335,10.859026041666667,12.458333333333334,16.167524166666666,11.655105833333332,,26.311728416666668
2015,4,27,15.347826086956522,16.091666666666665,12.45229125,9.086597916666667,25.3190875,21.0964375,20.452083333333334,27.649698529411765,22.575008333333333,23.247826086956525,14.829358333333333,19.862521125,20.779166666666665,12.317381666666668,16.862020083333334,17.444641083333334,12.530188875,19.124410208333334,17.138301770833333,16.218424468085107,10.833333333333334,13.921698260869563,12.988122173913043,13.272727272727273,17.913105458333334
2015,4,28,13.875,9.745833333333334,4.783217083333334,6.526835416666667,21.545651666666668,16.585779166666665,13.029016666666665,22.084695208333333,19.757120833333335,19.970833333333335,16.826008333333334,12.064720375,21.416666666666668,16.80128875,18.561331125,14.531536416666667,12.696993291666667,10.808895208333333,17.727088854166666,11.531039574468084,13.208333333333334,11.173845,10.403336086956521,15.416666666666666,20.560303916666665
2015,4,29,7.333333333333333,16.977272727272727,7.2179166666666665,8.00111375,20.53726652173913,21.24504166666667,14.6625,20.92996625,20.174496666666666,20.866666666666667,14.459608333333334,9.350619916666666,22.795833333333334,9.96121,14.35675025,17.362103041666668,10.862144791666667,8.934003958333333,12.491933229166667,14.963320000000001,16.565217391304348,13.554302173913042,12.09841043478261,16.17391304347826,25.421415166666666
2015,4,30,11.75,26.905,12.078245,15.075161666666666,35.775383749999996,25.07902916666667,29.472916666666666,30.95075,30.88650416666667,32.59583333333333,19.406041666666667,12.96877725,27.791666666666668,13.544924166666666,19.022572625,17.056227083333333,14.102743478260868,14.217788541666666,14.596593125,26.917488541666668,19.291666666666668,19.989433333333334,14.546071249999999,19.875,21.254748458333335
2015,5,1,13.833333333333334,21.176190476190477,10.753679166666666,12.032280833333333,33.19986375,25.44841666666667,24.10625,39.73047916666667,29.72078181818182,23.9375,21.162608333333335,15.114760333333335,25.84583333333333,13.520271818181818,23.88260216666667,21.139428708333334,17.10315091304348,12.743779375,21.551257625,23.406591458333335,18.708333333333332,15.148352916666667,19.29669739130435,17.875,26.359211916666666
2015,5,2,10.791666666666666,19.04090909090909,5.522012916666667,16.284595416666665,24.444658695652176,22.46784166666667,12.875,31.077575,,30.087500000000002,18.346091666666666,9.817179375,30.224999999999998,,15.114157416666666,24.047678041666668,17.23162152173913,13.06264239130435,21.340358479166667,23.289703958333334,19.333333333333332,15.668324166666666,16.567995,14.869565217391305,26.181149125
2015,5,3,11.173913043478262,24.96315789473684,8.792261666666667,14.1439425,32.00558217391304,23.979358333333334,23.5,26.72081111111111,,41.55833333333333,23.18981666666667,12.542259458333334,32.87916666666667,,15.837578375,17.823344666666667,17.248198260869565,12.059937708333335,20.74199660416667,23.510513125,14.458333333333334,15.465933333333332,11.227254583333334,15.166666666666666,22.821699958333337
2015,5,4,12.666666666666666,22.821052631578947,15.335541666666666,7.309069166666667,21.900392173913044,19.4405625,26.782608695652176,26.350398333333334,11.328629166666667,22.604347826086954,24.360691666666668,20.965211291666666,26.650000000000002,13.419654705882353,23.26430617391304,26.39272729166667,15.590514652173914,11.160670625,22.1330923125,14.348453829787235,14.75,14.468924166666667,12.73902125,13.956521739130435,38.14696120833333
2015,5,5,15.875,20.013636363636365,17.4491325,9.151586666666667,28.467045833333334,17.915939130434783,20.75,26.757938333333332,19.647169166666668,30.554166666666664,21.299983333333333,24.02910304166667,24.054166666666664,10.6791075,20.828697458333334,19.61975908333333,20.88681391304348,13.571356041666666,23.02309902083333,19.929683404255318,11.375,18.02358260869565,13.185569583333333,15.291666666666666,21.343779708333333
2015,5,6,14.304347826086957,10.870833333333332,8.275566666666666,7.540074583333333,20.927095833333333,15.464642857142858,10.181818181818182,20.834863125000002,13.602654166666667,16.704166666666666,14.323566666666666,12.568837625,18.520833333333332,13.900851666666668,14.7305985,16.896006333333332,12.055504260869565,7.270429166666666,19.535748520833334,14.576655416666666,11.75,12.660746666666666,12.882977083333332,13.458333333333334,20.245726541666667
2015,5,7,9.916666666666666,12.320689655172414,8.4087175,5.44740625,19.281055454545456,15.071599999999998,11.162282916666667,20.73361458333333,11.693615,17.829166666666666,14.750891666666666,14.78515975,18.083333333333332,12.129762916666666,11.567673363636363,13.162166260869565,9.084106434782608,7.353314791666667,17.107180125,13.160351875000002,7.0,10.749293913043477,12.033288181818182,11.130434782608695,17.27801525
2015,5,8,8.875,11.283333333333333,6.18692125,7.852682083333334,16.045862083333333,16.209483333333335,9.945175416666666,23.773734375,18.408633333333334,13.583333333333334,14.949725,9.911672375,14.216666666666667,9.55307375,10.419203916666666,12.977880708333332,12.345598956521739,10.98785,10.966204249999999,14.93997,7.125,12.030344583333333,10.297095416666666,11.833333333333334,18.108974375
2015,5,9,11.0,16.765384615384615,11.31309125,12.24704125,24.309990833333334,25.29556666666667,13.478260869565217,29.8219052631579,26.8005125,29.712500000000002,21.7026,13.459054958333333,21.033333333333335,12.298549166666668,11.152335333333333,18.711841500000002,11.578920304347825,11.461809791666667,13.954603208333333,18.855023958333334,11.875,13.729217391304347,11.087825416666666,11.909090909090908,19.628442583333335
2015,5,10,12.541666666666666,10.870833333333332,7.398586666666667,4.6952175,13.562089583333332,10.6007375,11.333333333333334,24.281436666666664,10.545779583333333,21.017391304347825,18.62135,12.973712958333332,19.383333333333333,14.019377916666668,13.910074208333334,12.604032375000001,13.870667869565215,7.184852083333333,16.886114187500002,9.06105,9.041666666666666,12.086116249999998,8.298495416666666,12.583333333333334,17.432336333333335
2015,5,11,8.041666666666666,9.788095238095238,7.830635,5.126457083333333,11.781045833333332,13.619525000000001,8.5,19.260183235294118,11.910395652173912,14.026086956521738,10.959308333333333,8.008615166666667,13.579166666666666,13.621405833333334,8.681051541666667,15.30350925,9.846640826086956,8.718872291666667,11.895392666666666,11.310964791666668,4.454545454545454,12.204022608695652,8.54652875,7.086956521739131,12.713675291666666
2015,5,12,10.708333333333334,11.982222222222223,10.324464166666667,5.354781249999999,15.944505833333332,17.793179166666665,12.652173913043478,28.499957499999997,17.477972916666666,20.108333333333334,20.59335,14.722960521739129,18.67391304347826,10.598670416666666,14.065439875000001,13.890653541666666,15.669254652173914,9.560311666666667,15.685065354166667,12.676519166666667,7.708333333333333,13.66653625,10.158155217391304,12.565217391304348,14.245014208333332
2015,5,13,6.875,10.51578947368421,4.627289583333334,6.186649166666666,12.999407083333333,13.292595833333332,10.708333333333334,27.61763375,11.80666043478261,10.883333333333333,14.061100000000001,7.479411333333334,13.991666666666667,12.540150833333334,6.860361291666667,11.579590583333333,7.510170250000001,6.698795416666667,8.7972859375,12.098220833333334,6.416666666666667,11.009468260869566,8.753240416666666,8.125,9.312678083333333
2015,5,14,8.125,10.678947368421053,6.3345725,9.16474125,17.7785475,22.25979583333333,8.791666666666666,29.125854166666667,21.470419583333335,12.633333333333333,15.519558333333334,7.284703416666667,16.6875,15.641240416666667,9.122872333333333,11.676694,14.523898791666667,6.967175833333333,11.994593395833334,14.543901458333332,8.5,14.182120416666669,7.899367083333334,9.652173913043478,11.740265916666667
2015,5,15,6.666666666666667,11.647368421052633,5.61894125,7.573316666666667,13.33695375,21.639904166666668,10.291666666666666,33.45823875,12.00442875,9.608333333333333,13.034016666666666,8.220900416666668,14.633333333333333,16.924166666666668,8.943230916666666,9.860858958333333,11.667644000000001,11.536396086956522,10.451565375,14.288892500000001,9.916666666666666,14.10795875,11.232127499999999,7.869565217391305,14.589268875
2015,5,16,8.565217391304348,13.48048780487805,7.829547083333334,9.119896666666667,21.70011875,23.389187500000002,15.208333333333334,25.84667875,18.33371608695652,15.645833333333334,15.651024999999999,8.104140625,18.504166666666666,17.843172916666667,9.118017291666666,15.614240333333333,13.6064745,12.743104791666667,11.614282729166666,14.733062916666666,10.25,13.704001666666668,11.260144782608696,10.583333333333334,14.280626875000001
2015,5,17,10.545454545454545,6.797297297297297,5.60097125,6.564175,13.726723333333334,12.235383333333333,8.125,16.09874375,11.768262083333333,12.4125,16.400491666666667,8.039335458333333,14.604166666666666,14.0741925,7.962485666666667,11.676694083333333,13.45158475,7.179987083333334,10.333074833333333,11.606551666666666,6.291666666666667,11.83191,9.558115263157895,8.291666666666666,11.580009541666668
2015,5,18,7.0,9.566666666666666,5.433052083333333,9.20839111111111,16.773205652173914,16.196745833333335,9.291666666666666,19.585135106382978,15.636673043478261,17.729166666666668,15.507233333333332,7.197576541666667,20.099999999999998,11.89683125,12.589466958333333,11.929163083333334,20.238935875,8.535150833333333,17.26264895744681,15.161763333333333,9.208333333333334,16.124850000000002,10.741446250000001,12.0,26.36514729166667
2015,5,19,22.6,16.974999999999998,11.428868333333334,,18.667404583333333,21.14314166666667,13.416666666666666,21.82710833333333,16.95757875,21.979166666666668,17.44225833333333,13.816732833333333,23.525000000000002,17.70351666666667,13.594487875,13.774129291666666,20.21907825,11.894523958333332,20.214812604166667,16.59067895833333,12.791666666666666,14.167830434782609,13.218436250000002,13.416666666666666,16.915954458333335
2015,5,20,15.833333333333334,16.31764705882353,6.8011925,,19.692061304347828,22.701362500000002,17.5,23.02557708333333,21.2449575,31.25,17.179860869565218,13.114342375,22.166666666666668,17.538372499999998,14.45385375,18.096712,16.815473833333332,12.582706041666667,21.142068312499998,15.438610625,11.333333333333334,17.481012500000002,16.741983913043477,18.0,20.7383665
2015,5,21,7.2,11.315625,8.780400416666668,8.157869230769231,24.19334166666667,15.258416666666667,13.083333333333334,15.866801041666667,17.687654166666665,,11.900116666666667,6.3884796249999996,12.987499999999999,15.796945833333334,9.593824333333334,13.42455675,12.105234750000001,9.08631125,10.2710208125,18.692195416666667,8.25,14.913652173913045,11.299454782608695,11.5,14.713912708333334
2015,5,22,8.375,12.76206896551724,8.518519166666666,11.297669583333333,24.754791666666666,16.33427391304348,18.708333333333332,13.563521875,18.354956666666666,28.193044384615384,10.113133333333332,12.097858541666668,17.454166666666666,6.978958333333334,11.599011249999998,11.064942166666667,13.300666541666667,10.197130208333332,12.612074625,18.50151,9.083333333333334,12.102900416666666,9.331359,12.136363636363637,16.346153791666666
2015,5,23,16.625,19.125925925925927,8.323232500000001,12.47287375,22.021164166666665,12.524099999999999,20.875,16.756582916666666,15.009512916666667,30.232447833333335,12.783408333333334,16.028056166666666,33.775,20.634609166666667,17.68254466666667,16.235702749999998,21.962581583333332,15.650628958333334,20.509118604166666,16.730565416666668,12.833333333333334,15.487826086956522,11.0472395,13.208333333333334,26.786562291666666
2015,5,24,14.208333333333334,9.377777777777778,5.81066375,15.75561375,25.728752083333333,15.547133333333333,11.478260869565217,15.638625,13.675493333333334,23.138477166666664,11.776866666666669,6.589705333333334,25.2375,24.65980833333333,17.221302958333336,17.464061833333332,26.164464249999998,10.085124166666667,24.77183608333333,22.942621875,13.0,11.020018333333333,7.813577391304348,18.043478260869566,31.60019008333333
2015,5,25,9.772727272727273,17.428260869565218,11.15617875,9.543063333333334,29.898691666666668,20.565708333333333,12.416666666666666,21.678834166666665,15.583229166666667,17.573673166666666,12.541016666666666,10.606807458333334,20.829166666666666,27.503141666666664,21.726904833333332,22.086187624999997,23.74580016666667,12.047736666666665,20.887953229166666,25.720746976744184,10.458333333333334,18.819104166666666,10.547411666666667,16.541666666666668,22.762345749999998
2015,5,26,9.458333333333334,12.244444444444444,6.858151666666667,10.77696875,16.616479583333334,24.85824583333333,9.125,25.116070833333335,20.48494833333333,13.288035833333334,13.707783333333333,10.661250666666666,18.037499999999998,26.048758333333335,15.240391875,20.22180075,14.603329541666668,5.838380833333333,20.696829520833333,14.977387021276595,12.521739130434783,11.991088750000001,17.251741666666664,16.25,17.562915458333332
2015,5,27,3.0,8.148936170212766,7.132745416666666,5.036430416666667,11.395707916666666,10.324758333333333,5.833333333333333,14.733151874999999,10.371634583333334,7.169065166666667,7.8870272727272726,5.6282945,11.625,6.600138333333334,5.646567666666667,9.181134458333334,5.770638416666666,7.615315416666667,7.722384145833334,10.092051041666666,3.111111111111111,10.699815217391304,10.096456250000001,5.695652173913044,7.502374083333333
2015,5,28,5.9,9.402222222222223,7.893946666666667,6.158971666666667,12.090912272727273,17.29641666666667,7.958333333333333,21.8189125,11.210183749999999,8.99176125,,6.51233775,13.683333333333332,10.834785000000002,6.413685166666667,10.914431791666667,7.355280541666667,8.898790416666666,10.649938166666667,12.746784374999999,3.9166666666666665,12.259623750000001,8.045723157894736,6.166666666666667,10.054605916666667
2015,5,29,14.454545454545455,10.786666666666665,6.99104375,7.350287083333334,17.97451583333333,22.811754166666663,9.791666666666666,26.258658333333333,16.315904347826088,18.27695725,,12.581650000000002,22.2,16.211392083333333,15.827868166666667,18.33313791666667,17.93613704347826,8.515390833333333,21.92167847916667,17.681285312500002,12.458333333333334,15.673214583333333,13.533742916666668,14.833333333333334,27.154558416666664
2015,5,30,13.333333333333334,10.452631578947368,10.609555416666668,3.42971625,13.119575833333334,15.585345833333333,14.5,23.324884375,10.506142500000001,18.728819958333332,,15.620655874999999,20.458333333333332,12.185366250000001,13.992612083333334,14.900529791666665,17.387374708333333,7.531088936170213,16.962189958333333,12.177428749999999,7.25,10.0501725,13.019558499999999,12.833333333333334,15.645774000000001
2015,5,31,6.833333333333333,7.87027027027027,6.976099166666667,6.3924811111111115,12.174105217391304,11.291224999999999,8.958333333333334,17.75297541666667,10.161123913043479,11.368182625000001,,7.311760791666667,12.025,11.781515416666666,5.622291791666666,8.307203,8.419651541666667,7.71045340425532,7.389396770833334,10.219029583333333,5.043478260869565,10.576483684210526,10.41039625,7.958333333333333,9.466999041666666
2015,6,1,8.5,10.87111111111111,9.210392083333334,4.766295,14.944098333333335,15.445233333333334,11.041666666666666,22.683816041666663,14.38996304347826,18.715878583333332,18.436475,12.027405625,15.416666666666666,13.213407916666666,9.9336865,14.060584541666666,13.102089791666666,10.437326382978723,12.411551041666668,14.790848333333335,6.583333333333333,,9.988195,10.173913043478262,10.386989583333333
2015,6,2,12.708333333333334,10.644444444444444,8.26014,4.03515125,13.458841666666666,21.928620833333337,9.458333333333334,34.36254375,12.425360416666669,15.230241291666665,17.795575,9.958745291666666,15.329166666666666,19.183135217391303,9.53556225,18.265165541666665,14.448439708333332,8.535836250000001,12.113977270833333,11.931904166666667,7.619047619047619,9.586484615384617,15.974534583333332,11.083333333333334,11.289173833333335
2015,6,3,10.666666666666666,11.284782608695652,10.145797499999999,5.422077083333334,12.74611608695652,16.3580875,7.173913043478261,24.107315208333333,9.503549130434783,10.619603958333334,19.38960833333333,10.630749166666666,13.270833333333334,19.39130625,8.423727291666667,15.900695666666666,13.332438708333333,8.933607708333334,10.390095978723405,11.99251625,5.75,13.391488333333333,13.446051666666667,9.5,9.900284833333332
2015,6,4,5.708333333333333,6.334090909090909,5.786805,8.38205125,11.725533749999999,11.815045833333334,7.0,14.014415833333333,13.765618333333334,9.704799916666667,12.043908333333334,6.771892291666667,12.975,13.383735416666667,5.840774666666667,8.394596208333333,5.043847833333333,6.591456458333333,6.816369604166667,9.584049375000001,6.0588235294117645,12.626905652173914,9.146088333333333,7.5,9.253323958333334
2015,6,5,7.5,9.076595744680851,8.449200416666667,6.318098260869565,17.032913750000002,13.916733333333333,10.75,20.506828125000002,17.331078260869564,13.231662625,13.317491666666667,8.845111333333334,11.754166666666668,9.51108375,5.384388333333334,7.049712958333333,5.766666916666666,7.9123175,5.438412583333334,10.000414062499999,5.826086956521739,13.677989583333334,12.036027083333332,7.086956521739131,10.333570833333333
2015,6,6,7.958333333333333,12.72391304347826,13.209250416666668,12.781097083333334,16.387689583333334,21.041241666666668,12.625,22.309893958333333,19.162079583333334,16.108525291666666,17.425375,11.347438083333332,15.483333333333334,12.056202083333334,7.710016666666667,9.647231291666666,6.648347416666667,15.080706666666666,8.714145791666667,15.442403749999999,7.333333333333333,19.799534782608696,17.675585833333333,11.416666666666666,8.731006625
2015,6,7,12.826086956521738,7.765909090909091,5.190404583333334,9.933963333333333,17.79917,24.1024875,7.190476190476191,24.230339999999998,20.839889583333335,18.127054583333333,21.336358333333333,9.7377715,20.5625,12.039198333333333,12.298156416666666,13.579922333333334,11.247383583333333,7.195589583333334,13.8854363125,11.352080416666666,9.565217391304348,15.635675833333332,19.118456249999998,17.416666666666668,13.817663875000001
2015,6,8,5.416666666666667,8.565957446808511,6.625288333333334,7.047750416666666,13.571107499999998,14.201204166666665,7.260869565217392,14.65681,16.69407391304348,9.858083958333333,11.612533333333333,7.514047833333333,11.629166666666668,15.71265625,7.44783725,8.127561708333333,4.392516333333334,8.272930208333333,7.2133384375,11.939028333333333,4.875,17.477418260869566,7.295114090909092,9.363636363636363,9.745963916666666
2015,6,9,6.363636363636363,7.0285714285714285,6.224964166666666,5.313542727272727,13.23598695652174,11.904208333333335,8.608695652173912,13.878893750000001,14.287991304347827,11.318279958333333,12.832708333333334,6.923355791666666,11.9125,7.802667500000001,8.045023708333334,8.0644445,5.020018708333334,8.219700416666667,7.768105270833334,10.343915,5.583333333333333,14.092373333333335,8.486157500000001,8.375,8.938746458333332
2015,6,10,5.454545454545454,5.069565217391304,4.226941666666667,8.4587775,17.85288,12.367004166666668,6.956521739130435,13.543166874999999,15.331620833333334,11.128476041666666,12.984716666666666,7.116022125,13.129166666666668,8.853324166666667,6.7778232916666665,11.2445835,7.530027916666666,9.404615208333334,9.0874263125,11.277427391304348,6.666666666666667,15.69736956521739,7.730294285714287,11.291666666666666,9.989316125
2015,6,11,6.833333333333333,8.051063829787234,8.849237916666667,10.037127916666668,18.454017083333333,20.684591666666666,8.916666666666666,22.43569791666667,19.4948,11.109505416666666,18.707625,7.197216,16.304166666666667,10.538871666666667,8.773299916666668,14.497550208333335,12.04566175,7.756203958333334,9.7532455,17.41350375,11.166666666666666,13.062685833333333,10.772298181818181,12.583333333333334,14.221272625
2015,6,12,8.208333333333334,19.004651162790697,12.25429125,18.283066666666667,21.4389525,21.075208333333332,13.833333333333334,30.671343750000002,24.236529166666667,19.723868041666666,23.440425,14.756800375,21.525000000000002,13.52844125,12.749687541666667,18.653579416666666,13.638592260869567,12.177324583333332,17.037110166666668,26.856154375,10.583333333333334,27.666191666666666,15.98035625,15.291666666666666,16.433566454545453
2015,6,13,18.833333333333332,21.141935483870967,10.348925833333334,13.92736625,25.435986666666665,24.174666666666667,11.625,24.32689375,21.516725652173914,22.77573070833333,25.971158333333335,19.67042220833333,21.087500000000002,14.477444166666666,19.73311695652174,20.37716625,,19.312952499999998,15.501724000000001,20.674207499999998,12.695652173913043,26.316425,23.935164166666667,15.375,19.242640041666665
2015,6,14,21.583333333333332,15.053333333333335,9.8235575,5.717598333333334,17.216794166666666,13.254383333333331,11.272727272727273,16.617915,12.774067826086958,21.29842675,21.353391666666667,17.732790666666666,20.965217391304346,16.494589583333333,15.890985375,17.12905483333333,,11.335014583333333,19.471329791666665,15.248427083333333,,18.392108695652176,11.842096666666665,13.5,21.005460666666668
2015,6,15,10.625,5.993478260869565,5.493470833333333,8.280696666666666,12.623182916666666,14.990929166666668,4.904761904761905,20.39206880952381,14.410327916666667,14.733622708333334,18.576158333333336,6.8500993333333335,16.533333333333335,15.055434583333332,8.749023958333334,17.566020333333334,15.454032000000002,5.56889375,16.491927395833333,16.044343958333332,,12.08775625,12.323416666666667,8.958333333333334,15.556742583333333
2015,6,16,5.130434782608695,7.016666666666667,7.095675833333334,6.258438333333333,9.88293875,10.7281125,6.0,13.472622083333334,10.683790434782608,7.364652041666666,9.344733333333334,6.504779958333334,10.304347826086957,9.004230416666667,6.263174708333334,5.845629791666667,4.146281208333334,6.610665,7.012038208333333,12.915244791666666,4.6923076923076925,10.935854999999998,7.40752,5.916666666666667,7.733855666666667
2015,6,17,7.291666666666667,6.570212765957447,7.701205000000001,5.0383120833333335,9.947079583333332,14.095058333333334,6.565217391304348,12.92050375,13.748105833333334,11.483181416666667,11.7933,7.120770125,13.179166666666667,6.103098333333333,6.938044083333334,10.103617625,6.898554125,6.3910970833333325,8.746355166666666,13.058158333333333,5.708333333333333,10.734020833333332,8.107687727272728,8.409090909090908,9.882478625
2015,6,18,10.541666666666666,8.76590909090909,6.203855416666666,9.659784166666666,15.190145000000001,16.315629166666668,8.916666666666666,20.747158085106385,14.068395833333334,14.868377375,18.3995,10.892244125,15.208333333333334,7.966213333333333,9.084031,14.521826166666665,12.029775749999999,9.383604791666667,13.7323965625,17.217161458333333,6.041666666666667,17.626616666666667,9.396581304347826,9.166666666666666,15.147198458333333
2015,6,19,10.583333333333334,5.974418604651162,4.3619329166666665,5.648374166666667,10.022516666666666,13.294466666666667,8.565217391304348,17.308849583333334,9.911129130434784,12.591073375,18.921258333333334,8.397420458333334,13.408333333333333,15.306884166666668,7.904223625,12.837080666666667,14.964739083333333,6.413959375,12.6088945,11.00867,1.75,11.450534166666666,8.88335695652174,5.958333333333333,12.67212725
2015,6,20,6.041666666666667,6.480487804878049,6.042905,3.598955833333333,11.652649130434781,11.449904166666668,6.333333333333333,13.066843333333333,9.356383333333333,11.713769416666667,12.647833333333333,7.774236208333334,13.008333333333333,14.511780833333333,6.991450958333334,8.04502375,9.849403583333332,6.479036874999999,10.1643866875,10.793212083333332,,10.406812173913044,10.116732083333334,7.130434782608695,9.698480625
2015,6,21,6.583333333333333,6.507142857142857,8.836477499999999,5.9428479166666675,11.816689583333334,9.114695833333334,9.714285714285714,12.099180625,7.645356521739131,9.085012217391304,13.98715,6.850190749999999,,10.160289583333332,7.661464875,8.792720583333333,9.718343083333332,7.774157659574468,9.0003001875,10.556962916666667,1.0,12.252896666666667,9.017747916666666,6.8,10.108024666666667
2015,6,22,7.421052631578948,9.355263157894736,7.136840833333333,5.38789375,12.743570833333335,8.001495833333333,10.875,9.738505319148937,9.777964347826087,10.438328125,11.990499999999999,11.220918791666668,11.3625,8.165924583333334,9.7394795,9.239396666666666,10.437190625,8.713627021276597,11.498287750000001,12.73989625,6.0,14.112704347826087,10.089875000000001,7.666666666666667,10.375118791666667
2015,6,23,5.214285714285714,8.38125,7.3230949999999995,3.17079875,9.747041363636363,6.034883333333333,9.75,9.364239791666668,5.615879583333334,8.0636835,13.591678260869566,10.355349083333333,11.129166666666668,11.564347500000002,6.243754041666667,6.782678416666666,10.989233916666668,8.672035833333334,8.40704625,9.091308125,5.086956521739131,10.429209583333334,10.297276666666667,3.8333333333333335,8.00094975
2015,6,24,7.416666666666667,9.864285714285714,6.640104583333333,5.661404166666666,12.319717500000001,8.7665375,7.833333333333333,9.820387916666666,8.337240909090909,,11.509825,9.318728782608696,11.545833333333334,19.4922525,10.3512315,7.865382208333333,8.260790083333333,6.989544166666666,10.559374520833334,12.276177234042553,6.0,11.240750434782608,9.817865833333334,6.083333333333333,10.87369425
2015,6,25,11.25,10.572916666666666,7.061262083333333,7.727187499999999,16.333411666666667,13.296841666666666,10.125,11.365162499999999,13.632908260869566,12.716666666666667,16.682216666666665,9.311487291666667,12.950000000000001,,11.312556,10.191010833333333,9.619054666666667,12.253778124999998,10.930771229166666,15.286788958333332,9.083333333333334,16.914316666666668,10.622015,11.791666666666666,11.773814000000002
2015,6,26,13.833333333333334,13.952173913043477,7.114037499999999,10.279069583333333,25.367665833333334,19.640116666666668,8.083333333333334,21.78834375,19.12329875,19.104166666666668,18.27625,13.869926041666666,21.3125,10.188200588235294,15.745330000000001,15.784171458333333,16.021167083333335,14.779052291666666,20.178971604166666,21.885338958333335,14.125,24.594413043478262,11.13314125,16.73913043478261,23.6289175
2015,6,27,6.826086956521739,9.172916666666667,7.036126153846154,8.788204166666667,27.356936363636365,21.983816666666666,9.416666666666666,30.25119583333333,15.375047391304347,15.674999999999999,22.67216666666667,6.963018708333333,20.675,22.509457083333334,13.01524452173913,23.766077874999997,16.239601416666666,13.069183958333333,18.890626520833333,20.328900208333334,14.333333333333334,20.8196625,17.851566666666667,16.791666666666668,27.605650583333333
2015,6,28,8.5,19.19787234042553,7.584812666666666,9.151995833333332,22.486437499999997,14.056845833333334,13.208333333333334,19.119279375,11.730340416666666,19.533333333333335,12.684808333333335,9.115884583333333,18.675,16.497810833333332,16.551289,17.022663,11.211639833333335,9.737018333333333,15.499082063829787,14.424972916666666,13.375,14.918991666666665,14.439124347826086,16.916666666666668,16.268993416666667
2015,6,29,10.130434782608695,8.547916666666667,6.977216086956521,5.55543875,15.491257083333332,13.594050000000001,9.583333333333334,15.166000625,12.532870869565217,18.091666666666665,20.463057142857142,7.336531416666666,18.8125,24.059466666666665,11.8029285,20.59564908333333,20.099932208333332,10.894954468085107,20.431756458333332,17.746777708333333,7.5,15.775658333333332,10.674500869565218,13.818181818181818,22.061965916666665
2015,6,30,7.125,10.717391304347826,7.292269583333333,11.388768333333333,20.3515525,17.19451666666667,10.166666666666666,14.968758958333334,15.576744347826088,13.075000000000001,13.321600000000002,9.677982541666667,14.966666666666667,19.045329166666665,12.676859875,11.676693958333333,10.794628708333335,9.351277916666666,11.946337895833333,18.253020208333336,9.708333333333334,15.93388695652174,8.867292222222224,12.083333333333334,15.77635325
2015,7,1,7.363636363636363,7.7956521739130435,6.229234444444445,7.5470862499999996,15.584413750000001,21.325712499999998,7.0,24.74691375,19.028074166666666,10.654166666666667,14.069316666666666,8.381640454545455,12.091666666666667,12.98456375,6.8166646250000005,12.511784,8.447452208333333,9.132431063829788,7.13500025,15.485161875000001,8.8,11.257311428571429,13.1809625,9.708333333333334,9.692545083333334
2015,7,2,7.541666666666667,6.9195652173913045,7.086864583333333,9.080080833333334,13.657054166666667,16.056633333333334,9.391304347826088,17.26040395833333,14.667743333333334,9.758333333333333,10.679941666666666,5.657776,10.858333333333334,8.421935833333334,6.166071333333334,9.841438250000001,7.3513089166666665,6.191903750000001,6.489504583333333,17.327747826086956,6.090909090909091,13.756699999999999,11.124855833333333,9.043478260869565,9.645061833333333
2015,7,3,9.826086956521738,10.975,10.927966249999999,10.268537916666666,16.354657916666667,13.933716666666667,12.166666666666666,18.1671075,17.898674347826088,15.370833333333332,13.231216666666667,11.525970666666666,11.020833333333334,9.074445833333334,6.870071500000001,9.8802795,7.526056458333334,12.195506458333334,7.209764958333333,18.415343958333334,6.583333333333333,18.108104166666667,11.7878075,10.416666666666666,11.710588875
2015,7,4,9.291666666666666,17.939583333333335,16.801222083333332,13.687050833333332,20.750520833333333,20.349170833333336,17.583333333333332,25.065914583333335,20.317889583333333,20.433333333333334,21.349283333333332,16.576296583333335,15.370833333333332,12.407155000000001,8.880113791666666,20.21694558333333,14.599358083333334,16.525271874999998,13.65816075,21.758294375000002,11.625,20.889904347826086,14.673184583333333,11.458333333333334,15.052231749999999
2015,7,5,15.75,24.34375,22.254391666666667,15.9522025,27.62794166666667,27.499154166666667,25.208333333333332,26.483664583333333,26.462345833333334,26.375,22.154516666666666,24.060710458333332,20.929166666666667,11.121058750000001,11.773797458333334,15.745330125,16.247544541666667,16.360338958333333,14.270796375000002,24.622029166666668,13.375,21.8357625,20.565166666666666,14.217391304347826,17.27801525
2015,7,6,18.666666666666668,15.747916666666667,11.311631666666665,10.866513750000001,22.428378749999997,22.2046,12.666666666666666,24.519454166666666,23.912939130434783,25.7,24.282633333333333,17.77258956521739,20.366666666666667,15.596046666666666,13.963481125000001,15.992944000000001,17.284114791666667,8.708206666666667,18.359747666666667,20.04841875,13.25,17.984408695652174,16.918973043478264,16.416666666666668,17.444207000000002
2015,7,7,9.5,10.529787234042553,7.668937916666667,9.290589166666667,17.7711475,16.239204166666667,6.260869565217392,17.46911625,18.97234166666667,14.645833333333334,13.403766666666668,11.301835916666667,13.125,15.655722916666667,9.336500166666667,10.47261075,8.98360925,10.680111666666667,9.792387854166668,17.527058125,9.05,13.924575416666668,11.86777625,8.875,13.3072175
2015,7,8,15.25,12.995744680851063,8.240799166666667,6.081264999999999,14.642258333333332,13.305333333333332,10.25,21.48112744680851,12.610742083333333,19.29583333333333,17.343658333333334,14.437655166666666,15.929166666666667,15.360669166666668,12.055397541666666,13.230349708333334,14.325322125,9.284156666666666,16.142233645833333,13.081257916666667,8.521739130434783,14.140724166666667,11.372150416666665,11.210526315789474,15.97222225
2015,7,9,6.869565217391305,5.495,4.679235416666667,3.1365945454545456,10.390127391304347,8.048991666666668,5.260869565217392,15.227827872340425,6.5973862500000005,10.975,10.786758333333333,8.680856875,10.616666666666667,8.71897375,7.137106125,8.025603,6.850895666666666,5.311924583333333,8.779049791666667,11.580815416666667,3.473684210526316,10.86569875,7.6366504347826085,7.142857142857143,9.03371325
2015,7,10,6.083333333333333,5.148936170212766,5.128887083333333,5.664587916666666,11.5959575,8.380166666666666,5.521739130434782,12.751872291666666,9.921705652173912,8.3375,10.897683333333333,6.264490708333334,8.420833333333333,7.304444583333333,4.2968292083333335,5.651422875000001,4.0589074583333336,6.76996875,5.972719875,11.282486041666667,1.95,10.865997826086955,4.36039,5.708333333333333,5.377492875000001
2015,7,11,5.875,6.207142857142857,5.391330833333334,6.915873333333334,11.328476086956522,10.681408333333332,5.958333333333333,13.624393541666665,11.998539583333333,9.604166666666666,12.113750000000001,3.787060875,9.118181818181817,9.244419166666667,4.345381000000001,7.967340916666667,4.110537458333334,6.946443333333334,6.022446583333333,13.342055833333333,5.409090909090909,13.668516666666667,10.559615416666666,5.958333333333333,6.647673416666667
2015,7,12,4.043478260869565,10.09047619047619,6.314062083333333,8.733830833333334,16.04449875,13.088795833333334,8.08695652173913,16.841812954545453,11.708517916666667,10.65,10.762108333333332,5.99237875,10.054166666666667,9.752896666666667,5.772802250000001,6.9574645833333335,4.428260166666667,10.516617916666666,6.307251744680851,16.444311041666666,6.2272727272727275,16.35011304347826,6.5497612499999995,7.458333333333333,8.184947708333333
2015,7,13,9.521739130434783,11.39782608695652,7.849037083333333,5.122764166666667,11.933001249999998,6.490770833333333,7.956521739130435,15.736266111111112,5.909400833333334,12.654166666666667,11.735783333333332,13.120895916666667,11.80909090909091,10.845700416666666,11.108638708333332,10.419203958333332,9.337075875,8.195228541666667,14.638391541666666,11.969666458333334,5.391304347826087,12.542153333333333,6.5843074999999995,7.2727272727272725,13.619472434782608
2015,7,14,9.25,11.058333333333332,5.953634583333333,2.72391375,16.071344166666666,8.889666666666667,5.608695652173913,16.457596875,8.429679166666666,12.108333333333334,11.674158333333333,9.609069583333333,12.695833333333333,13.365666666666668,12.283590916666666,13.20121875,12.236295375,11.860349574468085,13.454656291666666,11.228111041666667,6.958333333333333,14.496626666666666,6.315515555555556,13.541666666666666,14.265364428571429
2015,7,15,6.125,8.935416666666667,6.312503333333333,3.8444604166666667,17.261724583333333,9.704866666666666,5.6521739130434785,18.591406250000002,9.7348525,14.52608695652174,14.504800000000001,6.244877708333333,15.295833333333334,11.644922083333334,9.224830958333333,10.710514333333334,8.97963775,7.133586875,13.508301125000001,14.371322916666665,5.333333333333333,14.869912916666665,8.29110409090909,8.26086956521739,14.820750291666668
2015,7,16,6.083333333333333,8.04468085106383,7.874052083333333,6.723075416666667,17.703464999999998,13.920979166666667,5.363636363636363,18.615247291666666,13.786978750000001,14.033333333333333,14.936175,7.35930275,13.762500000000001,12.525779166666666,6.895191782608697,13.516804857142857,7.871579874999999,7.800834468085107,10.304346708333334,17.656263829787235,7.541666666666667,16.871333333333332,8.864578333333334,10.958333333333334,13.105413166666667
2015,7,17,8.391304347826088,8.774468085106383,7.15709,10.22804625,26.29315,17.742229166666664,5.782608695652174,22.80021978723404,15.806984166666666,17.221739130434784,19.90315,6.276584791666667,15.454166666666666,14.891408333333333,9.520996583333334,11.061474071428572,8.745317291666668,8.812317777777778,11.421833208333332,22.685608958333333,11.166666666666666,19.53983043478261,9.03048391304348,11.708333333333334,13.497151
2015,7,18,7.958333333333333,13.448936170212766,8.773255416666666,10.455224583333333,23.7371347826087,20.073191666666666,6.739130434782608,23.319405833333334,19.710960869565216,15.970833333333333,14.439066666666665,8.258798208333333,15.275,15.517675416666668,9.91426575,12.604032291666668,8.276676333333333,10.491381458333334,9.501014291666666,20.163082708333334,11.458333333333334,20.7461625,17.585730833333333,15.217391304347826,14.90384625
2015,7,19,7.913043478260869,7.358695652173913,5.01854,7.800240416666667,20.701383333333336,15.381545833333334,7.666666666666667,19.96132916666667,19.07318956521739,16.425,16.057750000000002,6.662506874999999,15.15,12.341769166666666,9.268527708333332,17.818489500000002,14.210147666666666,7.21501125,15.906971375,16.316648958333335,11.208333333333334,14.85541695652174,13.770450000000002,16.833333333333332,17.699430250000002
2015,7,20,8.8,6.297826086956522,4.906573333333333,4.867100416666667,12.514775416666666,8.380166666666666,5.0,13.864252708333334,10.498713333333333,11.645833333333334,13.484504347826087,5.217096833333334,12.65,11.760729583333335,6.8166646250000005,11.637852666666667,11.314899583333334,7.702712083333334,8.7705629375,14.180127291666667,3.7916666666666665,12.531785416666667,7.159491428571429,7.708333333333333,9.947768291666668
2015,7,21,6.866666666666666,10.064583333333333,9.183861666666667,3.3964725,15.884825833333332,11.776833333333334,7.695652173913044,19.306538125,14.832867916666666,17.433333333333334,17.651783333333334,8.62101175,16.041666666666668,11.287034583333332,10.336665958333333,14.002322541666667,10.512649666666666,7.962470833333334,14.484176812500001,15.348024791666667,6.291666666666667,14.10131,11.08949818181818,12.782608695652174,14.702041833333332
2015,7,22,9.583333333333334,10.727083333333333,7.52360125,7.30806875,15.652052083333333,11.844766666666667,8.291666666666666,19.854424166666668,14.602391739130434,14.670833333333334,17.922933333333333,7.626529833333334,15.166666666666666,11.7887425,8.331479041666666,12.210763166666666,14.035400291666667,8.232415416666667,15.046143895833334,16.474166458333332,10.0,15.801491666666665,10.702208260869565,13.583333333333334,14.559591625000001
2015,7,23,7.708333333333333,12.806382978723404,8.288190416666668,8.68726,15.797807083333334,14.608804166666667,6.958333333333333,24.995179166666663,20.11810875,16.325,17.639458333333334,10.192627625,17.366666666666667,15.594912916666667,8.31205825,11.968004541666666,13.435698625,6.965894222222222,14.952754624999999,15.577348125,8.625,13.440678695652172,14.485834583333334,13.454545454545455,15.236229875
2015,7,24,6.791666666666667,8.433333333333334,7.144560833333333,8.458840833333333,16.126520833333334,15.908029166666667,5.5,23.711354166666666,17.897346250000002,15.095833333333333,11.649508333333335,7.9470154583333334,13.637500000000001,12.147889583333333,9.263672458333334,10.75607823076923,7.120960041666667,7.7002072916666675,9.262979604166667,19.404953958333333,6.476190476190476,15.379849583333334,12.148825833333333,13.375,12.921415041666668
2015,7,25,10.666666666666666,12.842553191489362,12.114572857142857,6.364036249999999,20.088526666666667,15.122549999999999,10.958333333333334,29.954562499999998,18.6707225,15.441666666666668,17.49566666666667,11.295390458333332,15.904166666666667,14.962312500000001,13.361439583333334,,11.886800541666666,9.910126875,14.9686649375,18.327146666666668,9.791666666666666,14.81585608695652,17.713419130434783,16.375,16.174026541666667
2015,7,26,8.08695652173913,3.8512195121951223,3.567516470588235,2.5411241666666666,9.518332916666667,4.88455,4.761904761904762,8.770206666666667,7.13724125,9.387500000000001,10.938766666666666,5.638661375000001,11.620833333333332,10.200737916666666,4.694953416666666,,9.130556041666667,4.687192083333334,7.154415979166667,8.12837375,2.9375,9.724925833333334,6.162520416666666,5.208333333333333,6.861348541666666
2015,7,27,6.25,9.362499999999999,9.084861666666667,3.429745,12.96668375,7.3399375000000004,10.875,13.616089166666667,9.0515175,13.904166666666667,13.317491666666667,9.421005833333334,14.345833333333333,10.737744999999999,9.622955375,8.024632,10.051951749999999,8.756548510638298,11.619307749999999,12.0868825,5.65,11.055124347826087,6.5946173913043475,9.25,9.30080725
2015,7,28,7.041666666666667,6.960416666666667,8.1476375,3.1156745833333335,8.967140833333334,6.0067458333333335,9.625,8.249389069767442,7.8901120833333325,10.570833333333333,11.8919,8.886604833333333,10.120833333333334,5.506925833333334,6.855506083333334,7.040002708333333,8.018526625,7.462806874999999,7.5263273125,10.912457777777778,3.0,9.21598625,6.826009565217391,5.625,6.2203230000000005
2015,7,29,8.458333333333334,7.0062500000000005,4.646550833333333,3.080133333333333,10.52681,8.7155875,7.875,12.796435,9.20552125,12.950000000000001,11.439983333333332,7.9792133750000005,13.395833333333334,5.86163625,7.617768416666667,10.856169583333333,10.786685624999999,7.231993125,10.500525104166666,12.147361041666665,3.3333333333333335,10.297665454545454,6.723389999999999,8.391304347826088,9.490740708333332
2015,7,30,8.75,6.461702127659574,5.322390416666667,2.9954633333333334,10.2699625,6.379083333333334,7.0,10.865390416666665,7.7290917391304355,9.895833333333334,9.488525000000001,7.241463125,10.1875,7.511046666666666,6.0592575,5.87476075,7.057415458333334,6.2013718749999995,6.536648416666666,10.845127291666666,3.391304347826087,9.391070833333332,5.381652083333333,7.681818181818182,6.4102563749999995
2015,7,31,6.041666666666667,7.513333333333334,4.852999583333333,4.58586,11.38238043478261,11.530574999999999,5.6521739130434785,18.510537906976744,13.891651666666666,12.475,13.780304347826087,5.595706291666667,12.633333333333333,11.400772083333335,5.425973913043478,7.2730508333333335,8.157530291666667,6.601171458333333,7.6485176458333335,13.015053125,5.238095238095238,9.926361739130435,7.269108260869565,9.782608695652174,7.342117875
2015,8,1,9.041666666666666,10.952083333333334,6.300219166666667,6.568381250000001,15.493352916666666,12.901979166666665,8.826086956521738,19.813960833333333,16.721864347826088,14.783333333333333,16.505558333333333,9.364531791666666,14.804166666666667,13.751411666666668,8.545106666666667,11.108638749999999,8.880349416666666,10.695720833333333,9.967790854166667,16.401281041666667,6.791666666666667,12.84417125,9.007436363636364,10.416666666666666,9.443257375
2015,8,2,10.173913043478262,15.78125,13.968053750000001,6.785370833333334,20.426725,16.247695833333335,16.333333333333332,30.042739166666667,19.556734782608693,18.054166666666667,19.406041666666667,14.804918791666667,15.391666666666666,16.487542916666666,9.472444916666666,14.400446875,11.318871083333333,15.632562499999999,9.425224979166666,18.58024,9.833333333333334,16.392191739130432,12.813529583333334,16.333333333333332,12.179487333333334
2015,8,3,16.17391304347826,20.227083333333333,14.400425,9.853256818181817,27.766389166666666,20.039225,20.458333333333332,26.30525625,24.485966666666666,20.929166666666667,24.3155,17.038732375,21.679166666666664,16.361316666666667,14.293632875,18.027261916666667,18.356428875000002,18.092838333333333,16.1415875625,25.1288375,14.041666666666666,19.865104166666665,15.60859608695652,18.818181818181817,19.444444458333333
2015,8,4,20.904761904761905,21.575,16.36561083333333,12.288184583333333,27.23534583333333,18.476758333333333,18.791666666666668,30.397920833333334,22.381720833333333,24.037499999999998,21.84228333333333,18.607163,22.575,20.807344166666667,15.97352325,16.527013083333333,18.59869254166667,21.553385416666668,17.6112538125,30.689825,12.833333333333334,25.962813043478263,13.692860000000001,20.416666666666668,23.349952625
2015,8,5,24.8,19.82708333333333,15.921095000000001,9.144576666666667,23.567891666666668,20.026487499999998,17.916666666666668,35.265504166666666,20.35468625,26.208333333333332,23.161058333333333,20.053223,23.662499999999998,19.7373875,16.599840875,16.789192625000002,18.578834750000002,10.030541874999999,20.218478270833334,16.95012875,17.458333333333332,16.0766625,17.2045375,25.25,20.281339125
2015,8,6,24.041666666666668,13.742222222222221,5.851737083333333,10.860914166666667,20.007033333333332,26.824066666666667,6.416666666666667,34.020854166666666,26.749183333333335,25.795833333333334,24.105975,13.958941625000001,23.53333333333333,20.256738333333335,14.600986608695653,19.789690083333333,22.75688825,14.321695208333333,24.175455666666668,20.60385625,10.458333333333334,22.043347826086958,18.604210416666668,16.82608695652174,22.934472875
2015,8,7,24.791666666666668,23.645833333333332,19.663303333333335,12.47459625,31.01189583333333,28.242175,19.75,35.83820444444444,26.58516956521739,26.820833333333336,27.01878333333333,14.662496958333334,27.53333333333333,23.604461666666666,18.206903416666666,21.037470083333332,23.7855155,18.73658489361702,21.766788333333334,30.610858333333336,16.25,23.686091666666666,22.8972625,24.958333333333332,28.098290666666667
2015,8,8,19.0,24.982222222222223,20.077099999999998,14.1595625,31.321125,21.308729166666666,24.875,28.039656249999997,25.412116666666666,31.25,24.262091666666667,24.69510716666667,26.733333333333334,22.837718749999997,18.206903416666666,20.929535769230768,18.86478525,12.724547291666667,20.65876475,25.63575416666667,19.25,26.351395652173913,22.617725000000004,25.541666666666668,23.065052291666664
2015,8,9,16.583333333333332,13.329268292682928,7.256802916666667,12.768324999999999,27.2705625,25.23187916666667,8.73913043478261,29.211247916666665,26.815421739130432,23.770833333333332,23.317175000000002,12.451746833333333,22.4875,19.297663333333333,16.386213166666668,,19.905327166666666,7.587578958333334,20.6990823125,21.81465625,13.708333333333334,17.02521739130435,24.030470833333336,24.26086956521739,22.228157624999998
2015,8,10,8.541666666666666,8.518604651162791,6.646032083333334,19.4209,19.055840952380954,31.553925000000003,10.166666666666666,39.20565,28.73544090909091,12.521739130434783,22.474966666666663,9.914579291666668,15.058333333333332,25.393545833333334,10.365796958333332,,16.180028458333336,10.828765208333332,11.157867041666668,28.06838541666667,7.166666666666667,18.65694375,21.643866666666668,15.083333333333334,13.841405583333334
2015,8,11,13.5,13.34736842105263,12.76838125,20.016367499999998,26.19065181818182,28.271895833333332,10.541666666666666,33.990608333333334,27.23267291666667,18.945833333333333,25.852016666666668,13.356016708333334,18.816666666666666,23.16091625,13.992612208333334,,19.829867833333335,13.033447708333334,14.230522708333334,27.98061875,12.565217391304348,24.874682608695654,23.676433333333335,18.875,20.500949666666667
2015,8,12,26.0,19.784782608695654,10.554059583333332,18.893229166666668,25.289533333333335,38.71664583333333,12.217391304347826,46.054311363636366,28.409878260869565,23.825,31.772125000000003,13.489345541666667,23.925,24.652433333333335,14.711177916666665,,28.976310124999998,12.821337083333333,18.13761314583333,30.390525,11.875,23.038020833333334,21.864683333333332,18.47826086956522,20.198243291666667
2015,8,13,9.125,8.566666666666666,5.224075833333333,12.60786125,21.463607916666664,17.950275,8.19047619047619,26.567546153846152,20.770683333333334,13.4125,22.12986666666667,7.020053166666667,14.516666666666666,27.996829166666668,9.720058833333335,,15.318205583333333,7.743609166666666,12.159659708333335,21.705766666666666,6.666666666666667,15.915621739130435,14.5140575,15.25,12.725546083333334
2015,8,14,6.375,8.16904761904762,6.6421225,15.51989625,19.1502,22.072979166666666,6.869565217391305,33.27061086956522,21.382929166666667,10.512500000000001,13.851574999999999,7.207120291666667,10.762500000000001,24.772729166666664,7.632333958333334,,8.292562375000001,9.962405,7.820351791666667,22.467708333333334,4.9523809523809526,20.988333333333333,12.54789625,12.833333333333334,8.9387465
2015,8,15,6.25,9.9,10.637489166666667,15.570584545454546,22.7906625,24.658691666666666,8.875,36.07044375,24.792041666666666,18.675,21.628649999999997,9.591932833333333,20.1125,33.030745833333334,10.6571075,,15.723302083333332,17.316536250000002,16.24478925,25.844127083333333,13.166666666666666,24.31556956521739,20.596425,17.52173913043478,16.120607875
2015,8,16,5.625,18.23617021276596,9.841155,11.24627625,24.597783333333336,20.773754166666667,17.5,33.32238648648649,25.224229166666664,13.8125,25.174141666666667,9.640023583333333,16.641666666666666,24.00107625,13.040998,,7.649174041666666,16.40959875,10.086849270833333,22.741108333333333,10.125,23.274479166666666,18.559455,18.083333333333332,18.655033416666665
2015,8,17,5.458333333333333,7.176744186046512,9.369348333333333,16.493884166666668,23.400004166666665,26.883508333333335,,26.711241666666666,23.861229166666664,11.716666666666667,24.745114285714287,8.200867083333334,14.404166666666667,19.595920833333334,8.088720166666667,,8.538797458333333,13.30424625,8.708324416666667,27.859491666666667,9.25,22.795217391304345,19.878254166666668,17.416666666666668,12.333808249999999
2015,8,18,3.625,6.836956521739131,7.637314166666666,7.271621666666667,21.642867916666663,16.222220833333335,,24.103428205128203,19.044591666666665,9.808333333333334,26.855521739130435,7.058843625000001,11.304166666666667,13.549414166666667,7.3847199166666675,16.86422690909091,9.440335791666667,10.843677083333333,7.433442833333333,20.679638541666666,9.043478260869565,22.484608749999996,11.961155,17.043478260869566,9.425451083333334
2015,8,19,11.761904761904763,12.254166666666668,10.245760833333334,8.183614166666667,17.811048333333336,17.14356666666667,,28.70935625,21.71302083333333,14.356521739130434,23.288416666666667,10.824156916666666,15.762500000000001,13.933669166666666,10.928997291666667,18.716696625,15.15537275,11.636278333333332,11.995054583333333,19.35131541666667,17.473684210526315,15.14810608695652,11.963109166666667,18.318181818181817,15.633903083333335
2015,8,20,8.826086956521738,13.602127659574467,9.721724583333334,10.591869166666667,22.91218333333333,12.757620833333334,,23.025652765957446,16.924995833333334,14.691666666666668,28.984914285714286,16.55459120833333,16.266666666666666,15.050144583333333,11.642707791666666,18.095234333333334,17.164968708333333,18.095486666666666,12.538212255319149,16.65048416666667,8.071428571428571,18.929827916666667,7.993724,19.333333333333332,13.746438791666668
2015,8,21,11.826086956521738,13.17608695652174,13.509772083333333,9.529691666666666,23.917354166666666,17.665804166666668,,31.335589583333334,18.2950125,18.09565217391304,25.055,14.073232958333334,19.670833333333334,18.952807916666668,16.264833624999998,24.741968,15.409550916666666,16.594077291666668,13.784706145833333,18.905763125,16.541666666666668,21.38434583333333,10.463857083333332,22.375,20.340693125
2015,8,22,13.458333333333334,11.772340425531914,11.245561666666667,14.999360000000001,21.949875000000002,23.142929166666665,,35.765775,21.9794125,26.59166666666667,18.814441666666667,12.783327,21.204166666666666,26.202091666666664,12.875922125,19.304172708333333,24.389188666666666,13.391517916666666,16.942482770833333,22.573520833333333,9.6,22.4871375,15.365975416666666,14.583333333333334,21.213200416666666
2015,8,23,15.416666666666666,14.075555555555555,12.170508333333332,9.74772375,21.947429166666666,14.672491666666666,,29.111212499999997,19.00550652173913,18.945833333333333,26.58115652173913,14.221943666666666,18.175,23.38145,11.142624833333334,23.086986782608697,20.707576875,11.647377708333332,15.823243374999999,19.377937499999998,10.041666666666666,19.133433333333333,12.584804166666666,17.25,21.118233791666665
2015,8,24,17.625,16.223809523809525,15.813950833333331,14.476092727272727,19.820687500000002,12.7406375,,27.41299583333333,16.341308333333334,23.212500000000002,23.880016666666666,19.534542708333333,19.304166666666667,18.781490416666667,14.211095083333333,14.662626208333334,21.112673333333333,17.77351833333333,16.481794583333333,18.944745652173914,10.0,22.65035416666667,11.021477083333332,15.958333333333334,15.568613416666667
2015,8,25,14.666666666666666,12.263414634146342,13.89520375,3.1423516666666664,14.280062083333334,9.322741666666667,,24.761612083333333,11.284768260869566,16.075,18.924652173913042,15.587895458333334,17.083333333333332,12.84957,10.919286833333333,12.472942625,21.07031027777778,8.665525744680851,14.174338874999998,11.732803658536584,7.833333333333333,12.481950000000001,8.834541363636363,11.652173913043478,12.784900375
2015,8,26,11.75,8.130434782608695,6.474236250000001,3.9625566666666665,14.355514999999999,12.150466666666667,,18.7298625,14.306383913043478,14.65,12.90255,11.005847083333334,13.30909090909091,9.158059166666666,8.0935755,13.342018791666668,13.106061299999999,7.440717291666666,11.5874385625,9.837146923076924,8.333333333333334,10.606405416666666,10.265053157894737,12.166666666666666,12.95109225
2015,8,27,13.583333333333334,11.766666666666667,11.974829999999999,4.011817916666667,18.6373,13.993158333333334,,27.328319166666663,20.755185833333332,19.037499999999998,23.267875,15.970121375,19.495833333333334,14.035260000000001,9.011203333333333,12.788528958333332,17.375460041666667,9.281987291666667,13.091780458333332,13.171684791666666,6.173913043478261,10.968818749999999,9.897933043478261,13.695652173913043,9.882478833333334
2015,8,28,21.565217391304348,13.477272727272727,6.832671666666666,10.708860833333333,22.344605652173914,19.355645833333334,,28.532083333333333,21.750633333333337,22.78333333333333,22.29009166666667,13.323453166666667,22.004166666666666,17.9726475,13.36629475,15.580254125000002,18.595066217391306,6.129749534883721,20.116616958333335,21.43067956521739,13.833333333333334,13.744032916666667,20.650783333333333,19.125,17.59852795833333
2015,8,29,6.458333333333333,12.017073170731708,7.145756250000001,5.744751666666667,14.028066666666668,15.9759625,,32.00165416666667,15.084921818181819,16.320833333333333,12.101424999999999,14.085753458333334,15.263636363636364,22.649079166666667,11.030955874999998,13.652749875,18.193596041666666,11.978016458333334,10.955800325581396,17.373232692307692,10.055555555555555,16.446026086956522,9.067394347826086,9.333333333333334,13.675213791666666
2015,8,30,11.291666666666666,16.155555555555555,8.428045833333334,8.742240833333332,20.97315625,23.805279166666665,,33.765201041666664,21.175679166666665,23.854166666666668,20.79876666666667,15.753549125,22.97083333333333,16.861130416666665,11.652418217391306,14.677191624999999,14.647016375,14.156981702127661,15.094736791666667,25.50395416666667,7.043478260869565,17.710202916666667,15.45556125,12.041666666666666,12.725546083333333
2015,8,31,11.5,17.710416666666667,13.494859583333332,9.8458825,27.026570833333334,28.284633333333332,,31.970754166666666,25.78061739130435,20.266666666666666,28.72785,16.75798238095238,23.087500000000002,20.004447083333332,15.934681950000002,20.28006275,19.142792583333335,17.714842291666667,22.9438425,24.572852631578947,17.291666666666668,18.413276363636363,26.940125,23.59090909090909,20.002374208333332
2015,9,1,34.916666666666664,22.80526315789474,18.963299583333335,8.808807916666668,29.59765,18.9820125,,27.278576458333333,19.54577304347826,30.441666666666666,26.846233333333334,16.410166150000002,27.52173913043478,22.1807125,17.998131041666667,20.430573208333332,29.333748125,12.669886666666665,19.840828124999998,24.198095,18.458333333333332,19.373200434782607,18.66057041666667,24.291666666666668,22.952279291666667
2015,9,2,23.73913043478261,7.1875,5.896731666666667,3.4233325000000003,13.707488333333332,7.407870833333334,,17.872445208333335,10.74113125,17.891666666666666,17.996883333333333,8.664228,18.966666666666665,16.8358175,10.006514208333334,14.706322708333333,15.369835541666667,5.82798152173913,14.063951604166666,12.678685208333334,5.25,9.889390416666666,6.817625,8.208333333333334,15.093779708333335
2015,9,3,8.625,10.88205128205128,7.62664625,4.945208333333333,17.351482916666665,11.309791666666667,,16.582187708333333,16.657061304347828,18.954166666666666,11.542691666666668,10.358070083333333,19.358333333333334,9.420315416666666,12.691425458333335,12.230183958333333,11.247383583333333,9.72444875,18.878916,14.531306875,6.454545454545454,13.319154166666666,9.126208260869566,10.304347826086957,15.159069375
2015,9,4,12.428571428571429,16.22820512820513,9.054612083333334,6.048112499999999,19.4985075,13.1737125,,22.699808333333333,11.059444705882353,17.491666666666667,23.340876923076923,12.61538143478261,19.083333333333332,16.730454166666664,17.517468708333332,14.521826124999999,14.162489291666667,12.916347083333333,16.7130660625,15.42657125,8.391304347826088,14.488962083333334,9.690915833333333,11.708333333333334,16.417378958333334
2015,9,5,15.291666666666666,6.636585365853659,4.835370416666667,3.2599662499999997,11.857992608695653,14.073829166666668,,21.12769270833333,14.36987761904762,15.1,17.98045,14.294814041666667,17.820833333333333,24.283854166666668,11.861190708333334,19.236200333333333,25.258954541666668,6.519877021276596,15.980828,11.364050624999999,7.4,11.988092083333333,11.825808421052631,11.652173913043478,16.013770208333334
2015,9,6,12.695652173913043,3.221212121212121,3.422082916666667,2.0280104166666666,10.101390454545454,5.3739,,8.444878333333333,7.172268571428571,7.770833333333333,7.1591,6.956325083333334,10.975,8.791946666666666,4.126898125,4.685243125,8.48716775,4.2359921739130435,5.719842895833334,7.877109166666667,1.6,8.296028333333334,4.12182,3.1052631578947367,4.872981958333333
2015,9,7,4.625,4.1875,5.062223333333333,3.1940174999999997,9.26553,7.528625000000001,,11.695251666666666,7.405584999999999,6.741666666666667,6.107366666666667,7.034624916666666,8.9625,4.43285125,2.738318291666667,3.0781805416666668,4.332943333333334,5.059354444444445,3.75080725,10.754473333333332,1.5333333333333334,8.544319166666666,6.906578333333333,3.9047619047619047,2.3741689166666666
2015,9,8,5.260869565217392,5.571794871794872,4.221099583333333,3.4871499999999997,9.301902272727274,8.966460869565218,,11.077222708333332,9.223905833333333,9.304166666666667,9.488525,5.644620291666667,9.8375,6.943237083333333,4.495891375,3.694787625,5.9414145000000005,6.162939791666666,5.249692083333334,11.070975208333332,3.3333333333333335,9.37823,7.1237208333333335,8.833333333333334,6.267806266666667
2015,9,9,9.541666666666666,8.469565217391304,6.925375,7.067283333333333,16.846952916666666,12.0782875,,28.378416666666666,13.197654583333334,15.008333333333333,14.673241666666668,8.27359375,14.816666666666668,13.980245833333333,11.880611333333334,10.589135041666667,15.711387458333334,7.788700625,15.177583125,15.35902625,10.090909090909092,11.752430833333333,9.345664583333333,9.954545454545455,14.672364708333333
2015,9,10,9.916666666666666,9.695348837209302,10.559410416666667,7.6743999999999994,24.0336775,20.569954166666665,,25.007554166666665,19.700460454545453,17.462500000000002,14.161843478260868,12.251889791666668,15.770833333333334,32.72508333333334,8.647065333333334,14.225660499999998,11.402273375,9.778063404255319,10.868993791666666,18.770710833333332,7.85,18.48132875,9.02986238095238,9.791666666666666,13.164767333333332
2015,9,11,7.75,9.06,10.15297,15.31569090909091,17.1763875,19.945816666666666,,27.13366458333333,21.819936363636366,15.633333333333333,17.101266666666664,13.609194125,15.420833333333334,23.947458333333334,10.191010791666667,14.026598416666667,11.670092826086956,15.245038125,11.583283978723404,25.428575,7.916666666666667,27.68166666666667,12.366865416666668,13.434782608695652,12.915479583333335
2015,9,12,10.291666666666666,18.36904761904762,9.616039166666667,10.906927083333334,23.069263333333335,22.361695833333332,,25.82338125,19.099740833333332,19.775000000000002,17.405283333333333,15.320857708333333,17.066666666666666,26.348762500000003,17.002820208333333,21.367621791666664,17.92353175,18.99978104166667,13.88738325,22.076950625,12.125,22.2432125,14.31920625,20.375,23.349952583333334
2015,9,13,10.458333333333334,25.695833333333336,13.873534999999999,9.516879166666667,25.93564166666667,16.727475000000002,,25.731248750000002,19.62439125,29.558333333333334,23.95396666666667,26.609711041666667,24.208333333333332,20.6470375,23.076643208333333,22.226987583333337,21.51379820833333,26.81437916666667,20.7233094375,15.472657083333333,10.041666666666666,18.950891666666667,12.69133695652174,20.083333333333332,27.854938375
2015,9,14,16.782608695652176,20.125,13.5522775,10.651787916666667,20.109929166666667,15.024895833333334,,26.599622083333333,17.56347,21.40416666666667,26.513458333333332,21.8417735,19.358333333333334,22.988444583333333,20.942573454545457,17.527178958333334,20.604316916666665,19.54234125,20.872523520833333,18.047049166666667,8.958333333333334,21.381237499999997,11.81862375,15.363636363636363,22.10944925
2015,9,15,18.565217391304348,13.371794871794872,11.156721666666668,4.090616666666667,13.63394375,15.424004166666668,,32.73698541666666,9.933771666666667,19.4875,22.955641666666665,17.8134385,15.891666666666666,22.195341666666668,,18.308862041666668,22.669514458333335,6.780288260869566,18.2337796875,17.350693333333332,6.3,11.925103333333333,13.902819130434782,10.875,16.417378958333334
2015,9,16,20.434782608695652,26.635897435897434,17.971534583333334,5.470834583333333,25.336569583333333,16.740212500000002,,27.307991666666666,21.96948666666667,22.900000000000002,17.840052173913044,20.29996525,20.170833333333334,17.664758333333335,18.888569999999998,16.35708204166667,20.92601125,12.748454375,18.622545872340424,22.968857291666666,8.583333333333334,15.27676043478261,13.279190833333333,14.833333333333334,20.940171
2015,9,17,21.25,23.171111111111113,15.14323,4.375045833333333,18.63515375,16.92278333333333,,30.926560416666664,16.52208333333333,26.34583333333333,18.058508333333332,25.473620375,20.541666666666668,14.126491666666666,16.075481916666668,16.235702625,21.732232458333332,10.200727073170732,21.8366745,16.31932958333333,10.541666666666666,13.246377391304348,12.341586666666666,17.17391304347826,19.349477833333335
2015,9,18,10.869565217391305,9.116666666666667,5.396042916666667,5.6708904166666665,11.362119999999999,8.936370833333333,,18.867665744680853,14.35441823529412,11.879166666666668,12.446525000000001,11.970018916666668,16.5125,15.016066666666667,7.08369925,8.083865166666667,13.51426595652174,8.665234117647058,11.230772541666667,12.653782127659575,9.416666666666666,11.183944166666668,11.136232,6.791666666666667,9.645061791666667
2015,9,19,16.125,16.786666666666665,10.975447083333334,7.31029875,16.882948333333335,17.610608333333335,,18.342023076923077,22.864882173913042,21.179166666666667,16.00845,19.320789875,22.8,17.85677875,20.06158,23.68353995833333,26.502044541666667,10.145353043478261,23.425792437500004,17.200287916666667,11.125,14.070822173913044,10.58425652173913,16.541666666666668,19.960826291666667
2015,9,20,16.333333333333332,12.15,5.3730775,4.923502083333333,10.954203333333332,16.791162500000002,,15.775563333333332,15.23684125,26.712500000000002,15.807141666666666,19.908607375,29.166666666666668,10.249931666666667,10.105824636363637,25.052699041666667,19.63526275,7.7096921739130435,24.316872145833333,10.342824583333334,8.95,10.921725,11.426944583333333,12.782608695652174,17.895299166666664
2015,9,21,14.708333333333334,8.9725,4.69028125,6.187564583333334,13.571590833333333,13.568575000000001,,20.725063157894738,11.928307499999999,13.708333333333334,12.799841666666666,11.06285525,14.862499999999999,12.9256275,10.822183416666666,13.579922333333334,15.3102625,7.374642391304348,13.924933354166667,14.93770311111111,8.952380952380953,10.980732608695652,10.563845,10.5,15.390550875
2015,9,22,14.545454545454545,15.268749999999999,8.7669825,6.5791875,20.8999575,22.37295652173913,,28.523343333333333,26.3987625,21.791666666666668,18.904825,15.808437208333332,20.533333333333335,21.315176666666666,17.716530708333334,20.707318,16.362718958333335,12.222255384615384,18.7463114375,17.497404791666668,10.347826086956522,16.9533375,12.475002916666668,16.291666666666668,19.260446375
2015,9,23,18.2,24.0225,19.496333333333336,6.58896875,25.164254166666666,22.0899625,,40.02241458333334,21.110759411764704,23.5125,24.24155,22.570563958333334,26.5,22.80685,26.60635470833333,24.664285208333336,21.386709125,13.138745789473683,24.002552979166666,17.473410625,17.583333333333332,12.958546666666665,13.940931666666666,20.291666666666668,27.754036291666665
2015,9,24,28.73913043478261,17.332558139534882,15.122963750000002,5.5266125,14.57429652173913,17.788933333333333,,35.789075000000004,15.841567777777776,32.737500000000004,30.699849999999998,21.348495291666666,33.49166666666667,39.529554166666664,22.02813656521739,33.34618104347826,28.094629541666666,11.438239791666668,31.75722334042553,14.688510208333334,12.833333333333334,12.488983333333332,16.230100416666666,18.166666666666668,30.246913666666668
2015,9,25,18.291666666666668,19.240425531914894,10.567619583333334,7.6822220833333335,20.881052083333334,17.300662499999998,,28.040289583333333,15.979332173913042,17.2625,23.764983333333333,13.118030041666666,17.904166666666665,19.295789583333335,17.64370320833333,20.1004215,26.160492666666666,17.071184583333334,20.5676140625,18.175109583333334,9.26086956521739,14.371061666666668,9.51915,10.608695652173912,15.663580375
2015,9,26,7.043478260869565,7.265116279069767,4.79232875,6.788033181818181,13.911193043478262,19.071175,,18.195674285714286,12.132008333333333,11.116666666666667,10.589558333333333,8.821187458333332,14.508333333333333,4.870584583333334,9.695782916666667,9.613245000000001,11.366529583333334,12.491577083333333,11.026393749999999,14.838957708333332,4.85,15.819990833333334,13.392323043478262,8.625,9.888414083333332
2015,9,27,6.708333333333333,8.231707317073171,5.158097916666667,8.784058333333332,11.330763181818183,14.506904166666667,,8.721449999999999,11.462037727272728,11.7875,8.753133333333333,9.565252458333333,11.924999999999999,6.825276250000001,6.297161083333333,6.962319916666666,5.22653825,8.72545625,7.2364782708333335,11.942280416666668,10.95,13.5236175,8.416053181818182,7.0,10.434473125
2015,9,28,8.625,12.175,5.793844166666666,10.597609166666667,17.161460434782608,13.029354166666666,,12.372032894736842,17.69314347826087,12.254166666666668,9.617669565217392,10.107849833333333,14.604166666666666,12.203793333333332,9.064610208333333,6.916542428571428,8.403765291666668,9.268673333333334,7.878575208333333,15.8325975,11.789473684210526,13.461341666666668,10.692910833333334,8.076923076923077,10.962725541666666
2015,9,29,8.875,9.534146341463414,6.163807916666666,13.064902083333335,17.090299166666668,12.889241666666665,,18.204546304347826,15.744283636363635,17.933333333333334,10.918225,11.523657666666667,18.245833333333334,11.407010833333333,10.487176291666666,,12.68905025,10.747535833333332,9.027149229166666,16.97115375,10.619047619047619,14.715248333333333,7.2657557142857145,9.375,15.271842458333333
2015,9,30,11.818181818181818,27.98139534883721,11.522145,14.936204583333334,24.683177916666665,21.036995833333332,,18.007268125,16.106972272727273,27.079166666666666,13.802275,14.778640333333334,30.991666666666664,13.52995625,15.342350625,44.318030416666666,,13.987666666666668,12.843229479166666,22.508769375,30.473684210526315,16.709539583333335,8.380327916666667,10.565217391304348,29.831434041666668
2015,10,1,19.25,34.262499999999996,8.694293333333333,24.685158695652174,49.01599695652173,26.48,,31.42947083333333,27.603169583333337,52.62916666666666,38.65322608695652,18.36797275,42.36666666666667,21.373627083333332,24.013691875000003,47.72150754166666,,18.18573,28.809045333333334,34.96645208333333,39.36363636363637,21.078227916666666,8.722787499999999,18.958333333333332,30.270655375
2015,10,2,19.833333333333332,28.147916666666664,7.82415875,25.978641052631577,51.40470416666667,46.0416875,,49.74084791666667,38.75026666666667,38.4625,33.57746956521739,18.964723083333336,36.97083333333333,22.062175,23.45049158333333,27.970658791666665,21.92967457142857,25.295809375,26.650400833333336,47.48231666666666,37.5,24.874333333333336,10.644865238095239,31.956521739130434,34.579772166666665
2015,10,3,35.958333333333336,44.27916666666667,16.243175833333336,27.38379,38.49012083333333,39.2871875,,50.929816249999995,30.61018260869565,51.62916666666666,45.107775000000004,24.57093445833333,42.44166666666667,25.690956666666665,29.660259416666666,33.52497808333333,33.742150583333334,28.687932916666668,32.531255625,34.02022916666667,23.5,25.02689583333333,22.32293125,22.791666666666668,35.33950633333333
2015,10,4,24.083333333333332,38.01521739130435,31.281395833333335,21.724960416666665,26.34868695652174,13.4020625,,30.455726875,21.596991739130434,42.95416666666667,24.179925,41.65121991666667,39.675,24.246726666666664,26.499541041666664,23.958385,32.04233416666667,31.217910638297873,32.74298495833333,26.90539791666667,22.458333333333332,24.9113875,12.791975217391306,21.833333333333332,30.876068541666665
2015,10,5,33.916666666666664,35.22608695652174,15.45282875,26.75027083333333,47.01629166666667,24.9695,,52.36301458333333,28.672191304347827,45.5,33.670175,35.500156125,43.9125,35.16705416666667,40.361063458333334,35.146606375,40.24376021052632,49.105747916666665,40.103328291666664,35.91350833333333,27.458333333333332,45.52354761904762,20.1254375,31.23076923076923,42.853751249999995
2015,10,6,23.09090909090909,26.902083333333334,4.984430833333334,25.4081125,53.96487083333333,45.439625,,56.24495833333333,42.839963636363635,23.5,38.020900000000005,17.231573625,50.885714285714286,40.61454583333333,36.36525508333333,40.147435875,33.150392000000004,27.364920833333333,33.628621875,55.235447916666665,23.208333333333332,45.7763,30.652379166666666,31.066666666666666,42.54510941666667
2015,10,7,,9.161702127659575,6.074270416666667,31.889325,21.61015625,21.7525625,,33.39677916666667,36.0891625,16.858333333333334,13.00115,10.848373916666667,18.259999999999998,22.227185833333333,8.943230999999999,11.453356,11.076607666666666,16.410924166666668,8.409905979166666,35.36996739130434,6.375,36.474695833333335,14.589812608695652,7.260869565217392,12.505935416666667
2015,10,8,,15.148936170212766,9.17597875,24.199454166666666,28.707042857142856,21.585125,,32.0908125,30.866266666666665,28.05,25.630166666666668,21.20845758333333,17.930434782608696,30.739608333333333,14.113991458333333,18.04668275,19.69880720833333,14.89422375,11.613821416666667,26.15555625,12.416666666666666,21.985425000000003,14.529839583333333,13.291666666666666,12.637362571428572
2015,10,9,,19.33095238095238,14.884017083333333,26.202783333333333,29.875396249999998,24.905375000000003,34.295,30.517070833333335,32.279775,31.891666666666666,26.02456666666667,22.138674249999998,24.599999999999998,29.186858333333333,17.590296249999998,17.556310083333333,44.393803999999996,17.636582291666667,16.6089901875,28.700364583333336,15.791666666666666,23.60964583333333,15.883517083333333,14.583333333333334,45.219017375
2015,10,10,,24.621951219512194,19.443534166666666,18.031370833333334,28.351182499999997,18.443,51.07708333333333,29.8072375,22.615216666666665,73.77083333333333,42.68796666666666,32.147857916666666,40.083333333333336,29.35869166666667,25.358575083333335,23.911733291666668,72.25411295833334,21.265150625,28.697923979166664,23.764083333333332,18.25,21.966941666666667,12.877686249999998,16.875,77.11894608333334
2015,10,11,,23.931250000000002,12.385621666666665,19.093391666666665,27.2373375,23.0885,40.56469166666667,27.037793750000002,19.165025,37.71304347826087,28.062299999999997,20.024172166666666,38.57083333333333,28.434083333333334,16.939702875,21.911401375,34.94155379166667,15.544203125000001,24.07806522916667,23.738420833333333,24.916666666666668,19.913979166666667,15.165769166666665,17.666666666666668,57.923789375000005
2015,10,12,,15.527659574468084,9.954090833333334,24.56577916666667,26.206730434782607,30.62675,26.37861739130435,41.49046041666667,21.17875833333333,16.691666666666666,22.52015833333333,16.908425583333333,21.629166666666666,36.69097083333333,12.61374275,22.629967166666663,13.356268,16.822327708333333,12.552036394736842,31.36799375,13.875,24.8994625,14.674967857142857,15.541666666666666,17.694342785714287
2015,10,13,,25.668000000000003,17.838591666666666,25.147575,43.22845,51.812937500000004,31.154933333333332,75.16264166666666,48.12211666666667,41.449999999999996,41.83343333333333,30.828989625000002,42.016666666666666,41.15020416666667,31.573198041666668,45.58523091666667,39.94568625,19.119347916666666,35.10924166666667,36.690176,27.333333333333332,28.605429166666667,37.998804166666666,27.391304347826086,
2015,10,14,,43.45416666666667,29.863273913043482,26.6547375,52.155791666666666,33.90425,53.32312608695652,49.00539791666666,47.71662608695652,49.85,39.92305833333334,46.23308425,44.55416666666667,40.07031666666666,41.38634952173913,43.827657833333326,43.67495629166667,35.78439166666667,38.43918333333333,51.484997435897434,25.916666666666668,44.70130416666667,27.716695833333333,39.208333333333336,
2015,10,15,,40.76216216216216,26.02174583333333,17.295113333333333,40.62435,29.757500000000004,41.57462916666667,44.41029583333333,38.652575,37.36,39.865541666666665,35.879509750000004,41.62083333333333,42.549974999999996,40.050332375,38.76856633333333,54.592702624999994,42.513360416666664,36.69975866666667,42.703204166666666,24.416666666666668,50.081137500000004,28.091597916666668,31.416666666666668,43.5897435
2015,10,16,,48.5,36.54547916666667,18.055371666666666,40.45864583333333,36.1985,55.734662500000006,39.590799374999996,39.13174583333333,50.895833333333336,40.021658333333335,56.27803995833333,45.94166666666666,43.271591666666666,42.77894025,37.112951875,53.25032420833333,36.712325,45.461338895833336,35.61500625,22.625,38.85924166666667,24.23346666666667,27.782608695652176,43.82716055555556
2015,10,17,,58.68333333333334,35.1666125,11.027944166666666,40.758312499999995,27.741125,77.01185,46.7885,30.323895833333335,41.13333333333333,25.880775,54.61018295833333,43.0875,49.903304166666665,35.161171833333334,38.91907670833333,32.50717626086957,26.19190875,34.889248458333334,25.558127083333332,27.333333333333332,28.8832125,16.83843086956522,31.083333333333332,40.09377970833334
2015,10,18,,23.73157894736842,37.74882916666667,17.0649525,40.51612083333333,33.441125,,42.769852083333326,24.34017916666667,29.641666666666666,19.862066666666667,69.56883104166667,26.75,29.62421666666667,23.999126291666666,25.038133458333334,21.696488708333334,19.151597708333334,22.263725395833333,37.56202340425532,23.333333333333332,28.44066666666667,15.298394583333334,19.782608695652176,21.57526125
2015,10,19,,31.092682926829266,28.14080416666667,23.496189583333333,49.17907916666667,51.289270833333326,,58.400130000000004,36.399750000000004,46.9625,40.559850000000004,42.28253841666667,42.88333333333333,41.11227916666667,32.267488125,46.308652,64.59699604166667,29.601958333333332,32.9332491875,43.05834375,36.875,28.570991666666668,24.28596111111111,29.347826086956523,40.236229875
2015,10,20,,47.6625,27.5085625,15.700030416666666,38.05014583333333,39.818,,42.751974999999995,31.1333875,55.34583333333333,33.518166666666666,46.87961895833333,55.356521739130436,36.37280416666667,37.986883375,42.2011745,53.814282041666665,19.294733958333335,38.79320766666667,35.66683333333334,31.958333333333332,33.94132916666667,29.974504166666666,37.0,52.362298375
2015,10,21,,36.81875,14.808152083333333,13.83269625,32.298975,20.8619375,33.612585714285714,39.39001666666667,23.292972916666667,34.5,27.105058333333332,27.885543833333333,40.97083333333333,21.541412500000003,35.65639958333333,38.030579833333334,18.094307583333332,13.91942,32.8309360625,27.313972916666668,26.083333333333332,21.151954166666666,18.224380416666666,35.869565217391305,38.752374208333336
2015,10,22,,21.12391304347826,7.108529166666667,13.66250625,28.665337500000003,27.1746875,25.545833333333334,48.66904791666667,27.547633333333334,27.054166666666664,14.241866666666667,17.871169375,32.824999999999996,20.523629166666666,22.052201416666666,23.994271166666667,29.663385375,20.460705625,20.706618063829787,31.716156666666667,20.125,24.69785416666667,20.60332375,17.25,25.931861458333334
2015,10,23,,11.404444444444445,6.110787083333332,11.11741875,17.356378695652175,20.0568125,9.285416666666666,37.91680625,20.66472875,18.837500000000002,19.217058333333334,13.114311083333334,23.125,17.986366666666665,12.39040475,20.62963525,20.727434499999998,13.911497659574467,16.393901375000002,20.956779166666667,12.045454545454545,15.429954166666667,14.539795,14.166666666666666,15.716999125000001
2015,10,24,,21.75,7.6769895833333335,33.431240833333334,26.57434875,29.212437500000004,14.808404166666667,46.74175208333333,29.219595833333333,29.160000000000004,29.192091666666666,13.044308458333333,36.00416666666667,33.8313,22.727070625,48.852763125,30.294859458333335,19.611748541666667,19.705417354166666,34.19519583333334,,23.457766666666668,17.175815833333335,19.695652173913043,42.79439716666667
2015,10,25,,31.957777777777775,12.579324782608696,25.798478333333335,34.86860458333333,35.924187499999995,19.991304347826087,66.88554375,31.505995833333333,71.96666666666667,40.58235652173913,33.816324521739126,47.039130434782614,26.533416666666668,35.047296,36.11743008695652,40.890911260869565,22.52664625,36.784582326086955,32.026670833333334,,26.393316666666667,19.4120375,25.347826086956523,33.51294447826087
2015,10,26,,48.808510638297875,13.192214166666666,17.867212916666666,38.069429166666666,40.445,70.52499999999999,55.941186666666674,41.77885833333333,138.5,27.277608333333333,14.202363041666667,47.583333333333336,45.377523749999995,30.466218291666667,45.35703770833334,28.48781141666667,20.490477916666666,28.63953570833333,36.09790952380953,69.23076923076923,21.266034583333333,14.288346666666667,24.875,47.61989570833333
2015,10,27,,73.08749999999999,28.825701666666664,31.032899999999998,50.33981875,38.7065,102.48762916666668,85.43365142857142,53.95175416666667,116.83333333333333,77.87995,39.16021666666666,67.72916666666667,66.77358333333333,53.48945466666667,68.39483966666667,77.40519233333333,32.63666666666666,54.24208425531914,56.630404166666665,41.416666666666664,40.953291666666665,19.606404583333333,35.34782608695652,79.73053216666666
2015,10,28,,32.32340425531915,21.112604583333333,38.03774958333333,42.029316666666666,45.322062499999994,48.74166666666667,62.80032857142857,57.22773333333333,50.699999999999996,55.497749999999996,33.597975416666664,41.045833333333334,80.8806625,32.11697758333333,34.88928216666667,37.594538166666666,34.22065833333333,31.230747770833332,62.66557916666667,16.583333333333332,42.47125,30.125425000000003,26.818181818181817,40.59829075
2015,10,29,,34.37083333333333,25.787345000000002,41.783675,67.62924166666667,66.50466666666667,40.99791666666667,76.35104583333333,58.54330833333333,52.425000000000004,33.103225,30.543649235294115,38.81666666666667,97.5922125,31.694577374999998,46.09502425,29.095456125,39.9804375,30.720770312499997,77.84536666666666,24.875,57.94650000000001,37.211425,30.041666666666668,41.007835
2015,10,30,,58.854166666666664,40.149187500000004,28.950804166666668,115.501525,87.50216666666667,72.21060416666667,104.89840416666668,61.3752625,70.34166666666667,77.33354166666668,52.225689826086956,70.58749999999999,109.31829166666667,52.945675083333334,68.73470175,59.59286354166667,61.10071666666667,55.75482925,84.20858750000001,47.166666666666664,59.19827916666667,50.40708333333333,56.869565217391305,74.77445420833332
2015,10,31,,81.55,34.12453529411765,27.64953875,84.61180833333333,78.08639583333333,84.82916666666667,113.09241200000001,95.26315416666667,62.04583333333333,49.73786666666666,56.371075499999996,59.94583333333333,95.6916375,55.460655333333335,56.86380079166667,49.42573729166667,71.27275,47.110010520833335,122.76508749999999,38.125,99.65443333333333,52.14807083333333,57.166666666666664,60.73717979166667
2015,11,1,,72.3531914893617,,12.590454166666667,45.1524375,40.901,60.94583333333333,88.66642916666666,41.02323333333333,57.625,46.725,51.759437500000004,57.824999999999996,70.87325208333333,41.885588166666665,47.687521333333336,52.80154091666666,57.83849166666667,44.60572110416667,42.60335,28.625,32.44014166666667,33.2520625,39.0,43.03181404166667
2015,11,2,,58.104166666666664,8.43373,60.306207083333334,52.722183333333334,33.605,30.250116666666667,124.4864,22.49179375,64.24583333333334,48.800000000000004,27.83523590909091,63.104166666666664,34.49828333333333,36.46721370833333,41.61369833333333,52.81345554166666,59.880823404255324,39.24004389583333,74.52114722222223,45.125,44.195816666666666,22.22769166666667,34.56521739130435,53.970797874999995
2015,11,3,19.5,40.26521739130435,5.883402916666667,78.69595833333334,96.25850434782609,104.85147916666666,14.804166666666667,178.44837500000003,38.82414,92.15833333333335,129.325,21.8379674375,104.02083333333333,93.2177875,58.55340133333333,63.889237875,75.11361745833334,53.515334042553185,87.99318060416665,105.59472916666668,60.541666666666664,57.77699166666667,46.879266666666666,53.875,120.21011441666667
2015,11,4,55.125,56.415217391304346,21.704529583333336,91.06845,97.01018749999999,130.31270833333335,42.162675,184.01293124999998,66.82025416666666,91.50416666666666,94.40416666666665,43.91081091666667,94.825,110.79697499999999,70.56805778260869,83.84400404166666,78.80317225,55.370775,76.3827976875,159.5804,48.75,74.17510416666667,49.033350000000006,71.5,72.98789204166667
2015,11,5,17.375,52.55833333333334,18.380412500000002,84.64904166666666,73.95254166666668,185.73433333333332,37.3729625,161.34084791666666,148.90866666666668,46.34166666666667,51.262499999999996,37.47218575,50.82916666666667,95.98026666666668,40.992236125,45.403900782608694,28.634758083333335,56.966152083333334,35.17169379166666,172.99266666666665,16.916666666666668,115.56916666666666,78.74850833333333,41.0,46.492165416666666
2015,11,6,10.875,70.98125,32.5703625,55.30242761904761,95.33610416666666,133.88941666666668,52.59292727272727,119.26725416666666,190.97679166666668,54.61666666666667,57.125,31.523700833333333,57.645833333333336,89.01032500000001,47.5515765,45.798858583333335,42.32860645833333,66.15362291666666,42.03917360416667,136.9440708333333,38.5,106.26934583333333,129.44285416666665,65.08333333333333,56.588319250000005
2015,11,7,40.625,73.95217391304348,39.93678083333334,26.12118,76.22544166666667,79.126625,55.68333333333334,102.68754791666667,97.8713125,98.33749999999999,90.925,59.27144883333333,104.79583333333333,108.05255416666667,84.65481804166667,71.016633625,78.14786916666667,17.09742375,71.71236210416667,75.22151270833334,52.0,26.09379,47.46954625,75.17391304347827,78.21699945833333
2015,11,8,19.625,10.25294117647059,6.410815416666666,20.542807916666668,16.82281111111111,17.862312499999998,9.714583333333334,25.555893333333334,26.875075416666665,21.525000000000002,33.329166666666666,14.272955416666667,23.041666666666668,30.042794583333333,10.0744865,13.463398125,29.147086083333335,11.370478749999998,16.8132089375,21.20571875,4.666666666666667,15.335817083333334,12.000356250000001,8.25,12.066714083333332
2015,11,9,14.304347826086957,12.69090909090909,7.199341666666666,11.781275,,36.02130434782609,13.581249999999999,52.566854166666666,35.290196521739134,23.945833333333336,19.079166666666666,13.079778826086955,25.070833333333336,25.01231208333333,17.721385958333332,22.100753166666667,24.691025291666666,11.466549166666667,20.637868145833334,24.395459375,18.82608695652174,16.40264458333333,14.87321875,17.666666666666668,17.62820508333333
2015,11,10,6.833333333333333,6.905405405405405,5.948657083333334,3.608245416666667,10.7384275,11.538874999999999,7.852173913043478,20.443310416666666,17.06806695652174,11.85,9.066666666666666,6.934845739130435,12.658333333333333,12.231324583333333,8.108141041666666,11.477632,12.339555375000002,6.619902916666667,10.767807125,11.703166666666666,7.916666666666667,11.992126666666666,8.76592625,7.913043478260869,10.511633541666667
2015,11,11,4.086956521739131,6.069230769230769,5.8766099999999994,3.957970416666667,11.72259375,11.895125,7.933971363636363,20.112782708333334,15.116631739130435,9.325000000000001,5.225,7.146163125,12.108333333333334,10.634986666666666,7.82168575,13.060418708333332,7.939095916666666,8.537796382978723,10.296888958333334,12.570963749999999,10.181818181818182,14.432109166666665,6.981551666666667,7.291666666666667,10.375118708333334
2015,11,12,10.458333333333334,11.552083333333334,6.090712916666667,9.890301666666666,21.009516666666666,21.16475,8.791666666666666,32.14635,24.234647619047617,14.966666666666667,14.4375,8.480036739130435,19.933333333333334,15.993288333333334,15.667647208333333,18.425386291666666,18.814709391304348,13.236623541666667,19.242714145833332,21.288552083333332,13.833333333333334,17.136214583333334,11.873428181818182,13.181818181818182,17.473884166666668
2015,11,13,15.166666666666666,19.74042553191489,12.867798333333333,20.050244166666666,28.712733333333333,32.9459375,26.759256086956523,72.53378958333333,32.39305,31.869565217391305,28.629166666666666,21.634756894736842,31.037499999999998,37.8693375,31.257611791666665,28.009500208333336,30.799244125,15.407226666666666,28.952666166666663,32.180995833333334,18.0,20.160716666666666,17.887964583333332,21.666666666666668,27.62939225
2015,11,14,15.958333333333334,5.847727272727273,4.221355,4.9293925,9.580319583333333,11.50325,13.265293333333332,29.200950208333335,14.9191925,18.608333333333334,18.537499999999998,13.203981541666666,18.908333333333335,16.432012916666668,9.336500125,12.764253125000002,16.732071625,8.491010208333334,12.197019340425532,12.349433541666668,9.958333333333334,9.770543913043479,8.94483875,8.583333333333334,12.393162416666668
2015,11,15,12.041666666666666,14.216216216216216,10.91335875,2.38447625,9.24866125,6.5905625,30.83330125,11.739242500000001,8.346427083333333,19.400000000000002,12.6,14.981191916666667,20.375,5.957125416666667,14.434433,16.463895833333332,21.160331625,10.546202291666667,13.671090166666666,9.803727291666666,11.416666666666666,9.7382375,6.464333333333333,8.727272727272727,21.082621041666666
2015,11,16,14.333333333333334,14.30967741935484,10.175749583333333,19.115799166666665,20.302907826086958,30.641000000000002,22.92543541666667,34.54596729166666,24.529612083333333,24.1375,17.091666666666665,21.443260863636365,24.400000000000002,22.457730416666664,23.76122279166667,20.58108375,27.669675541666667,15.082104166666667,20.43433925,23.435148541666667,16.083333333333332,15.794410833333332,16.802162,14.75,22.127255458333334
2015,11,17,23.333333333333332,14.584615384615384,10.497745416666666,12.636493333333334,20.487308333333335,19.7433125,20.94526375,45.11719541666667,28.16151391304348,28.445833333333336,21.053846153846152,19.97476191666667,33.9695652173913,20.84563916666667,23.02323625,28.781472833333336,33.11067670833334,8.636701914893617,25.655259354166663,21.61818875,19.958333333333332,12.511364583333332,19.57943125,19.25,29.991690458333334
2015,11,18,12.333333333333334,9.116666666666667,6.7386091666666665,3.950252916666667,8.410633333333333,6.2307500000000005,10.74495375,9.575321458333333,8.467586956521739,10.604166666666666,10.079166666666667,10.388759458333334,13.729166666666666,7.917522916666666,6.865216333333334,9.642376041666667,12.700964833333332,6.17380875,8.598490645833333,12.581331666666665,7.826086956521739,11.505700000000001,6.3128223809523805,6.173913043478261,7.4133428750000006
2015,11,19,7.916666666666667,8.039473684210526,5.219004583333334,4.596030416666667,10.367708333333333,9.8609375,13.238924583333334,15.217176041666667,12.841749583333334,12.420833333333334,11.926315789473684,8.389197083333334,15.0,22.093199166666665,7.389575083333334,8.787865458333334,12.129064083333333,9.010366739130435,8.226778541666667,12.442779999999999,8.5,11.373353043478263,5.573067391304348,8.130434782608695,7.532051291666666
2015,11,20,8.625,12.504878048780489,5.9662154166666665,7.310362916666667,10.808229166666665,10.854875,18.080762083333333,22.97672645833333,11.356120416666668,14.924999999999999,10.820833333333333,8.529936708333333,19.875,10.834325833333333,11.8806115,14.643205583333334,15.624013708333335,10.105605757575757,13.420082479166666,15.309940416666665,15.173913043478262,12.158994583333333,9.248175,8.583333333333334,13.859211791666667
2015,11,21,18.958333333333332,21.935714285714283,9.10114,28.005558333333337,35.10315,23.4981875,47.15416666666667,37.880335208333335,21.963557499999997,53.8125,29.520833333333332,10.63420575,46.43333333333334,26.744846666666664,25.40712675,55.13050354166666,40.867082125,14.690945416666667,26.746251166666667,26.896136458333334,25.041666666666668,21.6037125,14.400208333333333,19.652173913043477,38.44966783333333
2015,11,22,20.833333333333332,22.66060606060606,15.043496249999999,31.90907083333333,36.12690833333333,50.940104166666664,37.175000000000004,46.90901875,44.929916666666664,57.5375,47.94583333333333,19.184820458333334,45.82083333333333,23.163003333333332,26.018878708333332,48.284707833333336,57.718299791666674,11.766005416666665,35.145553041666666,35.11421666666667,31.583333333333332,20.792225,21.25091625,26.125,34.09306754166666
2015,11,23,31.125,29.19545454545454,11.341511250000002,22.87724625,38.49805416666667,25.3685,23.720805263157896,36.021618124999996,27.589791304347827,79.08260869565217,40.63333333333333,20.1407503125,64.66250000000001,44.601866666666666,39.01132508333333,38.239352375,49.143758375000004,15.937968333333332,32.75705497916667,41.15221041666667,37.166666666666664,23.133520833333332,18.314186666666668,32.541666666666664,58.677588083333326
2015,11,24,34.857142857142854,27.995744680851065,9.90268375,23.28163875,34.39370434782609,40.3844375,32.75833333333333,42.899212500000004,29.92081625,70.29583333333333,35.75416666666667,31.147849583333336,56.70416666666667,52.14617916666666,43.84707866666667,39.152125,50.17238554166667,16.73205270833333,39.276467333333336,35.886127083333335,27.125,26.434008333333335,22.519893333333332,30.26086956521739,45.299145458333335
2015,11,25,27.782608695652176,48.911904761904765,24.798032916666667,25.455641666666665,39.27242608695652,44.1749375,45.68958333333333,89.61672708333333,34.43407916666667,42.72083333333333,45.09166666666667,38.716755695652175,48.86666666666667,72.47820833333333,47.65353516666667,53.38749595833334,44.21508491666666,20.203272291666668,36.49821970833333,43.10165625,31.541666666666668,33.329366666666665,30.930725,41.130434782608695,51.59069333333333
2015,11,26,40.041666666666664,72.0,28.42171666666667,30.287991666666667,84.5101125,87.61126086956521,60.13704166666667,87.6824125,46.9316,126.22916666666667,37.39090909090909,59.11082304166666,78.23913043478261,36.143995833333335,59.388491375,49.28972891666667,74.16442083333334,17.293411666666668,41.226465770833336,58.010083333333334,55.916666666666664,33.772462499999996,43.953174999999995,61.21739130434783,55.51994320833333
2015,11,27,50.875,51.12291666666667,16.190595833333333,36.371408333333335,105.22584583333334,59.5685,42.677083333333336,48.5264625,63.467549999999996,80.04166666666667,51.85833333333333,58.88542882608696,81.21666666666667,38.43440833333333,55.004269,91.60742758333333,137.490526125,16.094357708333334,51.32561847916667,77.13706875,43.666666666666664,36.56303333333333,34.13001666666667,52.869565217391305,61.32478654166667
2015,11,28,41.708333333333336,48.06739130434782,23.23221291666667,27.8761325,54.39358333333333,48.14000000000001,48.40625,45.92336041666667,43.80432083333333,66.45416666666667,41.97083333333334,47.49763541666667,66.79166666666667,32.48085833333334,54.55759304166667,38.26848345833333,48.023785833333335,18.818120208333333,45.7881453125,63.43577916666666,41.416666666666664,26.700587499999997,37.98623333333333,52.30434782608695,57.62701833333333
2015,11,29,31.625,11.622222222222222,6.606457916666667,5.808511666666667,12.9069175,13.2524375,17.158333333333335,20.971567916666668,13.25560625,29.175,30.545833333333334,21.073407208333332,32.387499999999996,21.233107083333334,19.692586791666667,20.435428375,34.254478375,8.449845,20.944738914893616,14.910679166666666,16.416666666666668,12.147325833333333,14.316253636363637,14.708333333333334,23.510209083333333
2015,11,30,12.291666666666666,8.761290322580646,6.1117816666666664,5.4292768421052635,8.229787083333333,9.697687499999999,12.414583333333333,13.598317083333335,12.599241304347826,12.8375,14.987499999999999,8.018478458333334,15.179166666666667,13.270415833333333,6.627312791666667,10.41434875,13.868595708333332,8.035049166666667,8.693744333333333,13.4771075,12.0,12.01113,8.870262222222221,9.590909090909092,7.745726458333333
2015,12,1,11.375,11.674358974358976,10.35141375,4.133890833333333,9.784941250000001,11.252791666666667,13.973308695652173,11.139338541666667,11.754374583333332,15.645833333333334,16.829091666666667,9.17566225,17.929166666666667,6.838475,8.899534333333333,14.0848605,12.752594791666667,10.336899583333333,10.875888145833335,12.727982083333332,11.909090909090908,10.467337826086958,7.8522099999999995,7.5,10.689696208333332
2015,12,2,18.458333333333332,18.323255813953487,13.161622083333334,8.423712083333333,17.202302083333333,22.61825,31.693749999999998,31.13565416666667,26.643947083333334,27.608333333333334,24.836466666666666,15.968129,29.095833333333335,19.842584166666665,21.498711583333332,23.363098458333337,33.30925354166667,14.655251875,23.640283979166668,21.73273958333333,24.5,16.314169166666666,10.515199545454545,17.625,23.385565125
2015,12,3,37.375,25.45909090909091,12.113222083333334,43.253513749999996,30.113929166666665,66.42983333333333,35.045,70.58826041666667,53.85490000000001,38.145833333333336,31.515452631578945,24.986324874999998,40.0,32.70928333333333,29.29126616666667,31.505225749999997,41.53827125,13.749900833333333,32.24820847916667,42.546616666666665,29.083333333333332,32.1578125,23.24864583333333,28.375,37.321937416666664
2015,12,4,36.875,22.15813953488372,10.853835833333333,32.60432291666667,28.587781666666668,43.979000000000006,24.072916666666668,94.85941666666668,35.45569166666667,39.59583333333333,33.47188421052631,23.098782727272727,38.12083333333333,25.802866249999997,29.995266333333333,33.10743316666667,39.65973579166667,14.680695833333333,31.624163041666666,27.404464583333333,21.5,23.21762916666667,29.82146625,26.391304347826086,30.41904091666667
2015,12,5,17.583333333333332,11.816666666666666,6.3656125,34.09148458333333,17.882560869565218,19.6008125,14.460416666666667,43.915708333333335,27.17293391304348,23.033333333333335,30.286483333333333,15.082191083333333,24.891666666666666,18.929170833333334,17.648558416666667,20.148973083333335,23.134184,9.816197708333332,19.148397666666664,28.03389375,15.458333333333334,18.5112,20.452215416666665,16.26086956521739,20.975783416666665
2015,12,6,17.541666666666668,11.021875,8.18579125,9.502580416666666,15.497080416666668,13.448375,10.924999999999999,51.02901875,21.10614347826087,20.691666666666666,26.414166666666663,13.649161708333333,24.883333333333336,6.487639166666667,13.701301666666666,15.949247416666667,20.20319208333333,8.756375416666666,15.928430916666665,17.07684875,14.833333333333334,15.208700833333333,16.510515416666667,14.708333333333334,18.601614458333334
2015,12,7,15.083333333333334,45.37555555555555,12.616257500000001,15.0410325,32.69580416666667,23.619312500000003,19.38958333333333,41.56357083333334,23.71796833333333,37.766666666666666,28.403225000000003,14.136682105263159,30.587500000000002,10.360774583333333,16.687233916666667,24.775954249999998,30.882646304347826,23.733501458333333,23.149401395833333,35.37749375,32.458333333333336,25.35845833333333,25.867332083333334,22.782608695652176,23.349952541666667
2015,12,8,26.375,64.37916666666668,13.736020000000002,19.35446125,54.44487083333333,74.51672916666666,15.912475,62.10466666666667,33.46628260869566,44.525000000000006,43.02008333333333,18.523990333333334,42.62083333333333,53.23465416666667,32.1121225,33.675488458333334,39.794767916666665,32.581687234042555,29.289624791666668,46.19315,19.041666666666668,38.86930588235294,37.7262,32.82608695652174,54.58214641666667
2015,12,9,26.166666666666668,30.527659574468085,21.141802916666666,28.167022083333332,24.982779166666663,23.252375,36.5956125,47.568733333333334,16.027799166666668,41.520833333333336,39.343125,30.852721208333335,43.333333333333336,20.743919583333334,37.894634958333334,34.792178625,42.76944666666666,20.997720833333332,33.46794,25.291868750000003,22.75,19.273286875,18.49856958333333,29.565217391304348,39.11443504166667
2015,12,10,28.0,18.008333333333333,8.9615625,26.638381666666664,22.518141666666665,39.0021875,23.5543875,57.64070434782609,28.65386666666667,36.550000000000004,44.946891666666666,19.63753566666667,36.5875,35.76010041666667,25.300313041666666,41.83703641666667,39.54456125,13.938763541666667,28.9009825625,39.23890041666667,19.958333333333332,23.5688375,21.080459166666667,21.304347826086957,31.220322999999997
2015,12,11,32.541666666666664,21.926190476190477,9.469930416666667,39.74461458333334,30.365478260869562,17.57375,29.537608333333335,97.50493958333334,18.907426086956523,40.49166666666667,40.296258333333334,29.370505041666664,39.020833333333336,28.991544166666667,29.252424875,33.384178,41.609758875000004,12.865826041666667,32.24889297916666,35.25421458333333,21.125,19.360045833333334,20.867054166666666,27.458333333333332,32.04534666666667
2015,12,12,17.333333333333332,8.116666666666665,6.8840345833333325,9.851118333333334,9.854940000000001,27.484624999999998,11.8835525,29.98817708333333,22.969195,18.020833333333332,22.36338333333333,12.14364175,22.108333333333334,21.398721249999998,12.642873625,15.866709375,21.211961583333334,9.612381041666668,16.274791340425534,16.07282375,13.416666666666666,11.978958749999999,11.00464875,10.782608695652174,12.873931666666666
2015,12,13,12.666666666666666,9.576470588235296,8.243774166666666,6.910795,11.79288695652174,11.908291666666665,17.833107916666666,34.84512791666666,14.2479625,14.691666666666668,21.8293,11.924785958333333,20.070833333333333,11.996964166666666,11.817494125000001,13.7207225,17.300000999999998,8.465857291666667,11.440802354166665,13.5815475,10.458333333333334,11.843212173913045,13.57417619047619,9.217391304347826,12.351614416666665
2015,12,14,12.916666666666666,33.49,18.05072291666667,40.34139,22.97156565217391,34.7556875,57.05978681818181,50.547583333333336,26.83502625,51.29583333333333,22.597558333333335,17.422056625,47.13333333333333,25.23996916666667,26.601499625,40.977670583333335,31.831842875000003,15.727440208333334,18.97418076595745,34.89570375,25.791666666666668,20.440995416666667,13.480453684210527,16.17391304347826,77.75997175
2015,12,15,43.291666666666664,57.613157894736844,44.78078333333334,48.43471363636363,82.44446666666667,42.575375,69.34526666666666,128.1077125,41.977675,88.38333333333333,76.53175833333334,41.818041666666666,59.1625,70.25708333333334,40.662084291666666,67.8899015,51.41944720833333,42.82577708333333,43.081191187499996,65.99437083333333,40.458333333333336,41.571329166666665,39.22598333333333,53.08695652173913,62.73148166666667
2015,12,16,43.833333333333336,52.1875,49.33508333333333,64.70656666666666,59.422387500000006,57.95825,104.83719166666667,64.61631276595745,45.75974166666666,59.69166666666666,57.588233333333335,49.434503041666666,55.49166666666667,71.78946666666667,41.42920183333333,54.67411716666667,58.80649983333333,47.06842553191489,39.50264558333333,71.21787954545454,26.25,75.21698333333333,34.802504166666665,45.52173913043478,52.402227636363634
2015,12,17,39.333333333333336,38.553333333333335,21.847099999999998,15.83678125,35.52990833333333,12.4615625,56.45771250000001,65.80196666666667,12.659349999999998,38.15833333333333,35.596325,31.617598625,39.300000000000004,25.532941249999997,30.883763291666668,32.27234308333333,38.23792675,17.459874375000002,29.033631041666666,30.040160416666666,18.333333333333332,21.097816666666667,22.669316666666663,23.291666666666668,31.350902375
2015,12,18,22.625,23.267391304347825,15.782415,19.7068175,22.175075000000003,16.6296875,25.808967083333332,33.669245833333335,16.4766,29.991666666666664,28.398525000000003,19.237573833333332,29.162499999999998,11.722463750000001,24.800229958333333,24.183622791666664,34.35773820833334,14.363089791666667,27.841768125,25.90014791666667,21.541666666666668,18.294616666666666,19.267003846153845,24.130434782608695,26.857787333333334
2015,12,19,18.916666666666668,21.039583333333333,11.040665416666668,45.75270952380953,30.752508333333335,19.932125,25.18860125,47.44382916666667,20.135709583333334,27.991666666666664,31.746816666666664,17.873161083333333,34.11666666666667,27.12510416666667,24.601167916666668,31.6654465,31.08122283333333,13.983123958333332,26.97242466666667,35.39123958333334,22.083333333333332,21.944850000000002,30.19825833333333,26.17391304347826,31.53490033333333
2015,12,20,34.25,28.083333333333332,11.950940833333334,42.364097083333334,27.03816666666667,14.8056875,26.699564166666665,73.97550625000001,10.35395304347826,37.7125,36.775416666666665,28.405427,35.99583333333333,22.270917083333334,29.97584575,33.267653875,44.06813833333334,16.434449791666665,30.386923520833335,37.30790625,16.458333333333332,20.798591666666667,22.374472083333334,18.583333333333332,29.196343833333334
2015,12,21,27.833333333333332,22.363636363636363,11.866384166666668,11.83207375,18.4157875,13.0600625,26.528507083333334,45.241025,10.607737083333333,25.879166666666666,22.946766666666665,22.291235333333333,28.870833333333334,11.829775,20.755869833333332,25.68387170833333,28.9307237826087,11.822627916666667,21.239327282608695,23.586960869565218,17.043478260869566,18.109708333333334,16.852013333333336,18.916666666666668,19.996438875
2015,12,22,15.652173913043478,10.343589743589742,9.4721875,6.5755679166666665,11.161538181818182,10.5449375,16.813597083333335,23.69648424242424,11.463228333333333,14.066666666666668,17.774375,11.783687208333333,19.974999999999998,8.036970416666668,10.739645291666667,11.497052625,16.191943041666665,8.008297083333334,11.368013708333335,15.64041375,13.833333333333334,10.154325,11.223592083333335,11.782608695652174,10.570987708333332
2015,12,23,13.25,10.157142857142857,6.425695,9.745212083333334,11.777276666666666,18.464375,10.5921025,24.052708749999997,17.27083,11.441666666666668,20.239308333333334,9.595345166666666,16.283333333333335,16.0069425,9.758900208333333,11.82234925,13.916254166666667,8.460425625000001,11.176443083333334,19.512563958333335,13.083333333333334,11.808332083333333,15.079419999999999,12.08695652173913,9.015906958333334
2015,12,24,17.333333333333332,24.347916666666666,11.107706666666667,37.86482875,36.264562500000004,69.059,22.605257499999997,72.4286125,54.556662499999995,34.87083333333333,32.05905,17.279048375,30.537499999999998,49.565845833333334,31.471239416666666,30.94688066666667,41.744791,13.779505833333333,24.991556958333334,38.397775,21.875,21.021541666666668,23.391306666666665,25.625,25.581671541666665
2015,12,25,30.916666666666668,13.594285714285714,9.232481666666667,10.886539583333333,22.99469227272727,16.6795625,18.25439,74.18624791666666,20.087441666666667,34.229166666666664,34.37615,22.009127583333335,32.59583333333333,25.950916666666668,23.96999525,30.752673666666666,37.669997458333334,10.223507708333333,27.222509812500004,21.417851666666667,25.541666666666668,13.859178333333332,25.320783333333335,21.869565217391305,27.682811125
2015,12,26,13.5,8.814814814814815,10.799682083333332,5.394909583333334,10.57521125,8.7245,14.388155833333334,20.701131666666665,15.540416666666667,18.162499999999998,20.477658333333334,10.371811208333334,16.224999999999998,8.180398333333335,9.520996625,12.79823925,15.020340583333335,8.520452083333334,10.379936895833334,14.962385208333332,9.625,11.390040833333332,12.815378333333333,13.458333333333334,10.677825333333333
2015,12,27,13.75,15.216666666666667,7.198873750000001,13.649737916666666,17.619456250000002,12.429499999999999,15.600476363636364,28.10967125,17.332208333333334,16.991666666666667,18.351591666666668,13.086846541666667,23.545833333333334,16.63555375,13.060418708333332,14.905384875000001,18.19756754166667,10.5307075,12.750078020833334,19.992394047619047,17.666666666666668,13.907958333333333,20.10757875,15.478260869565217,14.660493833333334
2015,12,28,12.375,11.347222222222221,6.099041666666667,16.38337,16.90553458333333,35.154666666666664,19.989042083333334,34.3893,32.61708333333333,19.235294117647058,18.308458333333334,8.301073458333333,19.966666666666665,17.407641666666667,9.889989916666666,19.668310916666666,13.693848375,8.532939583333333,11.387701312499999,28.919721052631576,15.291666666666666,18.758501666666668,18.356168333333333,12.333333333333334,12.909544125000002
2015,12,29,17.217391304347824,25.4975,11.560525833333335,18.852462499999998,18.559925,26.162937499999998,24.89472875,28.376679166666666,34.86416666666667,39.045833333333334,30.879958333333335,25.153302083333333,18.9875,39.61810416666666,13.526515458333334,25.169223333333335,28.531498374999998,15.117628125000001,13.315259020833333,26.308554166666667,11.333333333333334,25.013733333333334,10.927766666666665,12.416666666666666,35.292022958333334
2015,12,30,53.21739130434783,28.672916666666666,16.192270833333335,20.664302083333336,26.239679166666665,28.63175,28.930618181818183,39.966427083333336,32.3575,55.32916666666667,32.116566666666664,26.699962,35.47083333333333,67.967625,25.344009458333332,42.25458141666667,27.947682874999998,24.5057125,22.4812709375,38.3089875,19.125,28.928187499999996,15.909498695652175,22.08695652173913,57.71604970833334
2015,12,31,51.416666666666664,40.572500000000005,20.672308333333334,7.98413125,47.332,73.00264583333333,,87.9206125,39.786625,75.375,78.628675,29.657868625000003,48.17391304347826,81.31787083333333,28.558134791666664,65.22441079166667,57.03519583333334,35.77191666666666,32.5939305,45.919787500000005,20.0,40.68802916666667,32.02597083333333,25.958333333333332,50.065289875
2018,1,1,18.958333333333332,17.90348285714286,15.314926666666667,12.21886875,,27.644883333333336,10.83279,55.923018750000004,22.73742916666667,26.333333333333332,21.84166666666667,14.947542499999999,26.205833333333334,10.465420416666666,15.063040625,25.6810645,27.211878083333332,14.658552826086956,24.833322895833334,15.097865208333333,38.853874999999995,10.352112173913044,29.208187499999998,20.625,26.846088499999997
2018,1,2,20.416666666666668,39.63810465116279,26.0916325,7.2650508333333335,,39.6970625,44.347974,65.93797708333334,28.3252,36.5625,38.375,33.28790416666667,39.66291666666667,34.829325000000004,37.361548291666665,48.49500008333333,37.97700079166666,17.705550833333334,42.755995063829786,14.736234166666668,41.822625,10.910137083333334,26.480995833333335,29.5,39.9978715
2018,1,3,17.75,16.854838095238094,8.515592083333333,6.000544782608696,,19.33801375,14.415756190476191,18.789457021276593,12.8144515,16.666666666666668,17.98333333333333,22.427308333333333,15.683333333333332,11.449982499999999,17.9564215,19.266354833333335,22.793868458333332,9.258447916666666,20.010465749999998,10.727608958333334,16.4695,7.231895000000001,15.767946521739132,15.291666666666666,19.64223683333333
2018,1,4,11.666666666666666,12.546563414634145,11.012200833333333,8.951060416666666,,15.456266363636365,25.9873875,17.649661249999998,10.421469166666666,13.570833333333333,14.200000000000001,15.920164,13.355833333333335,20.107635416666668,9.732926458333333,18.250806541666666,18.512789083333335,9.828985869565217,13.659253,10.890644791666666,18.742714285714285,12.572776875,17.732072272727272,8.125,13.482037125
2018,1,5,16.458333333333332,16.05350888888889,12.114889166666666,11.568532500000002,,19.098027916666666,22.10404470588235,26.20505,11.263695,15.029166666666667,16.925,15.193972083333334,16.532083333333333,15.520582500000002,14.614547416666667,17.813129083333333,20.852682916666666,10.969194791666666,16.9343199375,13.53432875,23.95075,8.893427083333334,18.415795833333334,14.375,17.470910083333333
2018,1,6,20.416666666666668,36.87896170212766,15.218311666666667,28.180340833333332,,52.11270833333333,33.42656611111111,68.93323124999999,26.113,33.30416666666667,25.483333333333334,19.137619166666667,37.53791666666667,19.77444875,32.38841413043478,59.07106458333334,35.963322749999996,15.609661041666667,31.858114625,30.2121375,89.797625,16.79189416666667,32.048875,25.541666666666668,54.97604558333333
2018,1,7,23.041666666666668,41.62053720930233,12.844801250000002,17.01265833333333,,42.31543333333333,45.277588095238094,42.04066875,35.907312499999996,39.6875,31.391666666666666,21.43442125,32.27583333333333,33.9982375,20.978354416666665,53.606935541666665,49.064312,21.57384875,24.5898854375,20.118174166666666,48.7695,13.009875833333334,29.501125416666667,22.875,39.785603375
2018,1,8,28.217391304347824,110.76414565217392,16.583761666666668,19.871675,,25.797645833333334,55.167075,26.496233333333333,26.46970416666667,107.3625,50.175000000000004,32.11904166666667,93.49391304347827,21.804411666666667,52.44962770833333,78.70158066666666,60.93293020833334,42.982006250000005,43.1166860625,22.183056250000003,45.681999999999995,21.750275000000002,17.754733333333334,23.625,122.28275037499999
2018,1,9,35.416666666666664,46.487053191489366,27.725816666666663,15.296177916666666,,35.9555375,30.621136363636364,39.19986041666667,31.71773333333333,111.91250000000001,99.94583333333334,40.061195833333336,69.66625,24.483295833333333,39.39103995833333,49.12074195833333,60.61476904166667,20.261747916666668,55.377065458333334,28.466214583333336,19.43825,21.4379375,21.260058333333333,22.625,58.81013983333333
2018,1,10,17.636363636363637,35.95840652173913,17.183131666666664,24.474874999999997,,95.23735416666666,30.85213333333333,47.84382708333334,86.8757875,29.625,17.099999999999998,20.151487499999998,20.38083333333333,28.494525,23.577216791666668,32.06499995833334,23.526847208333333,34.75977291666667,23.2377054375,45.273154166666664,31.78825,46.999613043478256,33.94952083333333,24.208333333333332,38.750796
2018,1,11,15.875,32.78667906976744,17.4851375,21.7875725,,98.94442500000001,30.884175,43.20998958333333,41.848933333333335,22.704166666666666,22.208333333333332,19.134975,21.255,33.01188333333334,26.934920166666668,30.62203225,20.731862208333332,42.02803541666667,24.160361604166667,44.854206250000004,34.82485714285714,47.80134583333333,33.93460833333334,27.333333333333332,38.41470470833333
2018,1,12,14.0,27.21655945945946,11.976215416666667,25.407083333333333,,28.38565416666667,27.07110909090909,29.97802916666667,34.559445833333335,18.974999999999998,15.6875,18.701891666666665,17.882083333333334,24.504108333333335,19.066861958333334,23.290935541666666,13.816891875000001,28.208614583333333,18.16190925,33.787733333333335,25.37575,36.55962916666667,20.163716666666666,20.291666666666668,30.131823166666667
2018,1,13,,19.369391489361703,7.719118571428572,18.99858958333333,,22.638915416666666,20.691460869565216,23.476854166666666,21.036849999999998,18.116666666666667,11.004166666666668,18.953075833333333,14.439166666666665,17.2929875,17.583716499999998,23.051580583333333,18.536953208333333,23.557035416666665,17.436105666666666,17.262,16.053875,20.734934782608697,14.470416666666667,13.708333333333334,28.93339225
2018,1,14,,25.956545833333333,,34.30849583333333,,28.92707083333333,21.2941875,29.601872916666665,28.335687500000002,18.8625,12.487499999999999,26.123437499999998,16.700416666666666,19.021716666666666,21.474814875000003,25.253645208333335,18.299339125,23.30623125,20.444039510638298,21.01635,21.456999999999997,18.641470833333333,16.901858333333333,14.666666666666666,35.15108120833333
2018,1,15,,36.21398541666667,17.736366666666665,55.6756375,,55.08320434782609,24.770508333333336,58.43069583333334,36.98855375,25.495833333333334,18.804166666666667,26.151791666666668,24.78125,31.964066666666668,30.297420083333332,29.640677458333332,22.10116325,35.324104166666665,31.321425583333333,39.86795,33.391375000000004,36.72575416666667,30.085391666666666,25.0,39.736958666666666
2018,1,16,,41.30576190476191,25.989283333333333,9.040404583333332,,39.717420833333335,34.53407272727273,40.04537083333333,16.007530416666665,28.870833333333334,25.195833333333336,31.671049999999997,28.61,38.28666666666667,39.760867041666664,30.225387208333334,25.19417266666667,16.97441458333333,33.432772291666666,17.999293958333332,40.635124999999995,15.604587916666667,33.360078260869564,31.416666666666668,44.05307845833334
2018,1,17,,25.50388717948718,21.972362500000003,6.862897083333333,,21.805525,35.74123181818182,18.98609625,16.734670416666667,25.016666666666666,19.791666666666668,31.015366666666665,27.433333333333334,40.03617083333333,28.13122183333333,23.496096750000003,28.073732208333336,15.388967916666667,30.371700875000002,12.738802291666666,48.710125000000005,10.550855217391303,21.528216666666665,18.458333333333332,30.237957124999998
2018,1,18,,20.873952499999998,10.507989166666666,6.968098333333334,,14.439155416666667,18.069034705882352,17.060257291666666,9.733877916666666,20.087500000000002,23.979166666666668,22.637600000000003,19.299166666666668,11.964788333333333,21.64143559090909,19.478355,27.739461666666667,11.644469375,23.09090479166667,10.202871666666667,23.831999999999997,6.821145416666667,14.645370869565216,14.833333333333334,22.242522124999997
2018,1,19,,27.955524137931032,19.542508333333334,20.572908333333334,,31.554078500000003,22.539935882352943,24.679725416666667,18.692650416666666,17.14782608695652,10.720833333333333,20.1424,18.97625,12.436870416666666,16.013012384615386,18.9346775,18.400022916666668,16.483087083333334,20.870517854166668,15.238915624999999,40.753875,15.630825652173913,16.63075,14.041666666666666,18.98774320833333
2018,1,20,,46.499020689655175,23.010294166666668,32.949029583333335,,40.576320833333334,34.34805,68.37874583333333,44.3709375,42.854166666666664,43.92083333333333,28.057179166666668,48.259166666666665,36.85508333333333,,45.68770966666667,42.354736833333334,23.024206250000002,43.928300625,31.691697916666666,68.185125,28.12725958333333,36.735191666666665,36.416666666666664,54.62668766666667
2018,1,21,,57.81347741935484,29.298929166666667,53.511491666666664,,57.07400416666667,55.056242857142855,59.436175,59.57790416666666,43.6,37.1625,27.1473,52.99333333333333,43.25376666666667,29.42109638461538,46.01596779166667,45.99143945833333,39.43366041666667,50.295860125,50.35372291666667,89.50075,30.017491304347825,48.275187499999994,61.666666666666664,59.36734379166666
2018,1,22,,44.19636470588235,19.403179166666668,21.3867875,,40.355466666666665,33.50490416666667,49.47581458333334,41.88746666666667,35.0375,29.245833333333334,23.5170375,29.83125,28.818483333333333,36.193547125,39.29009670833333,30.260586458333336,32.71725708333333,29.744186,41.3506375,46.691375,40.126,32.2629375,33.875,44.74737245833333
2018,1,23,,75.53311794871794,29.32875,28.226420833333336,,73.26799166666667,53.02451666666667,75.65406458333334,83.48857916666667,42.44,31.804166666666664,33.16662916666667,43.4575,23.195970833333334,43.994451125000005,41.75887095833333,33.643565625,58.90327083333333,37.53766814583333,62.889538095238095,53.282,,39.7112625,35.35294117647059,53.45036804166667
2018,1,24,,49.18792222222223,25.534016666666663,17.457766666666668,,49.69016250000001,51.03610833333334,85.36825208333333,30.185412499999998,36.65555555555555,32.94166666666667,41.768775,41.11875,23.37500833333333,58.971246666666666,39.40293558333334,39.96651466666667,12.056357499999999,46.44937947916667,24.467674583333334,62.782000000000004,,39.867870833333335,28.307692307692307,43.29687308333334
2018,1,25,26.875,40.63580810810811,20.785149999999998,17.364847916666665,,30.680895833333334,40.38174444444444,97.74292916666667,24.09495,32.045833333333334,28.962500000000002,34.032025,31.16541666666667,22.854758750000002,43.29249926666667,32.793322583333335,39.052304791666664,14.176034583333333,37.175852687500004,30.71117083333333,42.95075,,31.15330416666667,23.583333333333332,32.652507916666664
2018,1,26,37.041666666666664,87.30712926829268,33.143929166666666,42.282041666666665,,61.365408333333335,76.33948571428571,149.752125,28.486470833333332,45.46666666666667,44.550000000000004,50.32274583333333,56.759166666666665,54.628425,48.688040666666666,46.480999958333335,43.73209258333333,26.300652083333333,52.69137352083334,50.33995208333334,67.2945,,47.05109166666667,52.083333333333336,52.29615966666666
2018,1,27,69.78260869565217,44.092911904761905,14.616374166666667,50.223591666666664,,78.16840416666666,43.6169,134.49356875,65.61681666666667,71.78750000000001,78.25833333333334,47.14211666666667,77.51583333333333,74.86389166666667,55.40839146153846,58.54790325,75.077004625,24.337277083333333,76.15708779166667,38.190625000000004,92.23199999999999,,48.53299166666667,53.833333333333336,65.21798579166666
2018,1,28,26.05,12.104853846153846,7.876235,10.160765,,33.60327083333333,14.9110975,50.601810416666666,28.283620833333334,22.179166666666664,37.68333333333333,17.744802500000002,20.758333333333333,45.29576666666667,21.338108375,26.867580583333336,31.271452916666664,14.869532916666666,24.0006889375,13.624001489361703,29.472624999999997,,28.708704166666667,17.416666666666668,21.826830166666667
2018,1,29,11.125,5.703383870967742,5.97134875,4.571581363636364,,14.297345833333333,8.068991818181818,13.060069791666665,10.676296666666666,10.733333333333334,8.3875,7.195885652173913,9.464166666666666,12.999380833333333,10.103712875000001,12.157516083333334,15.500326583333333,7.1500433333333335,12.321723208333333,6.952052708333333,13.13417391304348,,13.134611304347827,4.684210526315789,7.392593416666667
2018,1,30,5.583333333333333,10.675690243902439,9.732024583333333,9.159923749999999,,13.879993157894738,7.900024583333334,8.34593125,8.277889130434783,9.341666666666667,6.269565217391304,4.840167083333333,8.511304347826087,9.211003333333332,3.278141666666667,11.265064416666666,7.900705875,10.160566874999999,7.921886895833333,9.263712083333333,17.585749999999997,,11.8872985,6.045454545454546,6.658499333333334
2018,1,31,10.375,17.847413636363637,10.327875,14.997512083333334,,25.667312499999998,17.609043636363637,36.39141111111111,18.181375833333334,15.908333333333333,15.258333333333333,17.863574166666666,15.352105263157895,18.38001125,29.469506555555554,19.799774250000002,19.865980583333332,11.483268541666668,20.285882416666666,17.194865833333335,21.81325,,19.947475,15.791666666666666,20.69473325
2018,2,1,22.083333333333332,28.747497297297297,13.378082916666665,13.135310833333333,,37.09009583333333,28.002579583333333,43.26651666666667,18.090062083333333,30.369565217391305,23.84583333333333,23.846679583333337,33.4975,12.726418333333333,28.634397625000002,28.474677416666665,33.86507016666667,8.831652083333333,31.71498952083333,17.245465116279068,48.472624999999994,,27.536908333333333,19.208333333333332,32.05550366666667
2018,2,2,26.541666666666668,40.08250465116279,33.95345708333333,19.875724545454545,,32.965916666666665,46.78015416666667,31.646824999999996,25.166920833333336,34.800000000000004,33.413636363636364,34.448366666666665,32.1675,17.99463043478261,50.811068500000005,29.87661295833333,33.3665915,13.191341041666668,28.7015223125,24.778947916666667,48.353874999999995,,28.703926666666664,26.833333333333332,39.927115541666666
2018,2,3,34.473684210526315,47.00066756756757,31.939420833333333,15.783688750000001,,87.89285416666667,45.52720416666667,84.48925,53.6345875,50.19583333333333,35.77916666666667,31.5172,49.8125,20.8052625,58.23686916666667,52.84783866666667,45.72458333333333,13.322679583333333,49.04972914583333,20.47803791666667,59.635124999999995,,46.95135,40.958333333333336,60.884176875
2018,2,4,10.681818181818182,39.536912121212126,11.316965416666667,13.303157083333334,,39.730799999999995,45.90479583333334,51.948591666666665,20.657085416666664,22.90833333333333,12.804166666666667,14.900318333333333,27.258750000000003,21.566577083333332,20.581665875,28.659322708333335,22.025000000000002,21.75614416666667,23.314840833333335,21.759537608695652,38.141375000000004,,52.0974,29.125,29.773620500000003
2018,2,5,11.5,19.374221951219514,10.696234583333334,17.66766625,,29.878325,39.10216666666667,23.128466666666668,26.494285833333333,16.054166666666667,11.25,10.575659583333334,15.63,23.3032,18.340159041666666,26.077709625,18.16125,15.882939791666667,19.656366083333335,30.02753170212766,35.707,26.776537333333334,22.643986956521736,13.375,19.673192583333336
2018,2,6,19.166666666666668,44.812512500000004,11.268280833333334,58.79379583333334,,67.52295,24.59424208333333,59.23190833333334,67.60914166666667,45.69166666666666,29.724999999999998,15.302698333333334,49.16791666666666,58.43723333333333,32.38063508333334,38.05570970833333,46.281666666666666,20.998409374999998,34.2145729375,65.01580416666667,105.22972727272727,27.32265,30.110174999999998,31.541666666666668,83.28731525
2018,2,7,32.42857142857143,74.69716808510638,46.93298958333333,91.52158333333334,78.36628461538461,71.63957083333334,103.0909625,65.42403333333333,86.35146250000001,74.84166666666667,44.71666666666667,48.38355416666667,59.20875,65.24924583333333,59.869959949999995,48.41635483333334,42.00791666666667,57.736975,54.19025,86.2901,73.410125,79.50333333333333,51.91594583333333,52.458333333333336,69.25992587500001
2018,2,8,33.333333333333336,102.9170875,50.423474999999996,81.9299625,82.5815125,81.89584166666667,149.58201666666668,61.16623333333333,76.90365833333333,39.32083333333333,35.63333333333333,37.288937499999996,46.130833333333335,37.58015833333334,47.791167,41.287000041666666,38.18541666666666,76.39517291666667,40.1430178125,85.56296250000001,91.04449999999999,85.16884166666667,65.67513333333333,64.25,48.373620458333335
2018,2,9,31.416666666666668,89.08818260869566,57.82452916666667,49.08273333333333,116.01652083333333,98.98474583333332,95.34450416666665,76.64099166666666,108.78645833333333,32.233333333333334,39.074999999999996,22.43970416666667,32.525,27.274383333333333,35.1632118,36.910225833333335,35.82583333333333,71.25738958333334,32.687817,125.79658541666667,65.3015652173913,70.6467875,55.27855416666667,54.208333333333336,33.15664475
2018,2,10,28.083333333333332,59.89242,18.83720375,67.09165416666666,87.21002083333333,110.56304583333333,51.75857083333333,65.61649166666666,195.86,34.7125,33.545833333333334,25.18755416666667,45.43375,35.237716666666664,53.112054666666666,44.71661283333333,26.550416666666667,85.44982291666666,43.45628422916667,98.69672291666666,119.722625,91.140175,59.453291666666665,69.04166666666667,53.976616166666666
2018,2,11,28.75,81.32350625,32.40790416666667,29.002857916666667,77.86327391304347,114.35307083333333,58.474291666666666,55.93888333333334,86.23769583333335,45.887499999999996,41.979166666666664,46.7764125,48.00666666666667,43.36932083333334,61.92218825,44.08403220833333,30.53,30.210536458333333,46.692192,48.11070208333334,85.641375,33.88981666666667,51.7786375,62.125,53.84837091666666
2018,2,12,29.0,32.49084473684211,17.218651666666666,18.43204,38.80717958333333,66.92395833333333,32.56577083333333,79.895075,52.335858333333334,61.7875,52.71666666666667,43.88958333333333,61.20541666666667,49.94186666666667,52.48320470833334,59.51558058333333,53.57125,14.064631875000002,50.975413645833335,32.59603260869565,83.74137499999999,11.373258260869566,39.997616666666666,44.041666666666664,62.675189749999994
2018,2,13,73.125,35.2397875,16.22206,46.68938333333333,61.853258333333336,71.79200833333333,26.567091666666666,91.91789583333333,50.86917619047619,97.27499999999999,65.44166666666666,36.176120833333336,78.42458333333333,49.07792083333334,68.59874154166667,62.480161375,85.97291666666666,24.344041875000002,69.11201341666667,41.9165375,112.28995454545453,17.708152083333335,38.29314416666667,64.79166666666667,97.47390579166667
2018,2,14,32.458333333333336,48.35669347826087,32.67774583333333,70.09535416666667,70.38916666666667,46.33615833333334,62.092054166666664,39.1616,53.269175,58.49583333333334,29.958333333333332,44.08779166666667,54.46083333333333,33.49574166666667,54.833597,39.39951608333333,31.183333333333334,33.53631458333333,44.7805699375,68.35345625000001,64.622625,47.03741818181818,37.9808,50.5,74.924833125
2018,2,15,23.166666666666668,43.392048571428575,22.174858333333333,42.8085125,44.453908695652174,42.57685416666667,43.052474999999994,47.784324999999995,50.05382083333333,34.71666666666667,32.36666666666667,28.411358333333336,33.04666666666667,35.7953875,38.0261336875,39.27299991666667,25.04875,30.529514583333334,33.05097914583333,51.46462708333333,46.335125000000005,35.95684166666667,33.96400833333333,36.083333333333336,41.883097695652175
2018,2,16,43.0,44.94281111111111,22.216694166666667,19.959765,32.1481375,55.55175416666666,41.94126086956522,78.56340416666667,42.468070833333336,44.7125,39.65,43.9397625,50.66375,34.2227125,46.89646591666667,46.672483916666664,41.702608695652174,24.435836170212767,46.70462504166667,30.542712499999997,72.63825,20.83480913043478,45.34365,44.125,44.499533782608694
2018,2,17,31.5,29.093621951219514,12.150939166666667,35.361354166666665,39.1621,71.917825,28.256050833333333,83.4560375,57.98849583333333,35.07083333333333,36.69166666666667,17.9106625,37.27875,36.941720833333335,30.842807041666664,39.77564508333334,43.66041666666666,14.785212083333334,40.4815298125,32.27985208333333,59.931999999999995,22.00748916666667,40.7515125,33.875,39.630824499999996
2018,2,18,21.75,45.62585151515152,17.70992083333333,18.431527083333332,34.180641666666666,43.191937499999995,45.0107625,49.97532916666666,45.476850000000006,31.795833333333334,22.108333333333334,16.480424583333335,28.047083333333333,34.109541666666665,31.849158708333334,36.56145158333333,35.55458333333333,16.182373333333334,26.41298810416667,27.1600375,55.30075,16.152915,34.4349,26.166666666666668,29.345431130434783
2018,2,19,36.291666666666664,39.6628,17.49940375,45.97875416666667,45.08677391304347,31.838345833333335,47.43786666666667,30.866666666666664,42.41305,58.86666666666667,32.85,34.5148875,54.01125,38.401245833333334,57.279923708333335,54.90658760869565,51.303333333333335,21.85233666666667,41.218538708333334,43.54470833333334,56.310125,28.007191666666667,32.21819583333333,33.375,55.10871325
2018,2,20,42.75,51.39194857142857,23.60045583333333,65.8275625,39.644725,50.390475,50.04143333333334,59.526225000000004,62.93812083333333,61.895833333333336,38.6625,30.678283333333336,52.40111111111111,40.91670416666667,41.336109416666666,38.27796766666666,42.46083333333333,32.947772916666665,35.65453572916667,44.53887708333334,45.4445,34.111,32.33242083333334,29.541666666666668,49.947942958333336
2018,2,21,36.608695652173914,45.29780487804878,12.140012916666668,49.438250000000004,37.74265416666667,51.331041666666664,50.53904090909091,46.66041666666666,47.8745875,43.56666666666666,29.879166666666666,17.120795416666667,23.183333333333334,30.73453333333333,35.64048533333334,30.221967708333334,34.83416666666667,31.170623404255316,31.46814433333333,44.94510208333333,44.85075,27.684587500000003,29.846779166666668,29.666666666666668,42.04537520833333
2018,2,22,23.458333333333332,41.330709523809524,16.14503894736842,26.556299999999997,37.705841666666664,41.721737499999996,56.886829166666665,36.508725,35.48289583333334,55.75416666666666,25.7,20.749120833333333,29.35739130434783,30.267108333333336,31.779126625,29.158548333333332,52.63166666666666,30.736170638297875,32.8849746875,29.907533333333333,44.05342857142857,32.77301666666667,24.746499999999997,28.208333333333332,44.601438
2018,2,23,38.166666666666664,64.8516170212766,17.261545416666667,36.62245,40.52809166666667,46.05575416666667,57.80085,41.058616666666666,37.825491666666665,80.89166666666667,31.191666666666666,26.100691666666666,53.086666666666666,35.54374583333333,29.946779958333334,41.864871,54.67916666666667,24.897875,35.90312945833333,45.64179583333333,98.05075,31.935075,34.13169583333333,41.666666666666664,73.20899854166667
2018,2,24,21.125,17.756972340425534,11.9531075,35.031252083333335,25.07268304347826,36.459041666666664,35.522891666666666,40.09791666666667,39.161233333333335,31.683333333333334,31.3,14.748474583333333,36.287083333333335,30.20025,20.466544541666668,38.937903125,46.517500000000005,12.184540624999999,30.546247041666664,34.392966666666666,40.160125,21.444342173913043,29.1202,29.0,31.644233958333334
2018,2,25,17.541666666666668,33.800444444444445,14.821885833333333,17.531934583333335,16.489771666666666,46.61377916666667,76.12674090909091,29.828587499999998,36.66187083333333,23.133333333333336,25.525000000000002,26.5083125,24.288749999999997,24.810420833333335,21.73959375,32.082096791666665,37.275,22.36281166666667,25.196678583333334,22.25613125,30.29613043478261,16.986877083333333,23.914470833333336,20.125,27.712850208333332
2018,2,26,23.181818181818183,62.02452291666666,18.233278333333335,22.79852083333333,36.44054166666667,58.048624999999994,74.3194,39.89995208333333,36.781370833333334,68.375,36.083333333333336,22.52117708333333,35.747083333333336,37.69478333333333,39.82034629166667,32.27016125,55.46083333333333,18.705807708333335,35.161142875,37.41346458333333,39.091375,24.834162173913047,32.731375,27.125,73.571623375
2018,2,27,47.208333333333336,78.66058124999999,14.334208333333335,27.955991666666666,41.69167391304348,39.0492,31.941235294117647,31.829166666666666,35.940025,101.175,33.84166666666667,21.2148875,51.412083333333335,28.368399999999998,61.92670282352941,35.005645125,51.701249999999995,22.262599166666664,41.609096666666666,37.507164583333335,53.08768181818182,34.20030833333333,28.002470833333334,38.083333333333336,90.19005172727273
2018,2,28,16.291666666666668,29.741229787234044,14.094845833333332,27.744704166666665,23.2291875,46.26812916666666,38.05197857142857,29.804333333333332,28.30479166666667,27.254166666666666,28.3625,17.204779166666665,24.26125,38.300075,26.118381571428568,27.907064541666667,28.54375,23.573983333333334,25.87850895833333,34.029260416666666,33.153875,28.550586956521737,24.658091666666667,22.333333333333332,29.879754625
2018,3,1,25.375,37.987685416666665,12.71270125,44.13583333333333,39.1104125,78.19649583333333,38.39923,83.15827083333333,60.725545833333335,37.74583333333333,48.949999999999996,15.987570833333335,36.70916666666667,77.80870833333334,36.08226329166667,49.233580708333335,69.505,20.20376069767442,27.288166666666665,49.17683333333333,51.361347826086956,34.1057875,38.438962499999995,37.291666666666664,67.26548925
2018,3,2,38.833333333333336,77.5590659574468,19.155075,67.39501666666666,58.02158095238095,67.594425,78.04950000000001,79.93347083333333,89.11737083333333,71.10833333333333,144.92916666666667,30.873395833333333,47.184583333333336,90.04449999999999,42.81110054166667,62.965709583333336,51.19708333333333,33.93165416666667,43.77479616666667,60.674831250000004,65.216375,45.654475,45.17905416666667,47.708333333333336,85.58286709090909
2018,3,3,34.416666666666664,70.23118125,23.494929166666665,72.52645833333334,58.91614166666667,90.94294166666667,,72.21313958333333,66.72613750000001,60.28333333333333,48.52916666666667,33.4737625,67.60000000000001,63.3810875,44.84347041666667,69.51035483333334,46.111250000000005,40.07576666666667,47.875941958333335,60.60154166666666,123.46325,45.31853043478261,44.15224166666667,51.833333333333336,87.02854204166665
2018,3,4,38.458333333333336,84.19143749999999,27.633704166666664,76.71651666666666,96.86699166666666,114.18367083333334,,119.41103958333333,101.16380416666668,86.04166666666667,76.80833333333334,45.89774166666667,79.37541666666667,99.62457916666666,51.20056208333333,72.48519337500001,60.780833333333334,50.022655882352936,55.2800341875,103.05571666666667,147.68825,57.03803333333334,50.79329583333333,64.26086956521739,106.49530387499999
2018,3,5,61.75,106.13795416666666,50.1997,68.15925416666667,66.54592916666667,100.6054625,,109.70608958333334,73.24134166666667,83.5,105.89999999999999,52.12793333333334,67.5425,91.5158,70.06749679166667,64.395,60.1875,83.15759166666668,65.23312197916667,78.32508958333334,97.2195,75.71905217391304,67.16499583333334,74.125,78.29016841666667
2018,3,6,34.166666666666664,107.9050829787234,78.1477875,74.01755,75.77310416666667,138.87459166666667,,75.60581458333333,158.20691666666667,50.2125,46.37083333333334,50.51717083333333,52.270833333333336,84.35610416666667,61.31588316666667,52.434096708333335,42.45875,88.51401666666668,51.945986624999996,77.0289875,71.03512500000001,59.7875625,62.820704166666665,59.708333333333336,62.900724625
2018,3,7,25.333333333333332,78.06336578947369,30.714116666666666,36.07013333333334,62.28973333333334,72.8176125,,72.25555,42.8697875,50.42916666666667,50.28333333333333,42.115249999999996,62.02125,90.84878333333334,61.676116666666665,55.826096791666664,42.303333333333335,63.81005833333333,54.10288389583334,53.947300000000006,89.322625,48.532333333333334,55.38209583333333,55.083333333333336,68.66734391666667
2018,3,8,57.458333333333336,37.96159411764706,23.329759166666665,22.733802916666665,38.36691666666667,35.214929166666664,,57.15785541666667,28.546075000000002,43.96666666666667,50.20416666666667,42.4286125,45.89291666666667,36.326075,49.242061750000005,38.671193583333334,45.83625,34.199620833333334,47.211552062500004,32.93524375,56.607,24.54886375,32.27275,36.833333333333336,45.68931237500001
2018,3,9,34.666666666666664,25.594299999999997,13.870623333333334,22.15624916666667,25.069884583333334,33.010124166666664,,58.41974,22.373795,26.617391304347827,36.12083333333333,28.675816666666666,31.670833333333334,30.563491666666664,29.01717591666667,37.14274195833333,37.663333333333334,22.546963333333334,33.225480645833336,17.511641458333333,45.622625,11.728643478260869,26.105972499999996,27.75,35.51370620833333
2018,3,10,26.125,38.810523255813955,13.287954166666667,44.35816916666667,45.609029166666666,63.393125,,63.794266666666665,46.931270833333336,32.09166666666667,31.675,21.507045833333333,35.68458333333333,46.381875,37.16296383333333,39.037064541666666,33.352916666666665,36.224175,40.45943154166667,40.82865625,53.460125,28.160291666666666,35.51302,34.583333333333336,44.03096708333334
2018,3,11,25.583333333333332,50.254353333333334,35.83578375,15.668913333333334,35.11921666666667,36.5546375,,54.37714104166667,28.939733333333333,36.416666666666664,22.8125,42.34856666666666,35.63708333333333,36.884544166666664,45.47951533333333,31.227258083333336,31.985416666666666,31.1979875,40.4717158125,36.0062625,40.753875,20.003978749999998,,31.666666666666668,42.64680175
2018,3,12,21.791666666666668,36.77787441860465,30.490054166666667,31.0652675,20.053130833333334,14.404835714285715,,21.17786875,16.342514583333333,18.404166666666665,15.429166666666667,28.5027375,19.154999999999998,22.058525,25.484872,20.651193458333335,20.919999999999998,46.58014166666667,22.153620500000002,24.326647291666664,17.182,24.21124875,13.328742307692307,14.5,24.03795716666667
2018,3,13,18.791666666666668,18.697753846153844,14.55669625,9.598045,12.7514275,17.535366363636363,,18.596840208333333,13.35639375,14.454166666666666,14.491666666666667,16.521363333333333,16.749583333333334,29.617729166666667,20.526503583333334,18.551709666666667,23.754583333333333,17.750257083333334,22.660019354166668,16.233004166666667,24.425749999999997,8.655240416666667,15.211265416666668,11.166666666666666,20.646088416666668
2018,3,14,17.791666666666668,19.635684615384616,6.29023375,12.771264166666667,19.075832916666666,32.285441666666664,,43.82814291666667,20.8483175,17.745833333333334,19.179166666666667,11.659639166666667,20.98,32.641579166666666,19.375930555555556,25.34938704166667,22.33875,17.00836,24.997578875000002,14.909741250000002,31.064954545454544,10.50678652173913,18.674541666666666,18.458333333333332,26.34637370833333
2018,3,15,12.083333333333334,14.889669444444444,7.947208750000001,25.670272083333334,28.5567375,41.1851652173913,,30.818275,37.929875,18.1875,17.004166666666666,9.773294583333334,19.169999999999998,28.7730375,,25.84519345833333,23.215,11.406227083333334,22.82588989583333,32.799729166666665,28.403875,22.393454166666668,23.250654166666667,24.791666666666668,31.670767458333334
2018,3,16,9.045454545454545,13.507484615384616,11.31504625,22.27057458333333,20.391125,27.55164166666667,,37.16596416666667,31.291381666666666,15.487499999999999,16.583333333333332,8.210636666666666,15.904583333333333,35.36082916666667,13.202598857142858,20.452870875,12.705,10.471675925925926,16.627586333333333,29.278589583333332,17.360125,18.001137916666668,17.70062391304348,18.041666666666668,22.46055847826087
2018,3,17,9.041666666666666,12.334072340425532,17.609416666666664,14.9654125,10.425253913043479,18.8645125,,15.224757916666666,16.45970125,12.466666666666667,13.533333333333333,9.90029625,12.402083333333332,17.17962125,10.679798916666668,16.438548375,10.479583333333332,9.547208780487805,10.950026812499999,16.128075,13.797625000000002,8.12067875,13.869887916666668,8.5,16.763349541666667
2018,3,18,10.666666666666666,13.358032352941176,17.639354782608695,14.282030416666666,10.690739583333333,19.28804583333333,,15.089607083333334,13.402940416666667,14.3375,13.929166666666667,16.84644125,12.185,19.46343375,9.778015791666666,16.876225791666666,11.183333333333332,11.537498510638297,12.642117541666666,15.300989583333333,13.678875,9.289291666666667,12.33916652173913,8.916666666666666,25.2275435
2018,3,19,15.583333333333334,49.825597826086955,40.66100208333334,30.07890833333333,30.86663625,27.3433375,,23.799935416666667,23.327671249999998,32.483333333333334,11.633333333333333,37.47413625,25.870416666666667,28.427454166666667,20.268440083333335,20.6306775,21.42375,25.185142380952385,18.44498960416667,28.25949375,28.166375,21.165680434782608,16.0645625,17.25,45.384177
2018,3,20,32.625,75.67831777777778,14.79011,45.71350416666667,53.416962500000004,38.5137375,,36.72590208333333,37.18969166666667,50.21666666666667,24.320833333333336,20.256824166666668,35.41916666666666,31.358158333333332,44.906307416666664,35.00222575,27.881666666666664,28.269404666666667,35.775642893617025,43.96534166666667,72.341375,21.93862083333333,30.006160869565218,32.583333333333336,47.612992875
2018,3,21,16.666666666666668,17.59885238095238,11.300836666666667,17.513372916666665,19.147283333333334,43.684850000000004,,37.37554145833334,24.658205,20.183333333333334,21.05,10.518653333333333,20.4975,31.609323333333332,16.88771266666667,25.284419375,18.859166666666667,16.365301428571428,17.682526770833334,16.129717083333333,40.321285714285715,10.42659695652174,20.891417916666665,18.958333333333332,19.593592
2018,3,22,29.416666666666668,25.51548,13.649782916666666,30.768016666666668,20.88506375,42.18528333333333,,40.504933333333334,30.789379999999998,31.441666666666666,46.84166666666667,27.195887499999998,34.32,42.84686666666667,34.08203145833333,33.340419375,37.05625,18.875196875,37.15920833333333,23.865808333333334,38.497625,18.32177,33.674425,26.375,37.300296625
2018,3,23,46.083333333333336,55.16792162162162,19.679020833333333,28.925387916666665,36.9598875,78.36332083333333,,75.63937708333333,54.997233333333334,60.27916666666667,35.725,43.819229166666666,55.4075,49.94752083333333,61.47177641666667,54.5233225,60.000416666666666,23.82217484848485,55.60845679166667,27.4022125,64.860125,19.479974347826087,55.047025,42.416666666666664,58.602293833333334
2018,3,24,41.75,81.25782857142858,28.56141666666667,37.6464175,67.8689375,55.329745833333334,,66.21485208333333,65.53388333333334,67.02173913043478,41.862500000000004,43.72150416666667,71.25708333333334,64.01942083333334,69.3633385,54.28396783333333,56.70916666666667,31.438875,62.32416370833334,46.70227083333333,85.46325,24.862191666666664,38.52170833333333,52.25,94.87362054166665
2018,3,25,33.608695652173914,77.90549523809524,27.114433333333334,50.35520416666666,42.6072625,41.48603333333333,,55.61403958333333,29.664029166666666,59.74761904761905,40.68260869565218,45.8307625,50.23521739130435,43.458395833333334,53.91658939130435,41.89906454166667,42.35583333333333,47.80489583333334,49.11851521276596,36.22825,51.441375,43.26069583333333,27.729529166666666,36.041666666666664,53.9102825
2018,3,26,46.458333333333336,83.14940975609755,15.860098333333333,49.769725,40.04599583333333,53.97022916666666,,53.88342708333334,40.66974583333333,44.225,30.84166666666667,36.66024875,48.38625,41.191429166666666,50.81263827272728,34.619258083333335,43.07833333333334,45.18780833333333,51.94632883333333,40.37984166666667,67.88825,35.103654166666665,31.25299166666667,42.708333333333336,45.923691875
2018,3,27,20.208333333333332,14.249078571428571,5.576730833333333,34.195791666666665,22.58259166666667,40.2904,,50.41684565217391,29.942029166666668,16.724999999999998,29.408333333333335,15.159503749999999,21.97,48.22228333333334,21.4374005,38.565193541666666,26.969166666666666,24.894862500000002,24.602898770833335,21.451558333333335,43.0695,12.450004999999999,27.53199125,32.583333333333336,24.970421047619045
2018,3,28,13.958333333333334,38.42537428571429,14.498166666666668,49.80039166666666,35.62050833333333,39.79109583333334,,37.7558625,38.933412499999996,28.392857142857142,16.633333333333333,17.141860416666667,21.280416666666667,37.39279166666667,27.828548791666666,25.653709583333335,28.871666666666666,26.470312500000002,25.189922624999998,46.438435416666664,21.10075,39.06217916666667,26.635104166666665,21.583333333333332,30.96892982352941
2018,3,29,13.416666666666666,23.170225000000002,18.326591666666666,17.589610416666666,27.04725875,37.821045833333336,,40.692468749999996,26.022784583333333,26.887500000000003,30.420833333333334,19.367595833333333,31.866249999999997,32.807295833333335,29.716537458333335,36.94783875,27.15416666666667,20.7374875,30.7122291875,25.551904999999998,37.48825,21.332984347826088,20.97039583333333,18.181818181818183,31.6707675
2018,3,30,27.25,24.297682758620688,13.527412083333333,20.860889999999998,27.301179166666667,36.44624375,,31.23261666666667,31.826662916666667,36.80833333333333,29.71666666666667,21.247270833333335,23.368000000000002,34.50850416666666,32.10722225,30.252742041666664,40.714999999999996,12.511949166666668,31.37580804166667,20.897067708333335,38.438250000000004,20.291825,22.592683333333337,22.5,43.75236529166667
2018,3,31,26.08695652173913,25.424210000000002,10.42183625,26.8934625,41.32364583333334,21.548991666666666,,27.314727916666666,19.975752500000002,27.941666666666666,32.38260869565217,29.83787083333333,,38.437125,31.639062374999998,32.74203225,35.17,16.4363125,39.35447620833333,36.07530416666667,37.01325,29.111504166666666,19.830254583333332,34.0,47.63068191666667
2018,4,1,11.782608695652174,10.570065384615386,10.301374583333333,15.3187975,15.7468875,19.914029166666666,,26.90132170212766,18.76588875,16.474999999999998,19.195833333333333,10.23841875,,16.446835416666666,16.619576041666665,21.728290291666667,19.754166666666666,15.018612916666667,20.796752979166666,17.485562083333335,20.38825,9.893490833333333,18.00354125,16.565217391304348,19.179630608695653
2018,4,2,11.916666666666666,19.312080555555557,12.7436025,22.300933333333333,18.533422173913042,20.578111250000003,,22.033242083333334,12.316609583333333,18.287499999999998,12.266666666666666,12.165444583333334,,28.04202375,14.934008833333332,22.40190325,17.891666666666666,15.569850833333334,17.297668187499998,25.11236666666667,31.1945,21.423750434782608,16.574035454545456,16.125,22.675903
2018,4,3,20.625,53.84924864864865,40.6109,15.612820833333332,35.31759958333333,33.16776791666667,,32.04159104166667,26.400259583333334,34.2125,23.068181818181817,31.6638875,43.27076923076923,17.629892916666666,40.040036,25.137387,36.16916666666666,19.159226666666665,34.21478125,27.01265020833333,39.507,17.056965833333333,17.260274583333334,23.375,39.052715363636366
2018,4,4,20.666666666666668,55.173833333333334,26.88795,12.687640833333333,21.741937500000002,24.022491666666667,,28.394233541666665,20.185302916666668,27.883333333333336,19.629166666666666,27.0951625,43.29624999999999,12.52868625,32.95911945833333,22.2309355,21.59583333333333,14.741774999999999,26.998992541666667,18.504691041666668,22.941374999999997,15.74112875,16.460382083333332,25.416666666666668,30.711138416666667
2018,4,5,15.75,22.936899999999998,16.168945,7.899148749999999,11.257857916666666,13.452746666666668,,20.47983625,12.000029166666666,23.349999999999998,15.754166666666668,21.021269583333332,38.4475,10.74882875,20.4372845,21.90951625,22.63291666666667,8.651909166666666,31.64031347222222,12.318815,19.639608695652175,5.874735416666667,12.252554347826086,13.708333333333334,21.618984291666667
2018,4,6,14.75,18.793411363636363,6.849662083333333,12.681070416666666,17.940872916666667,17.476630833333335,,21.206984,15.077140869565218,20.120833333333334,13.327272727272726,9.250115,25.58608695652174,23.332496666666668,10.485737214285715,18.811580791666668,14.544166666666667,10.380765,23.566543694444444,16.140608333333333,34.0445,6.033854347826087,13.433562173913042,10.695652173913043,22.021409375
2018,4,7,12.0,27.643454166666668,13.293027083333333,10.383315833333333,31.821280833333333,27.160758333333334,,37.64041354166667,30.50260833333333,36.12083333333333,28.537499999999998,13.275642500000002,32.80458333333333,30.082408333333333,18.305302944444446,27.120613000000002,20.484166666666667,15.047035416666667,21.863233604166666,26.17964375,28.581999999999997,16.125667083333333,18.12055833333333,20.083333333333332,31.064918666666667
2018,4,8,15.083333333333334,24.951660416666666,27.230208333333334,17.305596666666666,22.232327916666666,20.717057916666665,,28.08451434782609,27.382291666666664,20.883333333333333,17.916666666666668,18.51899166666667,28.458333333333332,24.415575,20.016132708333334,21.177774083333333,18.785,17.275206666666666,22.974982145833334,22.728367916666667,18.48825,11.75857,19.202494583333333,20.125,21.468627708333333
2018,4,9,16.958333333333332,34.4431914893617,31.799395833333335,22.708896666666664,23.402170416666667,19.3835125,,23.68951724137931,17.8773725,23.1125,17.195833333333333,27.96507916666667,20.82357142857143,23.034645833333332,23.86022325,18.524354875,19.546666666666667,28.90054166666667,26.3368348125,28.034964583333334,22.228875000000002,25.565520833333334,16.290066666666664,17.833333333333332,22.808570625
2018,4,10,20.083333333333332,40.13585,18.40716375,12.015101428571429,23.314162916666664,18.4042375,,27.035573170731706,17.48489125,23.2,17.566666666666666,33.1063125,26.928749999999997,21.06848375,27.535277450000002,23.56448383333333,26.335416666666664,24.82422083333333,27.727593708333334,19.241191666666666,24.0695,18.254518333333333,18.6856625,22.833333333333332,28.756502166666667
2018,4,11,13.75,22.86671914893617,14.220724166666665,10.400526666666666,23.508354166666667,22.426013636363635,,24.802306041666668,17.324750869565218,16.979166666666668,17.375,16.577524999999998,20.697916666666668,28.666359166666666,24.44574272222222,21.622290333333336,18.936249999999998,20.790924999999998,24.78396277083333,18.61779208333333,23.95075,28.273677083333336,14.962299565217391,17.5,24.413848875
2018,4,12,13.416666666666666,25.77835,23.677374999999998,10.833866666666667,32.62965416666666,28.7181375,,30.46090645833333,22.661202727272727,17.7625,23.22083333333333,20.865579166666667,24.239166666666666,45.88023333333334,25.373108375,31.75041941666667,21.80666666666667,22.013895833333333,27.361879416666667,23.075171304347826,33.628875,27.177149166666666,21.4857875,29.166666666666668,27.275047083333334
2018,4,13,21.17391304347826,26.226658695652176,29.909929166666668,11.732490833333335,33.505060416666666,24.7678125,,36.003059375,19.30588625,19.745833333333334,26.504166666666666,28.493570833333333,25.299583333333334,41.7927575,25.664748833333334,29.96967882608696,26.359166666666667,27.031783333333333,27.4831220625,21.07602043478261,37.3398125,22.21941681818182,24.100191666666664,27.916666666666668,27.283891541666666
2018,4,14,19.208333333333332,18.616123255813953,19.77083125,7.295222916666667,17.38770125,13.992171500000001,,18.10948625,9.628205652173914,18.1125,11.570833333333333,21.08199625,19.32375,24.210502916666666,19.800280375,20.011774166666665,20.3025,15.305009583333332,20.821433041666666,14.678605625000001,,10.211549166666666,11.234776666666667,13.916666666666666,20.747800291666668
2018,4,15,13.333333333333334,23.122740425531916,18.46684625,15.128202083333333,19.307579166666667,21.172695833333332,,22.304102916666665,24.092801249999997,24.120833333333334,18.5,16.362545416666666,23.98875,20.944866666666666,17.936275291666664,19.35481208695652,19.242083333333333,20.27227291666667,21.759230666666667,22.597847916666666,13.223666666666666,14.382500869565217,13.343908333333333,15.833333333333334,18.69145225
2018,4,16,23.208333333333332,38.81496595744681,27.08685583333333,17.73649875,24.035108750000003,24.6064125,,28.75436382978723,26.266070833333334,22.041666666666668,24.170833333333334,24.505033333333333,26.145416666666666,29.0651075,24.798941125,24.607387083333332,25.309166666666666,33.54969583333333,28.038293145833332,24.086447916666668,25.13825,28.031045833333334,20.256487500000002,22.916666666666668,23.334818666666667
2018,4,17,24.125,16.835746511627907,8.742304583333334,25.136754166666666,22.367158333333332,20.5378725,,28.56131541666667,26.016562500000003,17.820833333333333,15.995833333333332,13.367949166666667,26.48166666666667,26.361733333333333,17.612350869565216,24.603967791666665,19.340416666666666,18.473330833333332,22.890227666666664,29.883422916666664,22.228875,22.291549130434785,15.694055,15.458333333333334,24.89145225
2018,4,18,12.083333333333334,19.319922916666666,11.636654166666666,15.815900833333332,25.05343166666667,26.733575000000002,13.349790625,28.105920625,25.646135416666667,17.341666666666665,8.829166666666667,13.602661249999999,19.5225,17.757679166666666,14.852944416666666,20.305838791666666,15.447916666666666,19.179370833333333,20.583404770833333,28.862567708333334,19.60018181818182,15.669080416666667,16.03358,12.916666666666666,18.231537791666668
2018,4,19,10.375,13.871787500000002,11.12798375,14.800991666666667,20.6106625,23.184953750000002,15.34116625,24.697894375,20.638437083333333,12.858333333333334,9.426086956521738,8.855242916666667,15.810416666666667,11.741878333333332,13.486359208333333,15.101580708333332,12.111666666666666,14.6989875,16.704513375,22.934453958333336,16.91057142857143,15.643159166666665,12.6484575,13.041666666666666,15.945232500000001
2018,4,20,9.0,17.6504,14.115624166666668,13.253660000000002,13.680642083333334,17.002399999999998,12.8762025,15.580222127659574,12.606201666666665,11.720833333333333,7.682608695652173,8.528217916666668,12.074166666666665,12.440692499999999,11.234779333333334,11.658290333333333,8.717083333333333,13.724669999999998,14.219535708333334,13.856300625000001,9.514142857142858,13.784065416666666,11.100165714285714,5.875,8.047087125
2018,4,21,9.826086956521738,14.7645125,11.2863775,18.263054545454544,13.997634583333335,21.521216666666664,11.66420375,18.659297708333334,18.43585708333333,13.329166666666666,11.120833333333332,11.071961250000001,16.397916666666667,11.763590416666666,10.866870875000002,14.376677375,11.749583333333334,19.405001666666667,16.339572916666665,17.950722708333334,17.06325,12.23013956521739,15.08716125,16.375,13.5925935
2018,4,22,6.958333333333333,9.86888085106383,7.2574225,9.535780416666666,11.581516818181818,12.281679523809524,5.551480833333333,11.004384375,12.05121375,9.466666666666667,4.3478260869565215,5.4316258333333325,11.817083333333334,10.638167083333334,6.483629130434783,12.434483833333333,8.065416666666666,13.293604583333334,10.711552145833332,11.831096875,12.6695,5.85189875,9.82367111111111,9.541666666666666,11.721979958333334
2018,4,23,10.041666666666666,17.949289583333336,14.574798333333334,13.015965833333333,18.010569583333332,18.441104166666666,11.291715652173911,18.05332041666667,18.35035375,13.262500000000001,11.35,12.898418333333334,13.777916666666668,13.563883333333335,11.22758425,16.953532913043478,12.51625,14.493128749999999,14.427043145833332,17.15914377777778,14.5695,12.059639565217392,12.919157222222221,15.0,13.300724666666667
2018,4,24,14.166666666666666,14.21340652173913,7.43472625,9.301734583333333,17.007783333333332,19.991875,9.657304583333334,31.121028958333337,13.309766250000001,14.216666666666667,13.1,14.452299166666668,16.50375,21.870483333333336,16.285724375,20.227193458333335,16.638333333333332,10.565271666666666,22.498389875,16.164121875,16.046130434782608,12.80838,14.52079125,12.583333333333334,20.862778958333333
2018,4,25,16.958333333333332,14.447516666666667,9.563197916666667,7.885977916666666,10.005829166666667,14.8950625,11.522691428571429,21.062327380952382,13.00936375,13.731818181818182,11.491666666666667,16.616432916666668,15.973333333333334,16.698319166666668,15.793101333333333,14.655726478260869,15.547083333333333,13.123982499999999,18.076254458333334,12.834369375,11.461347826086955,8.422099583333333,11.57776125,10.753380952380953,13.5749045
2018,4,26,6.625,9.570846666666666,7.517092916666667,6.118742222222222,8.535941666666666,14.54844625,6.97990947368421,16.283402708333334,10.274593333333334,8.4625,6.469565217391305,6.9321270833333335,10.536666666666667,11.677232916666666,7.079836,11.121451624999999,9.632916666666667,8.142813636363636,12.525651770833333,12.981781458333332,9.354826086956521,4.77123,11.581126666666668,10.840375,10.7004395
2018,4,27,13.958333333333334,13.3931,10.426354583333334,9.305982916666666,13.103660416666665,14.808709130434783,9.561701363636363,24.949723125000002,10.752543750000001,19.02173913043478,11.704166666666666,11.858283333333333,15.331666666666665,15.368581666666666,11.520184,13.453451625,19.130416666666665,9.35839,18.304989541666668,11.271270625,16.03768181818182,9.362980434782608,13.174697916666666,12.260625,16.02925529166667
2018,4,28,17.958333333333332,22.126487234042553,21.0827875,12.697062083333334,16.157039583333333,16.961740000000002,22.401414583333334,23.327638750000002,14.789490833333334,20.0,11.020833333333334,16.861584166666667,20.077272727272728,17.855578333333334,17.572684,19.51537291304348,20.3825,18.582325,19.516596770833335,16.20000895833333,18.8445,9.888480416666667,11.506927272727273,14.391,17.62126675
2018,4,29,18.333333333333332,22.756266666666665,17.124315416666665,23.95670416666667,23.132770833333336,20.593491666666665,16.811631666666667,26.602013541666665,20.408366666666666,26.287499999999998,11.275,18.646497916666668,27.44125,19.931275,20.30475819047619,19.488612875,21.91625,15.2638425,22.870227666666665,23.9218625,19.082,13.777845652173912,17.114070833333333,18.05375,18.735674749999998
2018,4,30,14.375,18.655910416666668,18.893421666666665,11.993168333333331,18.651145833333334,17.321720833333334,12.826179583333333,22.354458750000003,15.398788333333334,15.354166666666666,13.829166666666666,19.35224583333333,16.909583333333334,14.645685833333333,15.714852347826087,16.47898595652174,15.152500000000002,12.96484,17.202578854166667,16.84187125,18.072625,14.3359775,14.685104166666667,18.278000000000002,14.092308208333334
2018,5,1,14.666666666666666,9.514435555555554,7.567575833333334,9.427461666666668,12.888722916666666,15.48023875,6.636514285714286,16.905595208333335,15.427112083333334,15.916666666666666,15.2125,9.39180125,15.549333333333333,16.570273333333333,10.112347,17.580612708333334,19.25583333333333,7.833759166666667,17.843933020833333,12.759202916666666,15.550478260869566,7.739197391304348,14.248537916666669,11.5505,14.569911541666668
2018,5,2,9.458333333333334,10.534866666666668,9.61424375,14.826084583333333,10.6864875,17.994789166666667,7.377897083333334,26.896320833333334,19.5436575,11.875,15.079166666666666,5.242580416666667,,14.181075,8.047359541666667,19.888677458333333,13.827083333333334,9.79492,12.493241083333332,13.253085208333333,15.697625,7.712667916666667,15.664908333333335,11.214125000000001,10.837529208333335
2018,5,3,10.208333333333334,16.792656097560975,13.219959166666667,31.77925833333333,,18.955870416666667,9.32639304347826,23.813358124999997,21.68190583333333,13.745833333333332,10.758333333333333,12.564630833333332,17.66521739130435,14.170755833333333,15.804613375,16.534290333333335,11.017916666666666,11.944602916666668,15.831983666666666,22.830670833333333,21.932000000000002,15.435839583333333,16.53145,20.14675,16.599726083333334
2018,5,4,9.583333333333334,6.6453232558139534,7.4444925,14.647665833333333,,15.934533333333334,6.590568695652173,19.908114583333333,17.106522916666666,10.575000000000001,12.345833333333333,10.764154583333335,12.05375,17.978499583333335,13.605797375,15.88803225,13.581666666666665,9.458061666666667,15.734639895833332,12.14227125,5.544499999999999,4.845855833333333,12.737826666666665,15.923375,15.794875833333334
2018,5,5,6.666666666666667,7.787197727272727,11.035270833333334,12.96133625,,12.1765975,12.752931666666667,13.077887291666668,10.82552375,8.479166666666666,4.766666666666667,5.723221250000001,8.0775,10.359496666666667,4.080473,9.613516125,9.131666666666666,9.204261666666666,9.108233604166665,8.454586458333333,7.147625,9.01915125,12.184265,4.59875,5.765204
2018,5,6,5.625,10.142789130434782,12.937290416666668,11.88229375,,12.821826999999999,13.85054904761905,12.260570416666667,10.012299583333332,9.083333333333334,4.091304347826087,6.3428625,8.647916666666667,6.732672083333333,9.7530728,9.151903208333334,8.262083333333333,9.493181666666667,8.0455699375,10.686716250000002,7.266375,8.15767625,12.098346666666666,5.7947500000000005,7.407755523809523
2018,5,7,7.208333333333333,13.14146739130435,14.20919,11.941942083333332,7.8314200000000005,13.0121785,13.140961363636364,17.965021875,8.587208333333335,11.754166666666668,5.279166666666667,7.2279325000000005,14.749166666666667,8.848804166666666,8.450200434782609,11.049645333333332,10.106666666666667,12.170755833333333,9.952883895833333,10.70076125,13.258086956521739,9.046381739130435,9.279273157894735,6.69175,8.661148523809524
2018,5,8,7.625,12.499425531914893,12.296815,13.778207916666666,10.640444583333332,13.529493333333333,10.12852,19.210630625,14.239548749999999,10.395833333333334,7.245833333333334,6.9084,12.64125,15.337370416666666,8.654144458333333,12.083182260869565,9.009166666666667,8.085546666666668,10.41315925,13.544649583333333,10.947625,8.44059375,11.120968333333332,8.78475,8.823192625
2018,5,9,9.208333333333334,14.547941666666667,12.905329166666666,14.26232375,13.002438125000001,16.437551666666668,7.208595833333334,21.800918333333332,18.8529175,12.387500000000001,17.82307759090909,9.073890416666666,16.220000000000002,16.658252083333334,11.64202075,15.454963478260868,11.763333333333334,13.2716535,14.860183020833333,16.212979166666667,16.291375,11.447035416666667,14.06845,13.456625,15.0386705
2018,5,10,13.458333333333334,19.2280375,22.042370833333333,15.335469583333333,14.251491875,14.59388875,18.2443375,23.144745208333333,13.894435,12.625,22.165872208333337,16.12835,15.489583333333334,16.82861375,14.881244958333333,15.364871,16.479166666666668,19.97337894736842,16.350867583333333,17.04325354166667,14.628875,13.561956666666667,12.547697916666666,15.587000000000002,15.04604088888889
2018,5,11,10.375,22.77400833333333,20.498695833333333,29.466916666666666,19.175059583333333,17.769895833333333,25.650883333333336,20.287181041666667,19.165759583333333,14.637500000000001,16.287499999999998,14.9050125,18.09958333333333,15.06957,18.195298125,17.224702782608695,11.18,19.67702291666667,18.42516018918919,22.669057499999997,18.72575,20.231554166666665,11.949607916666666,18.539625,19.425546333333333
2018,5,12,8.875,20.856587234042554,11.8269875,25.275466666666663,18.500804166666665,18.627066666666668,21.814425,20.541590208333332,27.544229166666668,11.237499999999999,12.533333333333333,11.040708333333333,12.613333333333332,14.56872875,11.397867666666665,11.179580583333333,10.934583333333334,17.977418333333333,10.944205375000001,21.48818125,16.603739130434782,19.512992916666665,12.55730304347826,15.51225,10.8596405
2018,5,13,11.0,13.939475,15.278567916666667,14.886513333333333,13.026904583333334,11.8784,12.386130833333333,21.04415,15.05990875,14.424999999999999,12.533333333333333,9.576860833333333,14.469166666666666,11.89001375,10.041355583333333,12.523387166666666,13.256666666666668,14.839574583333333,12.48483025,12.396864375,9.430863636363636,12.312832608695652,10.989391304347826,9.009,10.0400495
2018,5,14,12.916666666666666,15.6179875,17.779603333333334,14.00560125,12.743274583333333,11.43812,15.297570833333333,23.078999999999997,11.99541181818182,12.85,12.8375,11.792801249999998,14.473333333333334,15.549857083333334,12.477609125,13.9731935,13.66125,14.448823333333332,12.908683875,13.512712083333334,12.266782608695651,10.818028333333332,10.648188421052632,11.101999999999999,12.946944375000001
2018,5,15,9.416666666666666,13.088341860465118,30.121054166666667,16.230116666666667,14.395530416666666,20.917579,17.621245833333333,25.145169574468085,17.479332916666667,11.375,18.683333333333334,8.763310416666668,13.625416666666666,21.8365625,13.900315916666665,18.315774333333334,13.443333333333333,19.012634375,16.091135395833334,13.973524374999998,17.478875,9.518534583333333,11.808571904761905,17.717375,13.715153095238096
2018,5,16,10.333333333333334,16.259295833333333,12.686454583333335,14.915768333333332,17.930395833333332,28.0482125,14.93773375,24.900168333333337,23.547645833333334,13.133333333333333,21.72083333333333,9.326371764705883,16.635217391304348,10.155077083333333,15.835792166666666,20.9213225,18.015416666666667,20.031662708333332,20.166261979166666,19.550360285714287,17.980863636363637,15.188815,13.309235652173912,20.258875,24.484604916666665
2018,5,17,7.631578947368421,14.999691304347827,13.648549583333333,23.0618625,15.315067391304348,19.00415,18.218241666666668,14.274655208333334,16.91882125,10.491666666666667,14.491666666666667,8.7131125,14.402916666666668,7.093888333333333,16.225285625,12.054935541666666,13.189166666666667,18.218157916666666,17.8639479375,14.177084878048781,14.153875,14.232333913043478,11.335129499999999,17.866875,17.718556333333336
2018,5,18,8.708333333333334,14.179646875,7.232650416666666,26.536441666666665,16.383548333333334,28.392004166666666,11.94554375,28.616739791666664,26.706654166666667,10.429166666666667,16.658333333333335,6.729285833333333,13.39125,13.895991666666667,17.364026833333334,16.435129083333333,12.869583333333333,17.446883958333334,16.32959525,17.610404166666665,14.92575,17.187385,15.511458333333332,20.856875,18.846231083333333
2018,5,19,7.958333333333333,8.424966666666666,6.761444166666667,16.263178749999998,10.785580476190475,17.118360416666665,9.134005833333333,21.517568541666666,25.150575,9.666666666666666,16.537499999999998,2.7045387499999998,11.925833333333335,22.667075,5.858136833333333,16.411193583333333,13.798333333333334,7.08206652173913,13.2887915625,12.630326250000001,8.135409090909091,8.486955652173913,13.177577142857144,7.514,10.298014208333333
2018,5,20,7.458333333333333,9.442642857142857,8.204201666666666,10.190485,11.876883181818181,12.509060833333335,6.855359166666666,15.056456875,12.863802916666666,10.245833333333334,8.012500000000001,2.2734083333333333,9.721666666666666,11.286165833333333,5.218796913043478,9.80158075,9.87,6.037837021276596,7.834052083333333,10.960825208333333,9.16895652173913,7.14884,9.510835555555555,5.5705,8.122265375
2018,5,21,8.583333333333334,10.147572340425532,9.36627125,9.4391325,11.413475416666666,10.724629583333334,6.806442916666666,16.05305458333333,10.547999166666667,10.433333333333334,8.982608695652173,2.80780875,10.893333333333333,8.225299583333333,6.386735416666666,9.603258041666667,9.279583333333333,8.447066041666666,8.464223270833333,11.338130833333333,9.039142857142858,8.574370833333333,8.907295294117645,5.906874999999999,8.237243958333334
2018,5,22,7.208333333333333,11.397439583333332,11.142569583333334,12.063674999999998,13.701915833333333,13.616720416666666,12.037974583333332,17.19786936170213,18.682476666666666,11.170833333333334,10.483333333333333,2.402119583333333,12.523333333333333,11.004274166666667,8.356747791666667,10.598290333333333,9.4165,12.7807125,11.644610145833333,16.352234375,12.345636363636363,9.262133333333333,11.875583913043476,10.391875,12.831965791666667
2018,5,23,8.291666666666666,16.442027083333333,12.771370416666668,20.235433333333333,16.172187083333334,21.433745833333333,12.039483333333335,16.574789374999998,21.692050833333337,11.612499999999999,13.995833333333332,1.77704375,15.335416666666667,11.48994375,10.713376041666665,16.571903250000002,13.157916666666667,9.802409375,15.673575875,18.326008958333333,13.252454545454544,13.902591428571428,14.194826666666666,10.989875,15.135960041666666
2018,5,24,9.291666666666666,11.674358333333332,10.371857499999999,12.612495833333334,10.028225416666666,16.332097916666665,9.79614375,11.378599791666666,13.617709166666666,12.166666666666666,11.091666666666667,1.6590844999999999,11.866190476190477,13.145729166666667,9.678723583333333,11.979709666666666,11.215416666666668,10.766688125,11.080510395833334,11.962943478260868,13.681999999999999,7.1460188235294115,11.724385294117647,9.719125,11.394733208333333
2018,5,25,9.333333333333334,13.522646666666667,12.790636666666666,13.79195625,12.323897826086958,14.225850000000001,13.233384166666667,12.607735,15.576897916666667,11.804166666666667,14.966666666666667,,14.499166666666667,13.879548333333332,12.717445166666666,13.880870958333333,13.417499999999999,11.925846458333334,14.351462791666668,14.44577829787234,16.35075,7.591337391304348,10.822795714285714,11.288874999999999,14.158641916666667
2018,5,26,12.0,20.011270212765957,14.341660416666668,14.666987916666665,17.223277083333333,17.993737499999998,20.162136666666665,10.284241666666667,22.86688291666667,14.670833333333334,18.9875,,17.187083333333334,16.99985375,14.854863083333333,20.186161291666668,14.851739130434783,14.880257916666666,22.762675625,16.78466625,17.53825,11.864132083333333,13.999834545454545,15.101125000000001,24.351937208333336
2018,5,27,9.291666666666666,20.581548837209304,13.351779166666667,18.342541666666666,20.4403575,22.819716666666668,18.764436666666665,13.581922916666665,22.7208725,12.608333333333334,13.154166666666667,,15.28375,11.323170833333334,15.889035708333333,16.14790325,12.269583333333335,16.134622291666666,15.128791666666666,20.212076874999998,15.195636363636366,14.306749130434783,14.163314347826088,16.70825,18.841808875
2018,5,28,12.583333333333334,19.022629166666665,18.771983333333335,19.818637499999998,15.722654545454544,14.214923749999999,14.707312916666666,15.395394000000001,15.707386666666666,12.012500000000001,14.765217391304349,,15.57625,9.41885625,10.311410833333333,11.278742041666668,9.7775,16.019397083333335,12.222968106382979,16.16675,10.828874999999998,13.917460416666666,12.5994535,9.345375,13.176901625
2018,5,29,11.75,20.006244680851065,19.018612916666665,13.361962916666668,14.304898333333334,12.933855833333332,11.768324166666666,19.50194914893617,15.37421,12.895833333333334,13.658333333333333,,13.771666666666667,7.73421875,8.563486333333334,8.762096833333333,8.974583333333333,12.612180416666666,10.394223229166666,15.950395833333333,10.41325,10.032612608695652,13.221559999999998,7.327125,9.280895916666667
2018,5,30,12.875,23.438163829787232,21.272445833333332,12.36523625,15.920353333333333,17.164604166666667,11.461032083333334,17.703795833333334,21.322791666666667,12.225,14.700000000000001,,16.40875,9.831173333333334,9.923356375,13.241451666666668,11.073333333333332,12.76843625,13.798850465116278,17.349664166666667,18.607,14.803885416666667,14.900633333333333,11.32625,11.956359583333333
2018,5,31,10.041666666666666,24.45510869565217,12.01273375,12.643840833333334,18.606238095238094,20.595204166666665,11.225269583333334,20.908885416666667,22.80853875,18.75,16.079166666666666,,20.4375,11.45329375,12.795631666666667,21.509451583333334,13.184166666666668,15.564773958333333,15.353975116279068,18.281314583333334,25.019499999999997,14.111063043478259,13.738655,15.923375,15.786031458333333
2018,6,1,7.130434782608695,22.223389130434782,17.4387875,17.426165416666667,20.19748086956522,18.46705875,20.28389291666667,18.362297291666668,21.993629166666665,13.004166666666668,12.654166666666667,,14.606250000000001,14.028667083333334,12.739030416666667,13.86346340909091,9.091666666666667,18.289961739130437,14.370363083333334,18.011354166666667,18.8445,15.945727083333333,15.031833749999999,17.194125,12.553363791666667
2018,6,2,10.75,25.871137777777776,15.41834125,14.025942083333334,18.10775125,18.7910625,19.670616666666664,21.388015416666665,15.911054166666666,14.279166666666667,16.858333333333334,,17.149166666666666,16.629291666666667,20.438723541666665,20.562290416666666,14.2475,20.125155,20.104473166666665,12.766089791666666,11.346285714285715,13.565324347826087,15.296608333333333,19.474,19.544947208333333
2018,6,3,11.041666666666666,12.830176315789473,12.760776666666667,21.454629166666667,25.061025,22.29999125,11.332514166666668,20.480840833333335,19.531052499999998,17.004166666666666,16.404166666666665,,20.461666666666666,14.708320833333334,22.03938875,20.685387000000002,18.6775,16.354501250000002,23.925678458333334,18.359833333333334,,23.224104166666667,20.16015416666667,29.976375,27.142379416666667
2018,6,4,11.666666666666666,19.46049574468085,19.002804583333333,20.0396875,17.996169583333334,24.13400833333333,17.788991666666664,27.01260425531915,22.85325,13.858333333333334,23.825,,21.942,16.92769708333333,16.20418025,20.288741916666666,14.207500000000001,15.409574166666667,19.94760897368421,17.047376875,18.322,15.612506818181817,14.491956666666667,20.969,18.359783125
2018,6,5,6.916666666666667,15.608321428571427,5.269351666666666,23.620404166666663,15.9136075,25.63586666666667,13.0488225,25.8513985106383,25.515416666666667,11.566666666666668,17.120833333333334,,14.435416666666667,17.117465,12.735193041666667,17.382290375,12.837083333333332,14.276045208333334,15.760302062500001,16.07067625,14.497217391304346,14.713904583333333,14.5051425,14.839500000000001,15.657786041666666
2018,6,6,5.416666666666667,5.069047727272727,8.78519375,8.2687975,4.5601905,10.236037916666666,5.787525416666667,15.729869333333333,8.506813333333334,6.395833333333333,4.516666666666667,,6.045833333333333,6.7197275,4.3778694583333335,5.239715304347826,5.6883333333333335,4.940193111111111,4.7603616041666665,7.721469375000001,6.759941176470588,3.018629565217391,9.499730476190475,2.169375,4.5313952083333335
2018,6,7,7.791666666666667,10.875610638297873,12.28123375,6.5991591666666665,7.919385833333333,7.675888333333333,9.57386,23.8068614893617,9.345354583333334,9.529166666666667,6.7625,6.89955,8.478333333333333,6.9761975000000005,5.572732208333334,7.818354708333334,7.9325,6.952972083333333,6.8691711458333335,9.882209375,6.542,5.430854583333333,10.240827777777778,4.411874999999999,6.251651958333333
2018,6,8,9.541666666666666,15.750870833333332,18.929654166666666,11.328579166666666,12.187001666666667,14.57512,10.32925,25.102729791666665,17.312247916666667,11.458333333333334,11.522727272727273,12.256998,11.465416666666668,10.87117875,7.541305666666666,11.569386999999999,7.76608695652174,8.3918275,9.383732145833333,16.783630652173912,8.92113043478261,11.254104583333335,13.895435217391304,5.94425,9.426830208333334
2018,6,9,8.291666666666666,12.53821914893617,15.215145833333333,19.664791666666666,14.545167083333332,19.842130416666667,8.481765000000001,23.298460625,26.594220833333335,10.395833333333334,11.041666666666666,8.992904375,13.409583333333332,14.787570416666668,7.9974736250000005,14.643387041666665,11.827857142857143,10.626572083333334,9.129855625,19.218202083333335,14.5695,11.496968333333333,14.881882608695651,7.0655,11.518556291666668
2018,6,10,9.416666666666666,17.927747826086957,17.21841625,18.378670833333334,15.143480416666668,19.621200416666667,10.768453333333333,23.84336958333333,26.6774375,12.920833333333334,13.2125,11.87747875,14.172916666666666,11.603585833333334,8.185984458333333,14.045000041666666,10.400833333333333,15.01630375,11.097702170212765,14.722826249999999,16.291375,14.376066086956522,13.896977916666666,10.205,13.897728958333333
2018,6,11,15.541666666666666,19.9264175,12.680682916666667,21.346829166666666,16.935685833333334,20.558629166666666,15.816184999999999,20.313961875,24.034883333333337,16.875,21.033333333333335,14.867857083333334,17.35125,12.396301666666666,18.12188747826087,18.691903208333333,18.416086956521738,14.131798125000001,22.369498520833332,16.677136136363636,18.8445,16.537642916666666,15.4895875,18.614375,18.884301
2018,6,12,10.272727272727273,10.378541666666667,9.748817083333334,19.668645833333333,15.598455000000001,24.0235125,10.250490000000001,24.810899583333335,26.895566666666667,11.479166666666666,26.1125,9.761107083333334,15.648181818181818,14.752149583333333,14.473523791666667,20.432354791666665,19.054166666666667,8.072212708333334,20.162296104166668,15.104705416666667,15.689142857142857,9.386731304347824,15.360304347826085,18.85,19.518413624999997
2018,6,13,7.208333333333333,11.983537499999999,10.730123749999999,14.363047083333333,12.276118333333335,21.70192916666667,11.287884583333332,19.121866041666667,25.7920125,8.475,9.733333333333333,9.129570416666667,9.365,19.440604166666667,14.668750333333334,12.181451541666666,9.47125,6.8619481250000005,10.803360104166666,10.620462708333333,12.9545,5.819527916666666,11.343699523809525,16.1551,9.156441095238094
2018,6,14,8.583333333333334,11.360910638297872,8.59749375,14.399216666666668,9.817372173913043,17.508433333333333,11.008998333333333,16.07952,13.752110833333333,7.854166666666667,10.604166666666666,8.854084583333334,10.01375,11.292830833333333,8.28837623076923,11.897645208333332,9.809166666666668,8.919655416666666,11.056061041666666,8.382761458333333,12.086545454545455,6.558811304347826,11.848673750000001,11.635000000000002,10.010567625
2018,6,15,9.333333333333334,13.384170833333334,11.788916666666667,16.0666625,11.498885416666667,14.292598333333332,15.3304525,15.194694791666665,15.50419875,7.804166666666667,11.083333333333334,10.08939125,11.472083333333332,13.45016125,11.964839875000001,10.666677541666665,9.894166666666665,15.325779375000002,10.356477666666667,13.646382083333334,10.855863636363637,9.46480875,11.220586842105263,10.242375000000001,9.289740416666666
2018,6,16,10.208333333333334,15.843047826086957,14.439213333333333,15.636410416666665,15.695249583333334,14.353824583333333,18.611191666666667,18.826002083333332,17.726303333333334,10.441666666666666,12.933333333333332,9.322468666666667,12.022083333333333,9.837087916666666,11.109584791666668,13.347451708333333,11.710416666666667,12.577338750000001,11.8081518125,13.528389166666665,14.391375000000002,14.250442608695652,13.139386818181817,11.438375,12.181894541666667
2018,6,17,8.708333333333334,14.676354761904761,15.873991250000001,14.788489166666666,14.6313125,14.240885833333332,14.571658333333334,17.865967872340427,21.815224583333332,11.887500000000001,14.779166666666667,,13.029166666666667,8.72833,10.165110958333333,15.423000041666667,11.845416666666667,14.988810416666666,13.709401791666666,13.978873125,13.59575,12.549804583333334,11.420428888888889,10.167625,11.09844225
2018,6,18,11.083333333333334,14.163097872340426,12.173282083333334,14.731129166666667,12.921813333333333,21.039141666666666,14.570324999999999,19.807814255319148,18.841033333333332,16.39166666666667,10.779166666666667,6.8979133333333325,18.622083333333332,11.421234583333332,12.434918375,13.56504690909091,11.990416666666667,13.762578541666668,18.31996725,12.081745833333335,15.697625,9.374904782608695,14.880294736842105,17.194125,14.555875652173913
2018,6,19,8.75,14.424083333333334,14.57659625,14.179360416666666,12.308325416666667,13.49072125,11.0033275,20.689027083333333,13.735279583333332,12.525,17.491666666666667,8.3275375,12.464583333333332,14.498251250000001,11.754263875,11.55570975,13.59125,8.989299375,15.177727708333334,10.252467291666667,10.9595,8.190653750000001,11.1643495,11.101999999999999,10.315703291666667
2018,6,20,7.416666666666667,12.859313043478261,12.986702916666667,11.946935000000002,10.211215000000001,17.0376875,8.522355833333334,22.574813541666668,17.039845,11.075000000000001,12.308333333333332,8.188264166666666,11.767916666666666,13.590858333333335,8.128423958333334,12.632806416666666,10.930833333333334,8.763699361702127,13.524758916666668,11.961105000000002,12.135125,9.297348333333334,12.72702043478261,9.943375,10.063634875
2018,6,21,12.5,12.692129545454547,11.722279166666667,9.507501818181819,11.288479166666667,18.243724347826088,9.1595025,19.522800625,17.946039583333334,12.52727272727273,18.070833333333333,9.294916666666667,14.395000000000001,10.708979166666666,10.71186838095238,14.301451708333333,13.091739130434783,8.991378723404257,15.116358624999998,11.080347708333333,13.45325,10.798704583333333,14.861369545454545,11.662625,14.326687583333333
2018,6,22,6.7727272727272725,5.2909204545454545,7.752691250000001,3.789941666666667,6.040179583333334,7.010092608695652,4.4093025,10.111333333333333,4.191411666666666,5.995833333333334,5.387499999999999,7.323235263157895,7.5441666666666665,5.243985416666667,3.9092300833333335,5.578677375000001,5.524583333333333,4.531661875,6.825666666666667,5.75832,5.837882352941176,3.7663166666666665,8.990082666666666,4.184227272727273,4.03610275
2018,6,23,6.083333333333333,8.929644444444445,13.734698333333334,6.390301666666667,6.1239445833333335,9.295667083333333,8.234215833333334,12.797228260869565,6.4746283333333325,8.862499999999999,9.879166666666666,6.740612916666667,9.240833333333333,4.91399625,6.343085208333334,8.187645250000001,8.375416666666666,7.042628333333333,10.504074395833333,6.4491168750000005,5.026318181818183,3.77611375,9.399280000000001,7.999875,7.450082708333333
2018,6,24,3.8333333333333335,8.181846341463414,12.329402083333333,4.793124583333333,4.746406086956521,9.000347916666668,5.086247916666667,10.523252222222222,6.300832916666667,7.904166666666666,8.279166666666667,5.9098154166666665,9.354166666666666,6.975003333333333,2.9517091,7.9893225,7.945416666666667,5.348884255319149,9.570182979166667,4.64863125,7.817714285714286,1.9809120833333334,8.241265,6.654375000000001,6.702721791666666
2018,6,25,5.416666666666667,11.24749090909091,8.727520833333333,7.784460416666666,9.034086363636364,11.355540416666665,6.80486625,12.387517083333334,9.82514625,7.5375000000000005,10.924999999999999,6.7525916666666665,10.669166666666667,6.351589583333333,7.8962627916666674,10.276870875,10.152083333333334,8.708594222222223,11.4025416875,7.439482291666667,6.566782608695652,5.686814583333334,9.97299142857143,10.9525,8.674243136363636
2018,6,26,3.9583333333333335,12.0851125,11.09809875,12.14451125,9.275453333333333,12.486710416666668,8.10019,11.170090833333333,11.470369166666666,10.883333333333333,8.058333333333334,7.125675,11.77625,10.371508333333333,12.219066125,10.088806583333334,10.162083333333333,9.562198541666666,16.130220229166667,9.782520416666665,11.027652173913044,8.67161695652174,9.58978375,11.700000000000001,11.040952916666667
2018,6,27,6.708333333333333,11.016671428571428,10.878272083333334,9.991887083333333,10.160477083333333,13.668145833333334,8.2136975,13.480762083333333,14.69497125,11.262500000000001,9.9625,8.524746923076922,12.819583333333334,12.650679166666668,9.588065666666667,12.061774208333333,9.405,6.967772083333333,11.111916645833332,9.710221666666667,8.200181818181818,8.828075,10.082425555555556,10.317124999999999,11.810425125
2018,6,28,10.166666666666666,9.503514893617021,9.863422916666666,19.357679166666667,11.593544999999999,19.802834583333333,8.831767916666665,20.179056666666664,25.511264166666667,11.820833333333333,14.358333333333334,8.645581250000001,13.940833333333332,16.210888333333333,11.042430791666666,12.195129166666668,11.400833333333333,9.702055416666667,12.406723208333332,12.708387291666668,13.441375,10.20717,12.485768636363638,11.176749999999998,10.22725825
2018,6,29,9.833333333333334,10.147145238095238,6.569447083333333,14.445266666666667,11.234095833333333,17.97072125,8.764617083333333,19.019925625,19.731525416666667,12.004166666666668,14.233333333333334,6.083340833333334,13.825833333333334,15.436853333333334,9.017256083333335,13.214096875000001,11.827083333333334,9.065299375,13.992787208333333,10.350980416666667,15.972909090909091,7.6055175,14.413283478260869,11.886875000000002,11.828114083333332
2018,6,30,3.9166666666666665,3.3569416666666663,6.440291666666667,3.3189816666666663,6.073354166666667,6.95292,4.1939874999999995,6.319997291666667,4.0794675,5.925,4.425,4.858739166666667,6.64375,6.44039625,2.869781125,5.103387083333334,5.167916666666667,5.174978510638297,5.6281815625,5.747377916666667,3.76325,4.258675833333333,,2.094625,2.811138375
2018,7,1,4.5,4.949765853658537,7.432967083333334,2.8296645833333334,4.448824545454546,5.407085833333333,3.7346683333333335,5.799336458333333,4.54987125,5.520833333333333,4.3125,4.722747777777777,6.165,4.1958970833333336,3.0117639166666668,5.089709625,5.175416666666667,3.7880927272727276,6.036980234042553,6.057517608695652,3.782,2.9750083333333333,6.739814,1.833,3.213563583333333
2018,7,2,4.3478260869565215,6.666809302325581,8.90078375,4.240395,6.956033333333333,7.1407025,4.84179625,9.7857775,5.038114583333333,6.3374999999999995,6.204166666666667,5.729185333333334,9.115,5.174878333333333,4.525566739130435,6.833580708333333,6.100416666666667,5.178237916666666,7.291247020833333,6.771386458333333,8.3945,3.124564583333333,8.33685705882353,5.420999999999999,4.818841791666666
2018,7,3,3.227272727272727,9.34619090909091,9.630972916666666,6.13428090909091,8.214964583333334,8.931609583333334,5.213920833333334,13.500868958333333,6.517607916666667,8.129166666666666,7.3625,5.62978,9.1725,6.353440833333333,4.558705833333334,7.6986774166666665,6.521249999999999,6.927753958333334,8.090190479166667,8.718119791666666,9.392,4.135276666666667,9.28226695652174,5.64525,5.022265291666667
2018,7,4,5.958333333333333,13.900245454545455,14.705161666666667,8.72120125,12.82805347826087,12.031561250000001,9.051995,15.515046666666668,10.440640833333333,10.079166666666667,9.008333333333333,8.960740833333334,11.302083333333334,7.15908,5.854779208333333,8.840741791666668,9.519545454545455,9.012388125,10.723646833333333,12.298650833333333,12.6695,8.501449583333333,11.62126318181818,7.6635,6.4550755833333335
2018,7,5,8.875,15.337063043478262,13.237878333333333,12.525363333333333,21.1817975,13.628044166666667,7.236204166666667,17.419349166666667,15.355359583333334,11.670833333333334,12.233333333333334,10.037571,12.854583333333332,9.195532083333333,7.766271708333334,10.246096833333334,11.041666666666666,9.609339375,10.197468871794872,15.607180625,17.59222727272727,12.805332916666666,15.779629166666666,12.82125,6.791166904761905
2018,7,6,7.208333333333333,9.662047826086956,11.341065833333333,14.83615375,10.507064583333333,21.52485,7.972068750000001,25.597193333333333,20.4708125,7.479166666666667,15.295833333333334,7.508295333333333,10.462083333333334,16.162728333333334,7.143178041666666,12.708032291666667,,7.5134578723404255,9.519654708333332,10.693964772727272,11.50359090909091,6.021562499999999,14.654499545454547,10.578750000000001,6.371684642857143
2018,7,7,6.083333333333333,12.020458695652174,11.604033333333334,8.405369583333334,10.79025304347826,11.444058750000002,11.701200416666666,16.056050625,9.826545833333332,9.545833333333333,15.504166666666668,10.153638333333333,11.565416666666666,11.951392083333333,10.034640208333334,10.17429025,12.549090909090909,8.886682916666667,12.481373541666665,8.839519375,8.657,6.557792500000001,11.123055833333334,8.635250000000001,8.927115541666668
2018,7,8,4.666666666666667,11.387712765957446,10.38060375,11.986650833333334,12.061896249999998,12.177256666666667,14.378252916666668,13.905062916666667,10.069435833333333,7.195833333333333,8.516666666666667,5.2986233333333335,9.116666666666667,9.763027916666667,7.817596666666667,9.480161208333334,9.238666666666667,11.37335375,9.727980666666665,10.529974166666667,9.89075,9.37746652173913,12.882489166666666,11.5505,7.596017041666666
2018,7,9,7.818181818181818,12.550661904761904,11.806793749999999,12.10502125,14.098083333333333,15.6061275,13.030716666666665,20.364036875,12.550324166666668,6.616666666666667,6.545833333333333,8.070915238095237,9.241249999999999,9.256819166666666,6.362751791666667,9.798161416666668,,9.148844791666667,7.838605666666666,10.831796875,6.7913749999999995,7.6892375,10.646202083333334,4.710875,7.940952916666666
2018,7,10,7.6521739130434785,15.327784782608694,10.523527083333333,10.968148333333334,12.106873333333333,19.1045625,11.914025833333334,20.094664791666666,13.200968333333334,9.9,11.445833333333333,9.123239375,13.120833333333332,9.33345125,8.699713291666667,12.181451583333333,,10.403770208333333,9.479044645833334,10.4349725,10.965695652173913,7.809624782608696,13.021562222222222,9.831249999999999,9.289740375
2018,7,11,9.5,17.16307619047619,12.422889583333335,13.849391666666667,18.009401304347826,26.65863333333333,14.422702916666667,21.752083958333333,29.29110833333333,11.879166666666668,15.254166666666668,11.35626,14.680833333333334,11.373875833333335,13.243645083333334,15.963258166666668,,13.349542708333333,15.214419510638297,11.941269166666666,17.835125,11.305352608695651,20.459595333333333,17.343625,17.5991555
2018,7,12,11.916666666666666,13.586351219512194,9.67882625,10.272984166666667,9.993431666666666,12.655696666666666,14.299308333333334,12.381555833333332,12.607939583333334,12.637500000000001,17.666666666666668,17.310699999999997,13.754583333333334,11.320630833333333,14.000567458333334,13.674520347826085,,10.263015833333332,19.211172645833333,10.6169475,11.346285714285713,8.58378347826087,10.136390909090908,14.540500000000002,15.794875875
2018,7,13,6.869565217391305,13.318597674418605,10.246248333333334,13.678638333333334,10.717744347826086,13.600007499999998,14.666671666666666,10.712786170212766,13.75639125,11.158333333333333,13.987499999999999,10.268616250000001,11.965000000000002,11.730035833333334,11.322079583333334,11.172741916666666,,12.608777291666668,14.560153249999999,10.489566041666667,11.50359090909091,10.69339125,10.293046,15.026375,11.085175375
2018,7,14,5.416666666666667,12.356004347826088,9.642657916666666,12.773366666666666,11.461509999999999,13.819514583333335,13.07267875,13.870139347826086,12.013284583333332,9.225,13.683333333333332,13.28459,8.845416666666667,10.692944166666665,11.74658925,11.675387083333334,,8.635444375,13.8462544375,10.91870375,9.482,9.576904347826087,11.104443333333332,11.77475,13.636816041666668
2018,7,15,4.208333333333333,8.302879487179487,10.342899583333333,13.041807083333333,8.568649583333334,12.169737916666667,8.391825833333334,13.152672978723404,12.308328750000001,9.799999999999999,13.558333333333332,10.721110833333334,10.178333333333333,12.626199583333333,8.866115818181818,12.668338,,7.4153956249999995,14.0335386875,8.25261375,9.249500000000001,6.333159583333334,10.4566875,10.092875000000001,10.881751791666666
2018,7,16,4.5,15.541561702127659,13.24915875,10.391282083333333,10.072397083333334,14.477096666666666,18.641366666666666,17.747678958333335,13.611957083333332,8.872727272727273,13.275,15.471784999999999,9.175416666666667,14.118625,11.271234208333333,14.694677291666666,,13.020906666666667,14.576470229166667,9.676682291666667,12.932,8.604441818181819,11.839627826086957,13.531374999999999,14.331109750000001
2018,7,17,4.9375,22.581395121951218,14.599752916666667,18.919845833333333,10.759535416666665,17.13283875,27.864766666666668,15.751256458333332,22.481212499999998,9.090909090909092,11.775,16.666675,6.47125,9.654606249999999,12.435877583333335,9.928096869565218,7.375,14.141023124999998,10.257869062500001,11.255993125000002,10.157,13.959089166666667,10.208194761904762,10.6535,8.999766761904763
2018,7,18,13.5,20.74797111111111,16.134202916666666,19.644949999999998,9.011479166666666,11.589661666666666,25.41049166666667,10.145689791666667,15.632921666666666,13.191666666666668,12.9,16.388820833333334,11.37375,8.5894075,11.808466833333334,12.933709624999999,11.418750000000001,15.394920625,14.453054340425531,8.620823125,10.965695652173912,14.10403,11.872165,12.372750000000002,13.073294357142856
2018,7,19,10.875,27.322344444444447,17.759545416666665,16.08063458333333,18.32910434782609,18.065529166666668,27.501295833333334,17.935328333333334,21.061980833333333,17.758333333333333,19.895833333333332,24.312970833333335,17.174166666666668,14.232605416666667,18.021656958333335,13.359175190476192,13.958333333333334,11.311808749999999,21.241909229166666,8.866432127659575,16.789608695652174,12.3028475,13.196844583333332,17.381,17.77604572222222
2018,7,20,14.375,8.839441176470588,7.28185625,16.862336250000002,11.001598333333334,18.349520833333333,9.49034,24.10176020833333,18.760949999999998,17.183333333333334,25.266666666666666,18.2146625,15.982083333333334,17.270103333333335,11.666004125,16.821516083333332,16.277916666666666,7.690257083333333,20.61615775,13.022923125,13.705863636363636,9.309667826086956,13.646566666666667,12.7465,14.948110304347825
2018,7,21,10.347826086956522,14.92917857142857,12.388313333333334,20.51290416666667,17.516267083333332,20.607304166666665,10.793905,26.26518212765957,25.442270833333335,15.733333333333334,18.400000000000002,9.888485000000001,14.83875,14.393002916666667,12.009929041666666,16.421451625,13.029166666666667,11.262494583333334,15.356202333333334,18.352151250000002,16.355913043478264,12.303357083333333,13.905222916666666,12.335374999999999,14.397443708333334
2018,7,22,9.875,13.171079310344828,12.04387875,15.344934583333334,18.043342083333332,24.255637500000002,15.565087499999999,26.53768375,28.52893333333333,19.63478260869565,14.841666666666667,11.126642083333335,20.840416666666666,14.829614999999999,14.117607375,20.846096791666668,13.894166666666665,14.089275833333334,18.1035089375,13.551762916666666,22.61057142857143,9.894061739130436,14.930054166666666,13.237714285714286,17.753934458333333
2018,7,23,9.833333333333334,18.154344680851064,15.6909975,16.224779166666668,15.160267916666667,18.83812125,19.232824166666667,18.388155625,18.637333333333334,13.0875,13.924999999999999,12.053951249999999,11.412916666666668,13.304564583333333,9.881624833333333,14.062096708333334,11.331666666666665,13.54940875,12.668568458333333,14.889472708333335,9.540695652173913,11.770373333333334,14.168852608695651,8.815529411764706,10.951930913043478
2018,7,24,8.458333333333334,13.796033333333334,12.61860375,13.185763333333334,17.968093333333332,17.17425833333333,12.88543625,18.556880425531915,21.07825,13.254166666666668,12.825000000000001,11.214135833333332,12.902499999999998,13.006009583333332,12.264634791666666,13.34403225,11.3595,9.050780625,13.869773791666667,12.904050416666665,17.77575,8.03219375,14.757705,13.307125,13.459925750000002
2018,7,25,6.458333333333333,15.775091489361703,12.171785,10.333111666666667,14.473002083333334,14.397395416666667,14.14716625,17.77032541666667,17.18401666666667,13.445833333333333,11.362499999999999,11.657567083333333,11.0075,9.724617083333333,8.188424695652174,13.117908826086957,12.322307692307692,9.938721041666666,13.556552083333335,10.955269583333333,10.965695652173913,10.2154,12.211930869565219,9.607,11.974048583333333
2018,7,26,7.875,18.16309534883721,13.2104,12.037910833333333,14.879674166666668,16.737570833333333,14.4679875,13.242261458333333,19.170945833333334,12.1625,13.375,12.176547916666665,10.676250000000001,11.432922083333333,10.889269434782609,14.338172565217391,13.610833333333332,10.389692083333333,13.699111583333334,12.131493958333335,9.285124999999999,10.743777391304347,12.26349125,10.765625,10.8437204
2018,7,27,9.333333333333334,16.330152173913042,14.764475833333334,12.420595833333332,15.708137083333334,16.808666666666667,17.226808333333334,14.255660227272728,15.950210833333335,13.054166666666667,13.933333333333332,13.383557083333335,12.081666666666665,11.187116666666666,9.736284333333334,15.303322454545453,10.711,13.614398125,13.6038065,12.09427375,12.204826086956523,14.125270416666666,11.226497083333333,10.391875,13.185745958333333
2018,7,28,10.708333333333334,22.134675,10.3577675,13.607653333333333,14.930133333333332,17.8443875,17.500008333333334,16.32825875,19.70521666666667,16.020833333333332,14.633333333333333,16.8762625,16.852083333333333,10.73562375,11.717329166666666,16.600298782608697,12.982083333333334,13.367817500000001,16.539863083333334,13.770617708333333,13.753739130434782,12.763552083333332,11.923238333333332,11.288874999999999,16.991832666666667
2018,7,29,9.041666666666666,23.096264583333333,7.515785833333333,12.340866666666665,18.190747391304345,19.744316666666666,16.653873333333333,12.349430833333335,19.18593375,15.533333333333333,15.995833333333332,16.745633333333334,15.40875,12.532839583333333,11.874661541666667,13.69236056521739,12.642608695652173,10.813337083333332,17.038121979166664,11.40478875,18.48825,11.146013333333334,15.832077083333333,13.41925,15.861209708333334
2018,7,30,11.166666666666666,18.632838636363637,8.68293375,11.250935833333335,15.156942380952382,19.020633333333333,16.425040833333334,13.181867142857143,19.43695,11.954166666666666,14.058333333333332,10.401903333333333,13.590000000000002,10.185000416666666,11.837726791666666,11.894225791666665,11.802083333333334,12.099832291666667,13.970569916666667,11.820166041666667,15.736347826086956,8.983864166666667,13.674338749999999,12.709125,13.429202789473685
2018,7,31,13.25,23.689597872340425,25.666568333333334,14.06291,17.364260833333333,14.69665,17.354591304347824,18.470670833333333,19.31282583333333,18.623809523809523,14.816666666666668,18.1493875,18.576249999999998,11.863893333333332,11.432341478260868,14.003967666666668,15.1625,12.816601041666667,18.533055020833334,15.904228541666667,16.707,14.127213750000001,12.395773749999998,12.671750000000001,15.679093227272727
2018,8,1,11.083333333333334,27.57584255319149,21.383058333333334,16.508933333333335,18.018744166666668,15.6176625,23.333345833333336,18.77533083333333,17.994675,15.9,15.120833333333332,19.21506666666667,15.761739130434782,12.12190625,11.316219260869564,15.269129,10.513333333333334,19.007706458333335,16.276120541666668,15.775929166666666,13.500750000000002,13.812028260869566,14.162666250000001,11.737375,15.175760333333335
2018,8,2,10.0,24.635734782608694,16.954425833333335,17.576249999999998,17.88089666666667,16.858258333333335,19.8791625,22.9036225,20.749766666666666,14.904166666666667,14.5625,17.838654166666668,13.055416666666666,14.806054583333333,12.478568416666667,14.161258083333331,12.06,8.295389069767442,13.529364583333333,17.410055625000002,18.428875,17.344799166666665,13.39792875,12.073749999999999,14.101152749999999
2018,8,3,13.826086956521738,13.066624999999998,8.277214583333334,20.188808333333334,21.362191666666664,16.045929166666667,10.984115416666667,20.384561458333334,19.698654166666667,16.425,17.479166666666668,12.534710833333333,16.689583333333335,12.28591875,13.242748260869565,17.78577425,13.865,11.360889166666666,18.6513214375,17.42830208333333,19.20075,10.185735416666667,13.7773275,13.755625,16.032523913043477
2018,8,4,7.208333333333333,15.988304761904761,15.953429166666666,19.6444,13.47627625,18.779783333333334,13.661964166666666,21.108902127659572,25.15529583333333,14.508333333333333,18.879166666666666,10.408565000000001,17.013333333333332,11.966102083333332,8.47954375,17.327580666666666,13.17125,11.898819791666668,17.573382416666664,15.771227291666667,19.763521739130436,9.260939166666667,16.338475,14.46575,13.98469988888889
2018,8,5,8.791666666666666,8.65475909090909,4.831645833333334,12.217419583333333,10.824400833333334,15.974098750000001,5.566530416666667,18.509594166666666,19.575492916666665,9.929166666666667,10.9375,8.323652916666667,8.693181818181818,12.387762916666667,5.451375124999999,10.967580583333332,7.459583333333334,4.778455208333333,8.540019744680851,9.7449025,7.832,7.770876250000001,13.32466125,7.140249999999999,7.357215434782609
2018,8,6,3.9583333333333335,9.012088461538461,7.28305,5.409420833333333,9.456408333333334,8.414898333333333,4.5519525,12.711810625,7.91806625,9.679166666666667,6.691666666666666,4.820299166666667,8.265416666666667,10.5013725,4.431113041666666,7.674741833333333,6.082083333333333,4.7560990697674415,8.389372041666666,6.91193375,6.147384615384615,4.358725000000001,8.290713333333333,4.636125,5.177044208333333
2018,8,7,6.416666666666667,10.17299512195122,10.870613333333333,8.506830416666666,11.161102173913044,9.603411666666666,6.88142125,14.344285416666667,9.0237275,12.012500000000001,8.154166666666667,7.964648749999999,9.103333333333333,7.436119583333333,6.708595291666666,8.987774166666666,7.904583333333334,7.2146271111111115,10.939372020833332,9.873002083333333,7.457,5.498880833333334,8.2997035,6.579625,6.70524880952381
2018,8,8,6.75,17.79277659574468,17.393942916666667,14.577124166666666,13.74147,13.43707,9.402542083333334,25.636306382978724,14.466365416666667,14.85,10.983333333333334,11.2073775,13.175833333333332,11.074442499999998,6.549344125,10.584612916666666,8.277916666666666,11.252319583333334,10.3630550625,15.598992291666667,11.007,11.902746666666667,11.129053043478262,8.33625,8.011708958333333
2018,8,9,7.75,27.40412,27.723145833333334,15.465937083333335,19.887116666666667,17.348491666666668,17.789741666666668,22.66745895833333,20.159470833333334,13.4,11.783333333333333,11.100230416666667,14.486666666666666,12.422447083333333,10.287906833333333,12.078870958333333,8.56625,15.53327375,11.546648833333334,16.887408125,24.66325,12.431768695652174,16.70606666666667,14.76475,11.56720119047619
2018,8,10,9.833333333333334,22.3981,14.752168333333332,7.590335,14.072715,13.589635416666667,13.743538333333333,21.710649574468086,13.0260425,15.586666666666668,12.979166666666666,12.229059583333333,14.362499999999999,10.48125875,8.359625875,12.523387249999999,10.982083333333334,6.46136125,14.356209791666666,8.469129583333332,14.308250000000001,6.614906666666666,14.5353225,9.121125000000001,9.696779913043478
2018,8,11,3.8333333333333335,7.636805555555556,7.094758333333334,7.083644583333334,8.782010416666667,13.452664166666667,9.152478333333333,12.338276808510638,10.129304166666666,11.795454545454545,18.0,5.5570924999999995,10.15625,11.013090416666666,8.180228625,13.234612833333335,11.227083333333333,6.617264166666666,11.014892875000001,7.70756875,7.157,7.493895217391304,9.334213043478261,9.719125,9.165917208333333
2018,8,12,5.5,6.765083333333333,6.358544166666667,6.041873750000001,9.596529583333334,9.07592625,6.1646849999999995,14.167557291666666,8.896228333333333,8.633333333333333,10.441666666666666,4.758830833333334,7.965416666666666,9.641698333333332,4.355804541666667,9.319451541666666,6.581666666666667,6.475295744680851,6.665949416666667,7.231126739130434,8.251999999999999,4.866417083333333,9.9074525,5.7947500000000005,5.659069916666667
2018,8,13,8.291666666666666,17.26964090909091,13.588337083333334,6.487591666666667,10.988211666666666,11.486321666666667,8.665108333333334,16.03493425531915,12.165811249999999,13.775,13.829166666666666,8.82751125,14.169565217391304,11.29508125,7.314900416666667,11.860032250000001,9.193333333333333,9.131164583333334,12.1240371875,9.3660575,14.5695,3.8136239130434784,11.456716666666667,10.317124999999999,9.939811624999999
2018,8,14,11.208333333333334,16.717804166666667,15.445408333333333,6.650474166666666,9.83227875,16.865089583333333,15.6461825,23.55444770833333,13.707820416666666,14.5375,21.34166666666667,15.608770833333333,14.104347826086956,13.522624583333332,9.865691304347825,16.78732258333333,14.020434782608694,7.284376041666667,15.210011895833333,7.656959583333333,16.046130434782608,6.78272875,14.830492916666666,12.185875000000001,10.328970166666666
2018,8,15,6.208333333333333,10.400952173913044,7.219237083333333,5.032384166666667,7.5790025000000005,11.197187083333333,7.14542875,10.206650625,11.4779,11.987499999999999,14.183333333333332,8.498110416666666,9.078333333333333,12.507156250000001,6.6707011666666665,9.763967782608695,9.937916666666666,6.6284053191489365,11.5062693125,7.342864166666666,10.081999999999999,3.6509221739130435,9.557097500000001,8.33625,7.697729041666666
2018,8,16,4.208333333333333,13.386965217391303,11.55939375,7.062544166666666,9.631989999999998,12.657937083333332,8.106992916666668,16.513198541666664,13.399634583333333,9.9125,11.708333333333334,7.72387375,7.76125,11.172218333333333,5.434586583333334,10.724806416666667,8.5675,8.81940875,8.748025333333333,8.542950416666667,10.124857142857143,7.15384,9.222854210526316,4.187625,7.162636166666666
2018,8,17,7.625,18.04484482758621,16.959215,9.564626666666667,11.467778333333333,16.276377916666664,15.282024166666666,23.738780000000002,19.538075000000003,12.470833333333333,10.387500000000001,12.927873333333332,9.249583333333334,15.498771249999999,8.26561025,13.046548391304347,8.069583333333332,9.460010833333333,9.593322895833333,14.379161041666668,9.726565217391304,10.099841249999999,13.038265,9.906,9.320696166666666
2018,8,18,12.5,20.628044186046512,10.757823333333334,12.568193333333333,20.9459625,22.956775000000004,13.840376666666666,29.44531304347826,21.848883333333333,15.341666666666667,14.9625,11.725985416666667,13.20375,15.099213749999999,12.000335583333333,16.568483833333335,10.153636363636364,7.358689583333334,15.539758916666665,13.881736458333334,24.162434782608695,6.799352173913043,16.353908333333333,17.642625,13.199012875000001
2018,8,19,8.75,13.451006382978724,12.148084166666665,13.876396666666666,19.247288333333334,23.13220875,11.333385833333333,24.94356956521739,22.111145833333335,18.64166666666667,17.841666666666665,11.002314166666666,15.949583333333335,12.57535,11.310087750000001,17.522483833333332,13.153076923076924,10.10166625,18.753806583333333,13.825887083333333,17.30075,11.326300416666667,16.7029875,16.521375000000003,16.555503625
2018,8,20,11.25,17.456555319148936,11.20656125,12.990587499999998,13.662483333333334,18.104045833333334,10.697659583333333,23.532014166666666,22.942229166666667,18.079166666666666,14.995833333333332,10.656946666666666,17.65791666666667,11.692395416666665,8.175911625,16.753129083333334,10.882,9.226824375,18.102266458333332,14.508122083333333,17.182,8.25837608695652,17.3460625,13.494000000000002,13.397210318181818
2018,8,21,3.608695652173913,8.743836956521738,7.885470000000001,11.877400416666667,9.877502608695652,12.435625833333333,8.089036666666667,16.843350416666667,12.91071,10.708333333333334,11.070833333333333,4.070151249999999,11.332083333333335,11.6236775,5.9353641249999995,13.019193625,7.498333333333334,6.706147234042553,9.4342380625,8.725845428571429,10.26057142857143,4.843617083333333,9.8747775,6.654374999999999,8.870779782608697
2018,8,22,5.3478260869565215,10.982510416666665,11.48503375,11.622524166666667,13.158800416666667,11.566820416666667,10.76272625,18.105056458333333,11.7483025,11.533333333333333,9.3375,6.904937916666667,9.025833333333333,11.34978125,4.441186208333334,12.738806458333334,7.0625,9.00037,7.793248604166667,12.354576250000001,8.394499999999999,8.863321739130436,9.812478095238095,6.018999999999999,6.855490590909091
2018,8,23,8.291666666666666,20.761163829787233,18.015265,11.841544999999998,13.10933375,13.332305833333335,15.891122083333334,30.25359625,14.966217083333333,17.5875,16.7625,12.311359583333333,14.13,21.20396,8.200938,14.749387208333333,10.25625,13.764102765957446,13.974543124999999,17.666220833333334,13.73825,10.376451666666666,12.164529583333334,10.690875,11.036530708333332
2018,8,24,11.416666666666666,29.713597826086954,19.8383325,11.323924583333332,17.045722083333334,19.697258333333334,22.438886666666665,29.88047416666667,19.390986666666667,21.283333333333335,16.6,22.1009375,21.122083333333332,24.752430833333335,13.569003764705883,19.91603225,16.00916666666667,12.507169000000001,22.64992266666667,15.642288749999999,19.260125,11.99264652173913,17.07124333333333,18.7265,18.098870125
2018,8,25,8.636363636363637,11.581808108108108,7.626505416666667,10.226049166666668,13.3299675,18.572637500000003,10.98904125,26.473016041666668,19.960404166666667,13.483333333333334,15.125,10.917537083333334,11.554583333333333,15.711185416666666,,16.965129083333334,15.65375,7.7351768750000005,16.803315458333334,13.334330416666667,14.621130434782609,7.0216199999999995,13.456960833333333,14.16675,17.784890166666667
2018,8,26,5.291666666666667,7.746892682926829,6.793405,4.296187083333334,9.04135909090909,10.024755833333334,8.272723333333333,13.124260208333332,9.759932083333334,11.9125,10.5,9.810150416666668,9.289090909090909,12.20302625,,11.056483916666666,10.040833333333333,4.548548837209302,11.583456854166668,7.72755125,9.582,3.8928800000000003,10.44374111111111,9.607000000000001,8.604291083333333
2018,8,27,6.875,10.860566666666667,9.14709125,5.128425,12.4380475,14.821755833333333,9.241263333333334,16.795187916666666,18.510382916666668,11.741666666666667,12.75,6.465707500000001,12.430833333333332,11.638377916666668,4.4812867333333335,11.866871000000002,11.137916666666667,5.6222231250000005,11.276745541666665,8.327052903225807,10.47004347826087,4.660930416666667,9.539732727272728,9.719125,12.40300725
2018,8,28,10.608695652173912,14.11367234042553,12.63295375,11.02409625,14.628027727272729,16.285750869565216,10.112939166666667,20.322290416666664,18.515258333333332,15.870833333333332,18.583333333333332,8.50395625,16.072916666666668,10.010775833333334,9.544895083333333,16.920677416666667,15.095416666666667,9.3200425,16.624840770833334,11.248086875,16.113249999999997,6.593157826086957,11.858928749999999,17.602,11.832536374999998
2018,8,29,7.714285714285714,16.454772916666666,11.807126666666667,15.428316666666667,18.01675375,20.9653375,13.471142916666667,24.232594583333334,22.185066666666668,15.895833333333334,17.25,10.813182500000002,15.539583333333333,14.62824,8.753436458333335,17.374559695652174,11.11625,12.102760833333333,12.941321416666668,15.877403333333334,13.382,11.519454583333333,11.764399130434784,12.073749999999999,12.955788958333335
2018,8,30,11.25,22.64667446808511,15.287564166666668,12.697545833333335,20.097720416666665,19.232342083333332,18.1502125,27.510795833333333,30.159317916666666,18.891666666666666,27.708333333333332,15.189746249999999,16.119999999999997,18.112570833333333,11.457367913043477,19.827129083333332,14.740416666666667,16.565630208333335,16.72125838297872,18.666499583333334,16.9445,15.155922173913043,15.930820833333334,15.886000000000001,15.556074083333334
2018,8,31,14.416666666666666,13.244539583333333,13.737387916666668,9.257235416666667,11.029771250000001,20.796066666666665,13.6600025,22.95908833333333,15.892037916666666,16.6375,23.75,17.180186250000002,16.92875,23.42235875,12.185488916666666,19.99809683333333,17.119583333333335,9.290905208333333,18.152831833333334,9.936745,14.688250000000002,6.254970416666667,11.344724999999999,13.344500000000002,15.573763208333332
2018,9,1,10.041666666666666,15.447336170212767,10.734795833333335,13.166849166666665,15.071441666666667,20.908279166666667,11.312869999999998,28.62471041666667,23.179033333333333,17.254166666666666,19.916666666666668,15.517410833333335,14.672083333333333,30.6747125,14.451938749999998,17.532741958333332,13.503749999999998,8.052986041666667,14.732638395833334,11.878630208333334,11.102,13.811838695652172,14.72605,13.195,13.269768874999999
2018,9,2,8.916666666666666,10.7751,9.13413875,24.81839125,14.49178,26.298133333333336,9.982840833333332,29.367902083333334,31.341845833333334,16.212500000000002,22.625,8.415465,14.743333333333332,20.99928875,9.780893708333332,15.990612958333335,12.294166666666667,8.825629375,13.760436,15.92001375,20.507,15.101808333333333,16.308504166666665,14.69,14.578756
2018,9,3,10.26086956521739,9.614092857142857,8.985126249999999,21.4031,15.233793125,19.66861666666667,9.31891875,26.38890625,23.614079166666667,15.424999999999999,19.833333333333332,8.003275833333333,12.715416666666668,29.932152083333335,11.500517458333334,16.712096625,13.48625,10.0085225,14.703925624999998,18.027923913043477,18.107,14.432922608695652,15.700244583333335,13.71825,13.747372291666666
2018,9,4,12.958333333333334,14.147316666666667,9.951523333333332,19.296331578947367,14.847631666666667,26.96162916666667,13.679960000000001,18.724732083333333,33.08487916666667,17.650000000000002,21.333333333333332,12.25543625,17.410416666666666,30.2824725,11.217031375,19.375774208333333,17.500833333333333,10.098868333333334,20.618486625,14.591161458333334,18.666375,9.896825416666667,17.292104166666665,16.446625,19.416701916666668
2018,9,5,8.125,13.926279545454546,12.649875,15.273833333333334,18.390675833333333,22.348220833333333,20.285683333333335,21.7571075,22.0443125,16.2375,22.166666666666668,16.161233333333332,18.895,17.401320833333333,11.337429041666667,22.06338704166667,18.20375,11.5517375,21.125830395833333,14.3283925,17.268363636363635,10.723105833333333,16.898958333333333,17.194125,18.439383708333335
2018,9,6,11.166666666666666,20.6522875,12.625354166666668,15.388344583333334,19.40318608695652,24.20125416666667,21.377458333333333,25.493476739130436,23.237270833333337,18.829166666666666,23.583333333333332,17.219191666666667,19.563333333333333,21.434083333333334,14.318589916666667,22.952419333333335,18.235833333333332,16.173738541666665,20.982534208333334,15.363063333333335,27.157,12.804794583333333,14.094565000000001,19.735625,19.359212625
2018,9,7,15.791666666666666,28.488455319148937,16.314511666666665,20.259079166666666,25.750531666666664,26.086408333333335,31.468975,24.83297659574468,38.74055416666666,22.483333333333334,27.166666666666668,22.709795833333335,22.754583333333333,20.487491666666667,17.723301041666666,21.923193666666666,20.245833333333334,18.851110416666668,25.186417957446807,20.468854166666667,32.382,18.454070833333333,15.279970833333332,27.6965,21.06178029166667
2018,9,8,14.0,19.37468043478261,11.488251666666665,12.842519583333333,17.60890375,27.872199999999996,17.658218333333334,35.78680666666666,26.15630833333333,22.6125,25.5,18.92999083333333,24.896666666666665,20.579115416666667,17.23245056521739,25.308354833333336,19.18166666666667,8.162075416666667,26.898858625,12.936562916666666,26.978875,11.115152083333333,19.187452083333334,23.024625,23.927400875
2018,9,9,12.375,20.033893023255814,13.240737083333334,12.578818750000002,18.6217175,18.38849375,16.067776666666667,25.606962499999998,26.578691666666668,15.15,19.416666666666668,8.091320833333333,13.799166666666666,19.043425,11.767694833333332,19.704032291666667,19.78291666666667,10.590364583333333,19.89109825,15.226262499999999,11.647217391304348,9.922902272727272,9.689090416666668,12.260625,14.923691833333335
2018,9,10,10.041666666666666,21.435299999999998,17.731591666666667,11.524873333333334,17.6561175,21.25978458333333,21.746590416666667,27.266307631578947,23.45887958333333,14.766666666666666,17.5,11.79868375,13.343333333333334,17.20653666666667,12.122651833333334,22.572870958333336,12.823333333333332,12.515516458333332,14.164997041666666,16.446096666666666,17.53825,7.3678195833333335,12.334703333333332,14.503124999999999,18.120981458333333
2018,9,11,12.083333333333334,14.645517391304349,13.125850833333333,12.606397916666666,18.713552500000002,18.73006416666667,14.518690833333332,26.82496,22.346468333333334,15.3,16.041666666666668,12.7011025,15.42375,16.53355708333333,12.580738625,19.895516166666667,11.98375,9.933376041666667,16.993724687500002,15.691039583333334,24.283250000000002,9.750019130434783,16.897097727272726,21.828625,13.101723333333332
2018,9,12,8.875,12.080123255813954,9.219105416666666,11.501015,13.002866249999999,14.622150833333334,9.147540416666667,26.315354583333335,15.809266666666666,11.245833333333332,18.625,9.198282083333334,13.54625,14.949245416666665,7.458322458333334,14.910096791666668,10.727083333333333,7.00929,13.628241083333334,14.184733125000001,18.25075,8.097270666666667,12.542093478260869,12.335374999999999,11.920981434782608
2018,9,13,3.6666666666666665,7.8969644444444445,7.43600125,16.020991249999998,9.234955416666667,23.859829166666668,14.318095416666667,33.569831739130436,20.000516666666666,8.204166666666667,16.0,6.667372916666667,7.9191666666666665,20.122712083333333,5.616861916666667,11.801903125,7.969166666666666,7.295675416666666,8.666529770833334,9.926478333333334,6.890333333333333,6.110257142857143,13.43414,8.224124999999999,7.56506125
2018,9,14,5.909090909090909,14.186918749999998,13.295488749999999,15.116933333333334,15.96063125,16.028191666666668,23.701217083333333,29.841648125000003,15.916702916666667,8.754166666666666,10.458333333333334,8.556457916666666,10.464084210526316,24.735060833333332,7.675134125,11.316354875,8.814583333333333,8.802508958333332,10.3641190625,10.450011666666667,13.058136363636363,8.26648625,8.687934705882352,10.391875,11.549512125
2018,9,15,5.541666666666667,13.241381250000002,13.523281666666668,13.944348333333332,15.74435304347826,14.014907083333334,14.797743333333335,12.576909166666667,16.11086583333333,12.395833333333334,16.333333333333332,13.824082500000001,16.570575,14.909729583333332,11.588777125,16.390677416666666,12.27375,8.200505833333333,20.791373479166666,12.020132291666668,15.116782608695651,10.19571375,12.559639166666665,15.574,16.626259666666666
2018,9,16,5.913043478260869,7.105602325581396,9.907105,11.075695833333333,13.011021052631579,17.297362500000002,13.586544583333334,18.70726625,15.33244875,11.258333333333333,16.708333333333332,6.3508,11.871900000000002,12.9584775,5.591439333333334,12.988419208333333,11.367083333333333,6.345140625,14.00377797826087,9.99528,12.948304347826086,9.709389130434783,10.221221666666667,7.999875,7.640239666666666
2018,9,17,8.583333333333334,18.675420833333334,17.017952083333334,14.003595416666668,16.3094475,16.956622499999998,25.11241875,23.106619166666665,21.464070833333334,13.554166666666667,17.291666666666668,11.70261375,13.939425,10.318873333333334,10.036079166666667,14.687838708333333,13.076666666666668,12.823924374999999,13.191447895833333,14.755508125,17.285260869565217,11.420406666666667,12.151679583333333,13.494,10.032678958333333
2018,9,18,14.291666666666666,28.802810869565217,24.725652916666665,17.061204166666666,26.014016666666667,16.588195416666668,34.772245833333336,26.035170625000003,20.48297416666667,21.620833333333334,27.291666666666668,20.337945833333333,22.688775000000003,14.495177499999999,16.276610583333333,21.995000041666668,23.273750000000003,16.127313750000003,24.283285687499998,16.483463958333335,25.435125,12.830234782608695,17.643822083333333,23.585250000000002,18.603007166666668
2018,9,19,15.916666666666666,32.04726875,23.199458333333336,18.50218333333333,17.57189375,18.580879166666666,33.55862083333333,26.74191829787234,21.088633333333334,17.2375,25.625,23.998425,19.566225,16.993165,12.879574125,19.433903208333334,18.05875,15.202270208333333,20.9122515,17.650565625000002,18.191375,15.018574583333333,15.916307083333335,16.371875,15.92312125
2018,9,20,17.166666666666668,29.173939583333333,19.3879625,19.375412916666665,26.864495416666667,22.266975000000002,25.28525833333333,32.769639534883716,29.34215416666667,22.641666666666666,32.916666666666664,25.36145833333333,26.298675,22.577269583333333,17.992396916666667,21.714613,19.567916666666665,18.073100208333333,25.455235104166665,19.605366666666665,27.988249999999997,13.109955454545455,19.071025,23.884249999999998,23.27290725
2018,9,21,18.708333333333332,20.171255555555554,19.077864583333334,12.115433333333334,20.77996125,26.173937499999997,17.282086666666668,33.985857777777774,28.0027625,24.129166666666666,35.083333333333336,26.733890000000002,28.257730434782612,25.6696925,19.377710173913044,24.480870874999997,23.8125,14.092846458333334,26.385168208333337,15.996900833333333,28.581999999999997,9.813236666666667,22.727379166666665,28.369249999999997,22.804148375
2018,9,22,10.541666666666666,6.0253461538461535,4.747676666666666,7.1225354166666675,7.408953749999999,9.481514166666667,5.5173024999999996,14.967435416666667,7.276842916666666,8.358333333333333,14.416666666666666,5.345613750000001,11.246175000000001,10.83353125,4.771200416666667,10.386290291666667,10.20125,4.607387083333333,9.824059520833334,7.551941304347826,6.927588235294117,3.4085060869565216,9.362704782608695,6.018999999999999,6.0526504999999995
2018,9,23,9.166666666666666,6.810997777777779,7.2864775,2.864350416666667,8.097733333333332,6.528062083333334,11.29887,11.688481458333333,5.058435833333333,10.429166666666667,11.5,8.23503875,13.304250000000001,6.347565416666666,7.359509916666667,9.654548416666666,9.957083333333333,6.036584375,11.492415166666667,7.136248125000001,6.89825,4.58798625,10.229209523809525,6.3180000000000005,8.980182583333333
2018,9,24,4.333333333333333,6.055487804878049,6.315100833333333,3.57529875,4.4950608333333335,5.3657975,10.3840775,6.968330833333333,2.9895186666666667,7.1875,4.916666666666667,3.0451045833333334,9.5958,5.532109166666667,2.5719048333333334,5.6159795,4.454583333333333,4.517634791666667,5.3222291875000005,6.329712083333334,5.117,3.2133404347826087,7.545820555555555,2.9168749999999997,3.032251
2018,9,25,3.7916666666666665,9.19992619047619,7.760040833333334,10.474689545454545,5.9479173913043475,12.094224166666669,12.797726666666668,12.161560833333333,9.812989230769231,10.804761904761905,7.875,3.67931625,12.156075,8.095526666666666,3.4736879999999997,8.2662903125,5.089166666666666,4.804751944444444,8.276537208333332,9.22009375,14.252833333333333,6.68373,10.022082608695653,4.347318181818181,5.18588875
2018,9,26,6.75,11.11173409090909,9.449433749999999,17.37918625,12.02220125,15.171617083333333,10.565458333333334,20.221477291666666,10.920969583333333,14.516666666666666,10.125,7.961830416666667,16.88175,12.136572916666667,7.395965041666667,9.763967782608695,9.5925,5.942543947368422,12.844855645833334,10.873162916666667,14.930913043478261,7.002425652173913,11.922070416666665,11.587874999999999,9.634676083333334
2018,9,27,8.166666666666666,12.797570833333333,10.759618333333334,13.020327916666666,10.149548333333334,19.9701925,9.806787916666666,17.114032765957447,13.511427500000002,12.104166666666666,11.208333333333334,8.1294325,13.20705,6.294192608695653,8.90645175,10.902612958333334,10.009166666666667,10.499469583333333,13.675547645833333,9.683181458333333,16.9445,8.804404666666667,12.179464999999999,11.886875000000002,10.037101291666668
2018,9,28,8.625,11.327217777777777,5.492043750000001,16.03190916666667,11.270425416666667,14.45764,9.80686625,24.458415416666668,12.498229583333334,12.429166666666667,13.916666666666666,7.799237916666667,16.39305,6.439145416666666,7.375818875,13.114935458333333,11.244583333333333,7.698342083333333,14.28971578723404,12.544908958333332,15.130863636363637,7.602518750000001,12.608670833333333,12.52225,13.084034166666667
2018,9,29,6.521739130434782,14.255307692307692,7.81755,17.1752025,18.753718333333335,15.304408333333333,13.533717916666667,17.108378958333333,17.575676666666666,23.2375,19.875,6.199167916666667,23.236874999999998,11.838574166666668,8.779547304347826,24.156032208333333,16.409583333333334,5.911889574468085,14.728799104166667,17.6584075,45.587,8.734825652173914,11.307551363636364,8.298875,24.170624833333335
2018,9,30,8.826086956521738,20.80901395348837,10.461285416666668,25.585810416666664,29.497087500000003,26.674705,20.144684166666668,28.226799787234043,31.61002375,23.925,22.708333333333332,11.398433333333335,20.605725,15.796705833333334,13.141475083333333,19.423645166666667,12.604583333333332,12.924982083333333,14.455383916666667,17.40323916666667,24.98557142857143,10.809204583333333,12.116860869565217,11.5505,16.1707675
2018,10,1,11.166666666666666,33.78499166666666,19.229656666666667,22.112111666666667,18.311821304347827,33.6693625,35.89804958333333,35.016440833333334,23.37714166666667,27.22083333333333,26.666666666666668,24.15978625,34.46145,23.32938375,16.645478208333333,28.14641933333333,20.619583333333335,16.3832125,23.311537166666668,14.640085625,29.532,10.926284347826087,18.241293333333335,16.745625,24.833962916666668
2018,10,2,15.0,7.459013636363636,5.434880416666666,6.383139583333333,7.636055416666667,16.270990833333332,10.513365,19.2806925,11.167514583333334,19.54090909090909,22.875,13.558026666666668,21.543300000000002,24.947633333333332,8.603778875,17.5874515,18.80913043478261,6.558195416666667,19.844558020833333,9.139321458333333,12.016374999999998,4.8821070833333335,11.731164583333333,13.494,13.269768874999999
2018,10,3,5.875,9.047921739130436,8.756948750000001,5.30741875,5.5679560869565226,10.882067916666665,9.444087083333333,8.386121458333333,6.455853333333334,9.226666666666667,8.791666666666666,4.332835833333333,9.95355,7.913832916666667,3.421403708333333,7.435387250000001,7.086666666666667,5.97835880952381,7.213977687500001,8.47474625,8.005863636363635,4.356066086956522,8.513965,4.74825,4.425261125
2018,10,4,5.833333333333333,11.090068888888888,11.036834999999998,16.584099166666665,9.90902125,22.349505833333335,13.720860416666667,17.20153625,14.409564583333333,12.991666666666667,14.583333333333334,8.284619583333333,20.597914285714285,17.451900416666668,7.331688958333333,14.024483833333333,11.89125,11.304262162162162,14.906425645833332,12.917242708333333,20.24790909090909,9.4242425,11.907626818181818,12.4475,13.420125583333332
2018,10,5,16.083333333333332,18.447593617021276,12.99394,26.468883333333334,17.663708333333332,32.65850833333334,24.701112499999997,39.17157916666667,32.2207575,21.204166666666666,33.291666666666664,17.491633333333333,24.13665,22.541982083333334,13.631699666666668,16.759967833333334,21.89,13.012114583333334,22.567199416666668,18.782341875,21.278875,12.470664782608695,19.4068,16.861,22.99430525
2018,10,6,14.583333333333334,33.597664583333334,20.683188333333334,28.546975,27.366895833333334,27.9560125,38.739529166666664,33.47612541666667,30.06885,25.05,24.583333333333332,30.0032375,30.331125,24.888725833333336,25.128955333333334,19.054354874999998,22.020833333333332,20.01749375,25.623568458333335,23.329495833333336,34.5195,16.345415416666665,17.423312499999998,29.939000000000004,23.869911541666667
2018,10,7,17.791666666666668,32.246724390243905,15.07182125,27.380917083333333,22.587830416666666,22.9599025,36.21262708333333,31.166522291666666,23.884482083333335,18.55,24.708333333333332,29.13460333333333,23.274,26.935086666666667,16.814802458333332,19.030419416666668,16.799583333333334,14.806953125,21.041306520833334,20.809795416666667,24.18825,12.550857826086958,18.198993478260867,19.474,17.89986875
2018,10,8,4.583333333333333,19.3607575,8.168471666666667,21.2298975,12.324589583333333,25.6848775,25.853014583333334,17.334789166666667,30.698215833333332,23.541666666666668,13.666666666666666,11.034167916666666,19.4589,20.458120833333336,13.152507541666667,24.949322541666664,17.5025,15.021230416666667,14.364706854166668,14.324372916666666,30.22290909090909,8.725120416666668,10.781044210526316,12.4475,28.725546374999997
2018,10,9,14.416666666666666,45.07697083333333,18.260025,30.345358333333333,39.35625217391304,41.563341666666666,39.36814583333334,34.55515208333333,62.46867916666667,29.6125,38.666666666666664,25.20980833333333,34.32645,33.35588333333333,28.7149825625,37.25216133333333,30.889166666666668,23.65810833333333,30.791144404255316,34.136516666666665,53.460125,23.237152173913046,18.748275,32.70475,43.25265041666666
2018,10,10,35.25,63.348083333333335,27.655541666666664,28.02961666666667,42.96879166666667,39.461625,81.28205833333332,47.36840625,53.938075,58.025,66.95833333333333,46.04385,44.608725,36.733925,29.610988739130434,39.82302766666667,43.9025,33.2595875,40.53615027083333,40.28544375,45.978874999999995,26.246134782608696,17.47911130434783,34.19295454545455,42.934248333333336
2018,10,11,28.875,43.03212,28.083916666666667,23.375083333333333,31.576904166666665,35.06135833333334,53.419645833333334,56.090562500000004,46.1850125,37.62083333333333,46.958333333333336,46.32692083333333,41.301224999999995,37.98101,29.562083083333334,35.41596775,29.612083333333334,31.837318749999998,37.65392558333333,32.41359375,29.710125,25.230704347826087,23.8911875,31.957250000000002,40.16591725
2018,10,12,22.458333333333332,42.44402291666667,31.55215,30.199304166666668,35.25302916666667,37.54808333333333,47.21780833333333,44.73395416666667,54.1846625,37.204166666666666,40.958333333333336,38.014434782608696,37.2843,43.39667958333334,26.512808833333334,32.87196775,22.150000000000002,31.141716666666667,33.14478870833333,36.54961041666667,47.166374999999995,23.644199999999998,22.444445833333333,35.208875,40.42683029166667
2018,10,13,30.666666666666668,49.57109583333334,34.3252,30.111995833333335,43.310125,45.519979166666666,61.800779166666665,57.682050000000004,57.051183333333334,41.85,48.041666666666664,42.193895833333336,43.200675,51.170287916666666,30.150056478260872,35.53222575,29.730833333333333,36.341225,37.85513097916667,33.49174583333333,36.657000000000004,25.044413043478258,23.692078260869568,33.265375,36.32297858333333
2018,10,14,24.291666666666668,40.91666382978723,27.309358333333336,19.406358333333333,30.344973749999998,38.50968791666667,42.39252916666667,51.571794583333336,50.97956250000001,34.25833333333333,34.708333333333336,33.638016666666665,40.651875,40.03667791666667,29.332457238095238,30.020225666666665,20.43916666666667,26.578595833333335,33.340101187500004,27.384917291666667,38.3195,17.02546125,22.356270833333337,35.806875,34.032251083333335
2018,10,15,23.083333333333332,30.48642083333333,26.8826875,17.081308333333332,23.750929166666666,33.195187499999996,33.13636666666667,43.31925416666667,35.37498333333333,34.666666666666664,40.583333333333336,28.074749999999998,27.367263157894733,45.074454583333335,19.639895363636363,22.648096749999997,16.3275,26.851839583333334,24.89793602083333,20.83577645833333,27.567227272727276,15.102748695652174,18.802400000000002,26.7995,28.495589125
2018,10,16,36.166666666666664,44.52901666666667,41.219300000000004,30.833745833333335,31.064341666666667,43.678912499999996,69.49957500000001,50.36138208333333,48.51716666666667,44.42916666666667,55.375,42.64924166666667,37.750416666666666,41.06065541666667,25.4038075,40.705709625000004,19.466666666666665,36.65010625,37.82025538297872,27.689302083333335,36.4195,23.344695833333333,21.136,34.237125,38.55621675
2018,10,17,39.208333333333336,63.43661458333333,54.58122083333333,39.743100000000005,37.83349583333334,51.384025,87.27337916666666,62.386039583333336,61.89173333333333,65.375,81.70833333333333,54.774120833333335,45.70583333333334,48.293833750000005,31.018846666666665,57.272483916666665,54.51571428571429,49.46543541666667,48.38522025,34.03883125,45.503875,34.99832916666667,25.612091666666668,39.469625,54.520553625
2018,10,18,44.333333333333336,90.5033375,51.903325,53.22956666666667,61.8523625,54.5989875,80.19039583333334,80.92624375,52.0249875,74.25,103.875,57.273445833333334,61.614583333333336,63.87288625,43.787102045454546,66.01577420833333,72.018,46.2737,59.73691670833333,53.92780625,64.741375,43.0154375,23.66571666666667,48.01490909090909,45.945803125
2018,10,19,53.5,35.70462888888889,8.874014583333333,36.405370833333336,61.526199999999996,70.23164166666668,56.635607916666665,92.85766041666666,70.82460416666667,58.37083333333334,73.125,24.809222083333335,50.01708333333334,77.36907916666667,30.012974666666665,58.24358058333333,57.57833333333334,17.253135833333335,53.95324854166666,47.36284166666667,65.33512499999999,26.013886956521738,45.569941666666665,53.33575,53.941238125000005
2018,10,20,16.833333333333332,23.152986363636362,10.7588125,23.60644125,28.802543749999998,46.1189,39.293996666666665,50.00955208333334,44.37129166666667,48.525,43.166666666666664,19.19474166666667,31.008333333333336,62.80468333333334,16.29996856521739,30.8648065,31.167083333333334,13.21175625,32.951552104166666,18.01758125,35.469500000000004,11.791060833333333,26.215841666666666,29.71475,31.42196765217391
2018,10,21,19.083333333333332,16.22060810810811,7.384707083333333,25.252445833333336,29.716191666666663,29.863799999999998,23.70781666666667,26.905578958333333,32.623225,31.8125,28.125,22.183460416666666,23.325599999999998,19.66484875,14.049097652173911,33.76099983333334,26.097083333333334,16.63590041666667,19.0847514375,25.483175000000003,26.741375,16.45002695652174,14.071172608695653,17.306250000000002,26.938955791666668
2018,10,22,15.708333333333334,23.856424444444443,8.466919583333334,26.64304,21.982695833333334,54.451275,22.13754,56.5787625,45.5731125,20.625,29.916666666666668,20.893114999999998,28.62405,36.159504166666665,14.631815666666666,32.632612875,22.52541666666667,12.937552083333335,26.627377999999997,27.259175,27.75075,15.992853333333334,17.381834583333333,22.800375000000003,21.716273833333332
2018,10,23,7.916666666666667,4.012425581395349,4.24307375,8.680613750000001,9.642665217391304,16.975797916666668,9.636000833333332,14.559623958333333,15.76762625,11.441666666666668,15.333333333333334,5.741642916666667,14.769675,13.933258333333335,5.988128041666666,11.945516208333332,12.259583333333333,6.042477916666667,10.802705375,9.467258750000001,9.236545454545455,7.022671304347827,9.93157,10.42925,8.396445041666666
2018,10,24,2.5833333333333335,7.3991299999999995,6.4082975,7.349705833333334,4.3187,7.926112916666667,10.281310833333334,4.690939375,5.2647474999999995,7.863636363636363,3.2083333333333335,2.2427204166666668,8.822925,4.634287083333334,2.4798077083333334,6.727580708333334,4.203333333333333,6.765398333333334,4.079000513513514,6.764580208333334,11.132,3.969325833333333,8.578235454545455,2.3562499999999997,4.062636208333333
2018,10,25,5.875,8.821517073170732,8.79547,5.8298595833333335,7.160236956521739,14.463610000000001,11.909067499999999,10.745543541666665,9.470728750000001,10.237499999999999,8.958333333333334,4.891711666666667,12.924225,7.765916666666667,5.000483625,9.162161333333334,7.9870833333333335,6.737524583333333,8.216459976190476,8.326041041666667,11.83308695652174,3.8875604347826083,8.9645655,6.729125,6.3843195
2018,10,26,7.708333333333333,10.928070833333335,8.974184166666666,13.94868125,11.60421375,23.864142916666665,18.2073175,22.983353333333337,18.023637083333334,12.987499999999999,7.0,12.66746875,15.759225,11.15464875,8.896858416666667,13.217516208333334,14.770000000000001,10.0568025,11.761380958333334,16.12831291666667,18.462434782608693,11.4100375,14.195194285714287,11.288874999999999,10.541238250000001
2018,10,27,16.458333333333332,13.716175555555555,9.9812525,23.428359166666667,18.340447083333334,32.14876666666667,20.018953749999998,40.599866666666664,33.047575,18.620833333333334,,15.261893333333333,24.69555,28.08698708333333,14.491271833333334,24.145774125,22.109166666666667,8.778829791666666,22.193627979166667,20.570897291666665,34.103874999999995,9.40121391304348,18.573970833333334,23.062,21.052935833333333
2018,10,28,8.478260869565217,9.640593023255814,7.338355833333334,32.27546208333333,16.393480416666666,20.720054166666667,25.147583333333333,17.137802083333334,,14.582608695652173,18.956521739130434,4.976308333333333,20.136599999999998,42.31919166666666,9.648462608695652,16.917852608695654,14.721304347826086,7.177866458333334,14.15033347826087,12.750551875,17.268363636363635,6.960154166666666,10.162939999999999,13.702,21.403832
2018,10,29,6.666666666666667,12.161692307692308,6.92997,13.5535675,13.44903652173913,31.915583333333334,15.1207025,26.871932291666667,,14.4,35.625,7.29272625,20.825775,15.898644166666665,10.99062625,30.454483874999998,18.915,7.598477916666667,18.14308970212766,18.278768958333334,12.024857142857142,10.82624695652174,15.157005833333335,15.111318181818183,22.42825675
2018,10,30,20.958333333333332,21.61138043478261,20.154435833333334,6.889823333333333,13.350607083333335,12.83274875,20.6161675,15.641589375,6.6069064285714285,13.183333333333332,25.375,25.697887499999997,17.442674999999998,13.9255875,14.374711583333335,15.884612875,21.040833333333335,14.886405106382977,15.817062787878788,12.534032291666668,14.435260869565218,10.28075375,13.115736666666665,14.353625000000001,16.161923041666665
2018,10,31,25.875,28.876279166666666,20.789165416666666,4.647315833333334,15.665904166666666,12.382373333333334,43.829645,22.203033958333332,10.97528125,26.358333333333334,33.416666666666664,19.0532775,22.46535,22.410037083333336,11.176738958333333,21.14700016666667,29.819166666666664,14.342390208333333,16.813233604166665,13.050664583333335,17.8945,6.536353913043478,12.534654999999999,14.091999999999999,26.60728675
2018,11,1,18.0,29.119885416666666,26.177308333333333,9.78274625,15.235995,19.999904166666667,46.79198333333333,37.56408604166666,22.588852916666667,34.68260869565218,39.391304347826086,33.13206666666667,35.83305,36.32686666666667,19.918999125,30.444225708333335,28.107083333333335,28.71456458333333,29.926357127659575,17.722256041666665,19.082,15.763966250000001,16.809445,21.866,22.0249472
2018,11,2,22.833333333333332,38.615218181818186,29.638833333333334,17.079211666666666,29.919550416666667,29.489329166666668,52.48479583333333,32.287339583333335,41.47759583333333,32.6875,44.541666666666664,34.70117083333333,39.18085714285714,43.8519125,21.50983091666667,51.40145166666667,38.70583333333334,17.310472083333334,32.73432739583333,21.216172127659572,79.84807142857143,12.394695217391304,19.18931,25.633399999999998,48.952935749999995
2018,11,3,17.958333333333332,31.447738095238098,19.23342625,15.221407916666665,48.41203333333333,32.568037499999996,77.6220875,41.23539375,32.90033333333333,25.775000000000002,42.958333333333336,29.428300000000004,36.84825,55.642245833333334,23.027033208333332,35.3749355,26.420833333333334,24.97459729166667,24.07516072916667,26.236147916666667,34.0445,22.581212500000003,17.2009425,24.818624999999997,33.510425125
2018,11,4,11.041666666666666,22.914197916666666,18.440663750000002,23.6012375,,25.3271125,30.106237500000002,27.29382916666667,35.17424166666667,17.766666666666666,23.75,15.822228333333333,19.99755,47.872591666666665,14.293646958333333,21.74196775,19.2275,28.051189583333336,18.655696395833335,28.278733333333335,16.11325,31.674686956521736,14.246064166666665,19.3245,24.58631670833333
2018,11,5,23.125,37.485272916666666,20.866225,19.671795833333334,30.511253846153846,36.68815,38.20377916666667,41.48083125,34.9485625,47.32916666666667,39.041666666666664,30.28746666666667,41.949225,34.9349125,24.616665791666666,34.45170970833333,28.59583333333333,36.594514583333336,33.631968934782606,28.982539583333335,31.1945,29.410954166666667,20.102279166666666,34.760375,39.502579125000004
2018,11,6,31.25,38.727474468085106,34.760195833333334,18.550129166666668,27.73506666666667,39.2329625,48.465554166666664,46.37842708333333,39.607754166666666,47.362500000000004,42.083333333333336,45.5363625,40.491225,42.3978625,28.108906739130436,35.27919358333333,30.795416666666668,33.53162291666667,34.851075854166666,23.901789583333336,30.482,19.81466086956522,20.94324166666667,32.25625,37.937101291666664
2018,11,7,23.0,56.272108333333335,35.63677916666666,33.089216666666665,34.540570833333334,48.73822916666666,72.87005,68.69164375,50.889787500000004,40.550000000000004,44.166666666666664,46.388908333333326,54.513675,47.68390416666667,31.840524541666667,38.524161291666665,29.023749999999996,41.1129375,41.427095270833334,26.679358333333337,40.10075,27.953308333333336,27.389620833333336,37.115,42.191309583333336
2018,11,8,46.291666666666664,64.7543,59.36285833333333,37.523247500000004,52.72456666666667,60.6292625,90.89194166666665,79.97386250000001,57.95365,60.25,88.75,50.962291666666665,66.285675,54.105625,42.6811095,60.469580625,53.33541666666667,52.754225,49.45836754166667,35.895618750000004,66.107,33.58633043478261,25.214958333333332,53.672125,58.695161250000005
2018,11,9,39.625,43.50290833333333,27.549983333333333,34.34889583333334,59.15753333333333,89.073425,34.779375,90.77614791666667,93.06458333333335,65.29583333333333,113.125,52.40465833333334,65.59515,59.97219166666667,38.76650720833333,70.12241933333333,51.50208333333333,27.348772916666665,60.33146274999999,54.40380869565218,65.51325,25.299287500000002,33.007195833333334,56.138875000000006,49.041380833333335
2018,11,10,24.25,79.92003125000001,33.44159166666667,53.381,57.64163478260869,84.16462083333333,56.06424583333333,92.77632916666666,66.89965416666666,50.5875,77.83333333333333,48.8525,68.100075,68.8952125,39.57475429166667,62.97938716666667,41.25666666666667,37.422435416666666,59.81344191666667,49.61111458333334,59.278875,27.085160869565218,38.887750000000004,56.961125,54.007572124999996
2018,11,11,31.208333333333332,64.11109375,33.929337499999995,57.60610833333334,47.15943333333333,51.5378125,65.43314166666667,78.62288958333333,47.77747083333333,47.86666666666667,51.333333333333336,43.964949999999995,63.997425,58.44872083333333,38.880189375,56.57151604166666,36.59291666666667,36.90719375,50.58309966666667,41.47109583333333,51.797625000000004,28.524145833333336,29.312299999999997,47.991125000000004,55.84722975
2018,11,12,39.416666666666664,59.173710416666665,37.51996666666667,39.262079166666666,39.22725833333333,63.15979166666667,61.35556666666667,85.70255208333333,45.53405,43.225,50.416666666666664,53.189991666666664,57.564,62.235549999999996,40.33503420833333,50.52609675,34.010416666666664,23.511645833333333,50.1878169375,30.550689583333334,42.832,21.406514347826086,30.02531666666667,43.431375,46.746231125
2018,11,13,35.916666666666664,34.80091395348837,27.160335416666666,46.647426249999995,28.6810875,53.400974999999995,64.88697499999999,75.31777416666667,36.29612083333333,38.324999999999996,45.916666666666664,48.522983333333336,48.72555,52.548495833333334,33.86282129166667,41.03738716666667,36.930416666666666,16.968116041666665,42.3145285106383,25.398789375000003,43.37177272727273,15.05474125,23.55088166666667,38.647375000000004,33.514847375
2018,11,14,10.4375,20.255739130434783,10.733564166666667,25.59609041666667,15.949767083333333,27.635162499999996,,22.887468124999998,20.614697083333333,17.629166666666666,18.208333333333332,10.58949,21.397499999999997,17.68448916666667,13.491155874999999,21.680419333333333,15.370416666666666,16.773707916666666,19.709892854166664,14.822366041666667,21.57575,16.778747826086956,13.63720875,20.29625,19.182322375000002
2018,11,15,8.375,35.76765434782608,17.581537916666665,41.654700416666664,34.43918333333333,37.05715,,26.335413958333334,38.04662916666667,19.5,16.875,22.280695833333336,20.47275,18.02812625,14.03798175,18.435451583333332,13.590833333333334,27.485225,15.432764895833332,36.58223404255319,32.09286956521739,17.016292916666668,16.8806,19.361875,21.411138416666663
2018,11,16,18.708333333333332,30.390843750000002,13.992802083333332,26.710034782608695,18.890205652173915,24.124133333333333,,23.666098541666667,37.03127916666667,23.070833333333336,29.916666666666668,23.215033333333334,21.557475,27.772583333333333,12.067010083333335,22.377967791666666,22.36708333333333,24.855508333333333,19.962080354166666,22.59441729166667,15.426565217391303,22.1702125,16.054427916666665,15.811250000000001,23.772621916666665
2018,11,17,37.75,62.16180416666666,27.940091666666664,34.908966666666664,38.41200833333333,42.138441666666665,,36.379670833333336,43.49151666666666,54.039130434782614,39.208333333333336,48.29917916666667,47.604375000000005,39.82102083333333,26.526239708333332,35.21422570833334,55.48500000000001,38.107222916666665,36.025488062499996,34.876062499999996,44.0195,35.52900833333333,25.054175,30.873375,51.044661958333336
2018,11,18,32.708333333333336,79.87731904761905,9.35205,59.04503333333333,71.79322499999999,54.0257125,,49.24771666666667,73.87024166666667,72.34166666666667,55.0,29.05073541666667,88.29945,50.90855416666667,33.57357916666667,61.92622579166667,63.24,44.46760125,57.536983625000005,61.35108125,107.016375,53.6938,40.81829583333333,51.952875,76.508
2018,11,19,4.541666666666667,8.198183783783785,6.55299625,41.12025833333333,12.495757083333332,39.3761,,33.397725,52.43355833333334,14.75,29.541666666666668,5.193911666666667,16.031925,46.79897916666667,6.957544958333333,28.43022575,10.78875,8.501439166666666,12.106998106382978,30.611889583333333,13.797624999999998,11.067311250000001,30.87195,17.567875,18.059069958333335
2018,11,20,6.791666666666667,10.988902325581396,7.394124166666667,31.556804166666666,20.35036956521739,36.48408333333334,,41.305816666666665,44.913624999999996,15.7875,26.208333333333332,10.870345833333333,17.6094,39.596624999999996,6.409243,26.836806375,13.27625,12.807051041666666,14.5654434375,28.06996666666667,14.510125,22.930604347826087,22.864387500000003,21.193250000000003,18.174048458333335
2018,11,21,7.208333333333333,18.32735217391304,10.734607083333332,31.030108333333335,22.745154166666666,32.467125,,31.823697291666665,44.7732375,20.8,25.5,16.71099583333333,21.005325,30.825579166666667,,25.33570966666667,15.695,19.977670833333335,19.223294260869565,33.12850208333334,18.428875,29.118941666666668,22.615925,20.557875,23.374619083333332
2018,11,22,12.958333333333334,23.753878723404252,13.689752083333333,36.817033333333335,23.5849375,43.20205000000001,,41.04708333333333,55.93625,20.608333333333334,28.916666666666668,29.642200000000003,24.3648,38.8853375,,30.313668590909092,22.14708333333333,28.845456249999998,22.601953854166666,32.611143750000004,24.128874999999997,31.93683913043478,23.910691666666665,25.267125000000004,32.404861583333336
2018,11,23,20.291666666666668,47.34218333333333,20.130483333333334,74.64328333333333,47.50682916666667,61.01832083333333,,61.11516041666667,84.76447083333333,32.69166666666667,35.208333333333336,35.8448875,40.785525,46.75199166666667,,32.23938716666667,23.27625,50.59826666666667,31.3095878125,65.65242291666667,50.1945,56.650875000000006,35.177754166666666,41.07675,37.32683029166667
2018,11,24,28.708333333333332,64.91193750000001,50.076425,102.97605,66.8958875,48.112337499999995,,56.18157083333333,50.6569,54.645833333333336,42.791666666666664,48.0442,60.843825,31.6746125,,50.710742,36.461666666666666,78.71431875,46.13455060416666,41.19462708333334,61.357,42.23442173913043,26.354279166666668,43.65562499999999,46.90543225
2018,11,25,38.083333333333336,75.24831875,38.199283333333334,66.73214583333333,51.58045416666667,43.63315,,52.40452916666666,49.52879166666667,48.824999999999996,59.208333333333336,43.542162499999996,72.44369999999999,39.278563749999996,,53.3949355,49.82791666666666,59.818154166666666,55.08304758333333,41.54004375,82.85075,42.84187083333333,19.524720833333333,65.29575,62.900724583333336
2018,11,26,13.541666666666666,50.758595744680854,16.07894375,40.3981125,29.96305,36.20150833333333,,24.27702553191489,39.30212083333333,22.120833333333334,27.25,25.747583333333335,28.26495,22.991566666666667,,26.235000041666666,19.604583333333334,37.07264782608696,20.475197895833332,35.017273333333335,22.347624999999997,30.953021739130435,23.556908333333336,30.312749999999998,28.725546374999997
2018,11,27,19.541666666666668,62.78641489361702,10.587892083333333,35.311991666666664,43.77999166666667,35.5345125,,21.319747500000002,35.80988333333333,49.137499999999996,27.041666666666668,21.164967916666665,54.132299999999994,44.161826315789476,36.101769833333336,43.020613,40.19708333333333,36.03081041666667,40.8800045106383,30.327472916666665,72.79830434782608,34.117045833333336,26.370508333333333,39.6565,43.540097124999996
2018,11,28,10.958333333333334,43.58087708333333,16.71689375,34.45923333333334,41.63170833333333,57.38243333333333,,39.287422916666664,74.46952083333333,37.579166666666666,35.59166666666667,19.601120833333333,60.411825,49.648175,24.19215625,46.9820097826087,37.439166666666665,37.98132916666667,35.05672322916667,37.84539782608696,47.047625000000004,31.736975,35.22767916666667,35.321,47.184034249999996
2018,11,29,9.583333333333334,26.50655,12.900219583333334,39.894816666666664,23.41379166666667,40.02290833333333,,40.60816666666667,62.4253625,18.404166666666665,20.329166666666666,20.252616666666665,22.445774999999998,28.128162500000002,19.928352708333332,22.25829029166667,12.981904761904762,35.82311458333333,16.736864583333332,49.37392916666667,19.43825,42.491033333333334,22.13372083333333,21.7165,23.091594833333332
2018,11,30,16.875,27.74461666666667,16.182104166666665,15.498645833333333,27.468145833333335,46.151975,,36.345000416666664,61.1533875,22.245833333333334,23.974999999999998,21.63704583333333,24.052274999999998,41.6985125,21.249848916666668,25.681064541666668,,27.399197777777776,18.8774003125,26.29763125,27.8695,23.856184615384617,26.360958333333333,25.416625,25.156787374999997
2018,12,1,24.75,56.92990416666667,25.22169583333333,36.81771666666666,48.24169583333333,53.46255416666667,,67.60658333333333,45.251979166666665,60.79583333333333,63.98333333333333,40.77140416666666,60.07095,59.5034,49.56392158333333,55.77480645833333,,36.03242708333333,44.179863041666664,52.99068125,67.47262500000001,31.9817,47.007487499999996,52.177125,50.48303570833334
2018,12,2,56.458333333333336,47.66071276595745,26.706633333333333,20.57285166666667,34.1346,31.368641666666665,,62.53933333333333,34.136204166666666,59.34166666666667,45.875,71.22202083333333,63.353475,38.991375,53.49483279166666,42.26151608333333,,18.308095833333333,56.19028722916667,28.047497916666668,38.91325,16.974482916666666,29.845258333333334,38.647375000000004,41.625261083333335
2018,12,3,24.125,22.761007499999998,16.810896666666668,11.280277083333333,16.87428695652174,24.543633333333332,,39.09989291666667,24.9556875,28.224999999999998,33.68333333333333,33.04606666666667,33.01965,9.738377083333333,25.290604833333333,30.580999916666666,37.5375,11.583863125,29.42388095833333,21.000278541666667,33.391375000000004,11.80412375,20.785170833333336,23.248874999999998,28.783035666666667
2018,12,4,22.875,18.54756976744186,8.516355833333334,8.0567425,18.467825,26.905325,,30.065235416666667,21.025986666666665,26.27777777777778,22.516666666666666,23.483122499999997,29.685824999999998,17.599280833333335,20.503479208333335,24.179967708333333,26.64375,10.302627708333334,26.07190172916667,13.947945833333334,32.203875000000004,7.765485652173913,14.86907,20.221500000000002,22.02583170833333
2018,12,5,11.958333333333334,24.26009375,14.453205833333334,39.751994583333335,24.131592083333334,42.875325000000004,,32.828159166666666,31.6104375,32.480000000000004,26.400000000000002,15.397464999999999,28.038825000000003,23.900012500000003,18.267248875,28.495193625,24.653750000000002,13.223086486486487,23.823107145833333,31.618827446808513,52.985125000000004,17.405644583333334,18.19412875,24.519625,22.224833208333333
2018,12,6,16.166666666666668,47.69803958333333,17.05683875,20.39812125,37.035712499999995,65.3473875,,54.80859791666666,61.039449999999995,36.86666666666667,35.012499999999996,28.529804166666665,53.595,47.2946,45.76204225,45.79370975,28.563333333333333,18.615285714285715,41.213918104166666,35.8785875,42.060125,19.115782608695653,32.4571625,45.001125,48.43110991304348
2018,12,7,15.958333333333334,18.08401304347826,12.41205625,6.82497625,16.513933333333334,20.849320833333334,,44.128566666666664,17.538635,25.483333333333334,27.52916666666667,27.517141666666664,32.49855,17.27530875,22.956041708333334,26.78209683333333,29.092083333333335,12.491703958333332,27.853099666666665,15.744497291666667,33.92575,10.1783725,20.2605,22.3145,26.713420875
2018,12,8,12.666666666666666,6.50641590909091,4.606545833333334,6.542695416666667,8.908513043478262,20.766596250000003,,21.664017291666667,15.019100416666667,14.908333333333333,23.09166666666667,11.682695833333334,21.590549999999997,20.208567916666667,10.809310250000001,21.9231935,22.12375,6.315527500000001,17.216775270833335,9.505778958333334,18.310125,4.296362083333333,16.95529125,11.812125,15.662208333333332
2018,12,9,14.291666666666666,8.912492105263158,7.991693333333333,2.928322083333333,5.19477,11.970962083333333,,7.4276068749999995,5.46118,12.716666666666667,22.1375,16.417973333333332,17.66475,16.613855833333332,10.28886625,14.000548375000001,20.401666666666667,7.610754166666666,12.058910729166668,6.492935625,7.207000000000001,4.284570869565218,10.61550090909091,8.03725,11.346088541666667
2018,12,10,9.791666666666666,9.262053333333332,8.283739583333334,4.8821875,6.425058333333333,16.73925875,,11.335469375,8.324924583333333,11.025,14.674999999999999,10.186952916666668,15.37515,11.939643333333334,7.726938708333333,12.290871000000001,15.195416666666667,8.281021666666666,12.1547440625,8.411463333333334,24.37485714285714,5.926291249999999,10.764096666666667,6.990749999999999,6.950368083333333
2018,12,11,21.291666666666668,18.595091304347825,12.291660416666666,5.511570416666667,11.247102083333333,29.74116666666667,,20.354331666666667,15.130524583333333,44.73333333333333,44.354166666666664,23.61779125,30.510675000000003,38.664109583333335,20.377325708333334,28.341322625,31.145833333333332,9.382467499999999,25.00522020833333,9.288829166666666,25.9695,7.429401739130435,17.24215125,19.586125,43.54451916666667
2018,12,12,14.708333333333334,30.351266666666664,10.181346666666666,21.992908749999998,35.780879166666665,34.8883125,,29.98070625,37.63245652173913,24.037499999999998,43.237500000000004,17.554300833333333,35.436825,59.533899999999996,25.95015375,33.67893554166667,29.727500000000003,15.804854999999998,28.223047604166666,29.009213958333333,53.103874999999995,24.07127291666667,26.054929166666668,37.37322727272727,34.686744624999996
2018,12,13,7.833333333333333,17.140817021276597,9.274719583333333,40.26052083333333,20.739991666666665,55.31055833333334,,54.41291458333333,44.36085,17.4875,14.370833333333332,11.267653333333334,20.81835,23.054079166666668,16.820163470588238,19.837386916666667,20.052083333333332,21.10347625,15.857750020833334,38.5921,16.4695,20.88103043478261,21.905070833333337,19.3245,21.402293708333332
2018,12,14,13.291666666666666,24.57834166666667,15.275081666666667,21.291125,24.713512499999997,44.426208333333335,,30.398964583333335,38.53256666666667,24.0625,30.129166666666666,16.3875625,28.021275,30.09759166666667,20.595096666666667,25.007451625,22.066666666666666,19.86191666666667,21.521046166666665,28.193410416666666,28.760125,25.3272625,18.32560416666667,22.912499999999998,28.650368041666667
2018,12,15,18.75,31.192845833333333,12.635054166666668,24.047262500000002,28.40227916666667,31.753325,,19.14309666666667,29.771341666666668,26.162499999999998,25.224999999999998,23.83374166666667,25.662824999999998,29.14793333333333,24.011319999999998,22.196741875,17.780416666666667,28.431229166666668,20.900354104166667,31.029725,27.767714285714284,35.17672727272728,18.338916666666666,22.426625,28.367343791666666
2018,12,16,12.0,27.911572340425533,11.678975416666667,40.13653333333333,30.267349999999997,48.93112083333333,,41.42351020833333,35.86602916666667,21.570833333333336,24.275000000000002,22.1399625,26.304075,43.39380416666666,24.354764916666667,29.309000166666667,17.30333333333333,25.199358333333333,21.340294625,33.439637499999996,34.0445,26.6915375,25.629787500000003,26.388375,31.042807416666665
2018,12,17,19.916666666666668,64.73691875,29.912833333333335,39.693754166666665,56.355799999999995,82.54895,,109.35100208333334,52.719275,63.65416666666667,39.47083333333333,42.03599166666667,42.7284,65.5682375,59.49744675,49.736225749999996,32.82041666666667,40.081575,47.5389889787234,49.88660208333334,102.741375,41.33864347826087,50.87029166666667,68.173625,68.95921266666666
2018,12,18,43.708333333333336,96.37531041666666,28.1300375,78.20372083333334,76.11300416666667,87.15897083333334,,88.65749166666666,84.47180833333333,95.21249999999999,90.87083333333334,46.84442083333334,,84.36304583333333,70.53709558333334,65.65674204166667,72.02875,61.05885833333334,77.13967897674418,57.29554166666667,86.65075,36.331579166666664,60.50206666666667,60.324875,75.25650204166666
2018,12,19,36.708333333333336,58.007789583333334,25.599500000000003,20.309156666666667,53.41305416666666,58.96279166666667,,55.148543243243246,82.00604166666666,58.59583333333333,33.2875,52.90944166666667,,39.175979166666664,44.08750741666666,38.68829029166667,25.265416666666667,48.35970208333333,42.391147063829784,57.354489130434786,49.482,40.9018304347826,39.18825833333333,43.057625,43.11113841666667
2018,12,20,21.75,62.138875,27.786170833333333,33.28702916666666,38.129875,58.63364583333333,,66.3262947368421,33.2392125,40.170833333333334,39.645833333333336,41.65501666666667,,49.8904125,41.005135833333334,37.2248065,26.21083333333333,38.07815625,35.365272312500004,31.921808888888886,59.813250000000004,29.414983333333335,48.19092916666667,42.459625,42.49644504166667
2018,12,21,38.25,42.16836071428571,27.653966666666665,12.867223333333333,26.463441666666668,32.56860833333334,,46.18809125000001,34.259166666666665,38.50416666666667,37.31666666666667,58.19331666666667,48.18469090909091,14.258322916666666,41.983186833333335,32.810419375,41.35666666666666,17.496066250000002,40.797946409090905,19.152656666666665,42.47575,12.751364347826087,28.606116666666665,32.330999999999996,36.499868791666664
2018,12,22,13.458333333333334,14.929877272727271,17.746999583333334,4.438542083333333,7.255953333333333,14.81,,9.228562916666666,15.790610833333332,14.533333333333333,17.054166666666667,23.790720833333335,18.44505,15.011741666666666,12.459423260869565,12.725129041666667,16.72869565217391,11.002517291666665,13.453806541666667,8.741028333333334,14.985125000000002,5.447921666666667,13.773714166666666,8.485750000000001,10.846373708333333
2018,12,23,14.333333333333334,14.59016551724138,12.525619583333333,6.145602083333333,13.944285833333334,27.61221666666667,,16.730659166666666,23.30110833333333,14.316666666666668,20.229166666666668,19.592176666666667,18.488925,14.621963333333333,14.152143708333334,14.626290375000002,18.81,13.432774375000001,13.809989604166667,11.677782708333332,30.007,9.308132608695653,14.746590416666665,15.51225,14.317843083333335
2018,12,24,12.041666666666666,11.25436,9.3085675,5.622232916666667,7.311744166666667,21.176433333333332,,7.739786041666666,12.847982916666666,10.737499999999999,14.558333333333332,9.0306625,17.076825,14.114941666666667,11.025642249999999,14.612612833333335,13.47125,9.763729583333333,10.841805041666667,9.080696041666666,17.53825,6.756509166666667,12.609737727272726,10.616125,12.845232458333333
2018,12,25,14.958333333333334,11.700547222222221,9.220404583333332,7.551875416666667,9.59557375,24.840529166666666,,15.767997708333333,18.321344166666666,15.916666666666666,18.708333333333332,13.19122625,19.4265,19.353051666666666,14.97813875,17.180548375,19.630416666666665,8.783198541666666,16.646775270833334,8.4397575,26.860125,7.342134166666667,11.386683750000001,14.988999999999999,14.587600708333333
2018,12,26,7.791666666666667,10.351028260869565,8.017525416666667,10.18601625,8.461612916666667,25.473658333333333,,16.374947708333334,19.345714583333333,11.383333333333333,15.070833333333333,8.73285875,14.798025,18.189433333333334,9.231669333333334,13.337193583333333,11.270833333333334,9.803630208333333,10.987556541666669,11.598537708333334,18.83417391304348,10.98743625,11.787474583333333,9.644375,9.70101
2018,12,27,10.5,11.216925384615385,7.659283333333334,9.545175833333333,10.452485,32.67397916666667,,15.669935,24.911019166666666,12.777777777777779,18.945833333333333,10.324721666666667,18.343799999999998,18.533821666666665,11.744670458333333,17.652419416666667,17.62125,14.586048958333334,17.011513484848486,10.556441458333333,24.366375,10.58139695652174,10.567837083333332,16.483999999999998,13.92868475
2018,12,28,5.695652173913044,11.715197575757575,8.08968375,10.353475833333333,7.934115833333333,25.192016666666664,,17.078096249999998,15.701604583333333,12.030434782608696,11.479166666666666,2.679525,13.930753846153845,16.6315875,9.766023958333333,15.968758652173914,9.16,9.616039791666667,12.661175763157894,13.458736041666667,23.91460869565217,10.479220416666665,12.05461625,12.335374999999999,14.370910166666667
2018,12,29,9.666666666666666,14.367433589743591,8.598365416666667,8.350832083333334,10.13246304347826,28.529113749999997,,14.992626041666668,28.916637499999997,19.970833333333335,17.395833333333332,15.213889166666668,,19.190654166666665,13.964112291666666,19.806613,15.880833333333333,15.801273541666667,17.801953833333332,13.825367291666666,31.6695,13.886127391304347,11.01753375,16.0355,19.359212583333335
2018,12,30,18.416666666666668,10.774628285714286,8.294980416666666,5.089400416666667,8.476841363636364,20.7277,,13.723308750000001,15.654811666666667,21.34583333333333,25.129166666666666,21.104348333333334,,14.903214583333332,16.777388,16.660806375,22.0475,7.435232083333333,18.3294389375,8.022332291666666,24.247625,7.399514583333333,15.575277083333333,16.483999999999998,18.399583500000002
2018,12,31,12.0,17.15063923076923,9.534664166666667,32.95370666666667,12.253557083333334,26.7632625,,12.085541666666666,20.118230416666666,11.858333333333334,10.862499999999999,8.391586666666667,48.47688,13.239907916666667,13.389945083333332,14.684419333333333,14.09625,16.038597499999998,10.17045495652174,16.949888125,32.489954545454545,17.500806086956523,14.880994736842105,13.307125,13.070767333333334
2021,1,1,18.875,29.82222222222222,29.655733333333334,87.56584583333334,41.85355833333333,36.67954090909091,21.077266666666667,36.817427083333335,39.875,31.97,26.504166666666666,21.89239166666667,28.1675,42.93333333333334,23.368750000000002,24.97,25.77125,43.55459583333334,29.012708333333332,42.820575,37.578,45.323341666666664,36.78333333333333,24.416666666666668,23.481666666666666
2021,1,2,34.25,37.555263157894736,37.57383333333333,42.08894166666666,79.62630833333334,67.85557916666666,36.2522375,46.09392916666667,81.5,42.321666666666665,49.520833333333336,33.27968333333333,38.71958333333333,74.16250000000001,43.153333333333336,51.70375000000001,40.93666666666667,18.744772916666665,36.589166666666664,60.21240208333333,60.453,43.609649999999995,42.1,43.041666666666664,51.839166666666664
2021,1,3,22.208333333333332,22.09722222222222,21.80685,44.547975,53.6784,79.0252375,22.256533333333334,53.671883333333334,79.72916666666667,35.65333333333333,47.82083333333333,18.87943458333333,41.246249999999996,55.199999999999996,35.41416666666667,42.48083333333333,36.05083333333334,13.897605,39.088125,58.54996666666667,41.41133333333334,22.835841666666667,40.1,38.625,52.713750000000005
2021,1,4,13.208333333333334,13.105405405405405,13.652358333333332,56.674375,45.0817125,65.70612916666667,18.9071825,56.25493541666666,79.34166666666667,24.107916666666668,41.19583333333333,14.545983333333334,28.162499999999998,66.67083333333333,21.28625,39.97260869565218,26.34166666666667,11.842023541666668,26.277916666666666,63.42149583333333,29.24466666666667,18.89379166666667,37.9625,29.125,40.13458333333333
2021,1,5,12.041666666666666,11.411428571428571,9.79674125,18.947004583333335,20.781095833333335,21.084033333333334,17.95030625,17.973991041666668,17.224999999999998,11.51625,11.445833333333333,11.471983333333334,10.908333333333333,16.666666666666668,10.887083333333335,16.520869565217392,12.96875,11.654621458333333,9.714791666666667,20.386948936170214,18.980869565217393,11.496095416666668,13.9,13.625,18.0825
2021,1,6,14.125,17.93235294117647,20.604012083333334,16.15034125,31.792725,39.151854166666666,14.733939583333333,30.15646666666667,41.69583333333333,25.382499999999997,26.641666666666666,18.28117125,21.236666666666668,26.90833333333333,21.169583333333332,24.217916666666667,25.091250000000002,10.663584791666667,19.10770833333333,26.11245425531915,29.78633333333333,10.174220416666666,21.3875,18.25,28.229583333333334
2021,1,7,18.916666666666668,20.688235294117646,32.037979166666666,11.638101666666666,30.197766666666666,27.326679166666665,34.4761375,38.35645208333333,24.59583333333333,22.629583333333333,28.816666666666666,20.355633333333333,23.012083333333333,26.133333333333336,22.68625,24.3025,28.643333333333334,10.794789791666666,19.981666666666666,17.343880000000002,44.86966666666667,10.107540416666668,21.2,20.791666666666668,27.650000000000002
2021,1,8,26.125,25.099999999999998,34.214391666666664,37.75029166666667,52.096779166666664,26.74491666666667,28.5942175,24.41423395833333,23.991666666666664,35.70708333333334,31.474999999999998,23.209325000000003,39.23619047619048,39.637499999999996,33.71,33.25173913043478,35.6325,10.744744583333334,29.702916666666667,21.368639583333334,67.05066666666667,18.494415,24.62173913043478,36.75,44.86083333333334
2021,1,9,25.041666666666668,21.38235294117647,23.38750416666667,26.112301666666667,34.227125,32.04467916666667,19.64317625,31.4270375,26.2375,41.903749999999995,41.145833333333336,15.896910416666666,42.379583333333336,26.254166666666666,33.78,35.33708333333333,42.94625,11.649605000000001,38.70020833333333,19.273226875,41.03633333333334,11.047275416666666,19.470833333333335,31.333333333333332,38.94625
2021,1,10,25.208333333333332,16.005555555555556,20.083191666666668,31.74386708333333,28.237025,66.6868625,16.657054166666665,43.4082625,39.775,28.939166666666665,38.99166666666667,23.356462500000003,33.89458333333334,21.983333333333334,23.367500000000003,27.87375,28.392916666666668,10.779675833333334,24.939791666666668,19.422916666666666,64.87033333333333,12.231946666666666,29.583333333333332,30.791666666666668,34.71333333333333
2021,1,11,25.625,14.791176470588237,20.308445833333334,62.873954166666664,29.215033333333334,92.32047916666666,20.48893083333333,65.31612708333334,30.683333333333334,33.69041666666667,38.074999999999996,23.965891666666668,31.4875,23.724999999999998,24.520416666666666,33.68125,35.402499999999996,13.851363958333332,28.789166666666663,31.31218125,41.00981818181818,14.971391250000002,55.07916666666667,30.125,40.6225
2021,1,12,25.458333333333332,17.17837837837838,24.518633333333337,14.121089166666666,18.65169583333333,16.88224166666667,22.49341,58.194179166666665,22.400000000000002,35.21958333333333,34.229166666666664,33.43269166666666,34.55125,29.070833333333336,29.35083333333333,34.2175,38.79958333333334,11.075193958333335,34.609375,15.282365833333332,43.99466666666667,13.252887083333334,23.27916666666667,30.333333333333332,36.8825
2021,1,13,24.045454545454547,12.157142857142857,20.31258083333333,6.116675416666666,12.478323750000001,21.615544166666666,14.587689166666665,17.136578125,14.091666666666667,25.24416666666667,27.041666666666668,20.120425416666667,24.46291666666667,16.974999999999998,18.645,24.3875,30.03,6.683822083333333,21.792916666666667,9.540845208333334,38.328,5.23705375,12.379166666666668,18.916666666666668,24.1575
2021,1,14,13.5,21.2275,19.940832083333333,11.486484166666665,25.627310833333336,24.958045833333333,38.146229166666664,20.14447708333333,17.337500000000002,30.28333333333333,32.75416666666667,18.937324999999998,29.493333333333336,17.287499999999998,25.898749999999996,29.781666666666666,34.22208333333334,20.743052083333335,23.257291666666664,17.21577,38.69163636363636,13.012459999999999,20.837500000000002,24.5,36.15833333333333
2021,1,15,16.75,14.600000000000001,11.735707083333333,14.76978375,29.1426,29.884929166666666,20.015334166666666,21.820451914893617,23.675,25.550833333333333,21.662499999999998,18.460195000000002,30.292916666666667,18.116666666666667,16.467916666666667,21.670833333333334,27.315833333333334,11.312314791666667,17.884375000000002,24.49487222222222,46.404,14.5132075,19.658333333333335,20.875,24.88208333333333
2021,1,16,24.208333333333332,10.483333333333333,10.5421475,11.738289583333334,15.456270833333333,23.593587499999998,16.221845833333333,19.21854375,17.25,38.30863636363636,28.979166666666668,20.86181375,29.855,22.075,18.749166666666667,28.93041666666667,30.539583333333336,10.714958541666666,24.34875,11.300460416666667,35.74466666666667,9.941370833333332,17.716666666666665,19.0,26.705416666666665
2021,1,17,45.125,47.236363636363635,46.119345833333334,32.985675,,46.661024999999995,95.38372916666667,30.848304166666665,32.69583333333333,66.48625,45.65416666666667,44.162754166666666,60.69083333333333,29.525000000000002,56.54750000000001,44.08041666666667,42.455416666666665,20.834652083333335,38.03208333333333,41.80115541666667,67.34366666666666,23.833974583333333,31.6375,50.75,59.781666666666666
2021,1,18,94.5,111.21458333333334,60.877279166666675,114.82712083333332,,54.319775,90.86703333333334,70.80785833333333,80.51666666666667,168.92125000000001,95.04583333333333,58.2300625,125.48458333333333,48.8125,96.25666666666666,81.48541666666667,121.37083333333334,44.21257083333333,103.84145833333334,99.20251052631579,98.94133333333333,44.98306958333333,49.55833333333334,88.08333333333333,138.89958333333334
2021,1,19,98.91666666666667,86.08125,109.74509166666667,10.55712375,31.94526666666667,26.368054166666667,88.75351666666667,55.822451875000006,25.5625,101.97625,102.77916666666665,92.07920416666667,98.36125,48.875,93.40916666666668,101.57625,103.39999999999999,15.890434583333333,92.55062500000001,17.576653958333335,72.315,7.590143333333334,28.787499999999998,51.916666666666664,103.41708333333334
2021,1,20,49.333333333333336,14.482857142857144,42.5569125,13.391769583333334,17.47930416666667,17.6399225,25.452629166666668,18.30650119047619,13.679166666666667,40.54416666666666,39.4375,48.8072,35.43958333333333,16.516666666666666,24.9225,35.891666666666666,51.06166666666667,9.139624583333333,36.614583333333336,16.109265,29.411333333333335,7.38616125,19.841666666666665,16.625,28.37708333333333
2021,1,21,32.333333333333336,19.15357142857143,26.04405416666667,10.353244166666666,20.938475,19.24509958333333,22.488129166666667,60.17167222222223,14.391666666666666,29.765416666666667,28.625,27.21502083333333,29.77541666666667,8.445833333333333,25.751666666666665,27.271666666666665,39.904583333333335,8.388227083333334,31.045833333333334,23.708714583333332,25.369666666666664,8.14625625,21.866666666666664,18.791666666666668,27.476249999999997
2021,1,22,28.583333333333332,19.974999999999998,34.4651625,8.86568375,16.672320833333334,17.158437083333332,22.805058333333335,40.24797479166667,18.958333333333332,29.872083333333336,23.349999999999998,27.397341666666666,26.806250000000002,6.604166666666667,25.756249999999998,23.052916666666665,39.17041666666667,7.0792270833333335,28.558958333333333,19.410184375,26.869666666666664,8.376354166666667,14.183333333333332,21.125,20.219166666666666
2021,1,23,20.166666666666668,18.7625,30.351982500000002,15.11932125,19.935565416666666,19.294168333333335,25.720895,22.59810416666667,16.6125,29.938333333333333,28.1875,33.12415416666666,27.923333333333332,32.15833333333333,27.809166666666666,25.614583333333332,28.26,21.974337916666666,26.336250000000003,19.066763541666667,26.369666666666664,11.841270833333333,14.116666666666667,20.416666666666668,32.360416666666666
2021,1,24,22.708333333333332,19.445833333333333,12.884643333333335,22.74018,22.622883333333334,23.73257083333333,19.851244166666667,23.46020916666667,22.458333333333332,26.425833333333333,32.608333333333334,13.720524583333335,24.616249999999997,13.5875,21.886666666666667,29.443749999999998,35.20333333333333,32.42239166666666,20.935208333333332,17.005581041666666,47.41133333333334,18.55967875,16.566666666666666,22.541666666666668,29.959166666666665
2021,1,25,20.916666666666668,15.030769230769232,15.478949583333334,16.846294166666667,19.572933333333335,28.829391666666666,11.277136666666665,19.346410416666668,22.09583333333333,19.85291666666667,25.941666666666666,12.743069583333332,26.790000000000003,16.087500000000002,15.599166666666667,32.92375,28.19458333333333,15.692899791666667,19.57375,15.666168333333333,35.11966666666667,16.49103625,21.054166666666667,16.291666666666668,23.212500000000002
2021,1,26,6.791666666666667,14.295744680851064,13.453850833333334,15.92037875,22.41378333333333,32.32017916666667,8.700344583333333,28.244920833333335,24.995833333333334,16.855,24.099999999999998,11.028502916666667,19.235833333333336,14.3125,16.52541666666667,21.279166666666665,21.954166666666666,23.02322291666667,17.614791666666665,19.751141666666665,22.345,18.65185,17.212500000000002,19.166666666666668,18.424166666666668
2021,1,27,10.083333333333334,11.814583333333333,12.862673333333333,31.521845833333334,23.712845833333333,34.44009166666667,14.151262083333334,27.6322,24.879166666666666,15.4275,22.379166666666666,6.124369583333333,20.1475,22.429166666666664,12.382916666666667,26.374583333333334,18.982916666666668,16.320873095238095,13.978958333333333,20.571501875,23.5,17.88313833333333,16.304166666666667,16.708333333333332,19.855833333333333
2021,1,28,14.208333333333334,13.9625,19.703210416666668,34.45716916666667,33.01079583333333,36.50697916666667,15.629185833333333,42.146222916666666,35.199999999999996,27.265833333333333,23.40833333333333,19.497327083333335,29.9725,19.054166666666667,20.275833333333335,34.518750000000004,26.005773791666666,10.612623333333334,25.671666666666667,24.270171739130433,31.041666666666668,14.50188375,27.599999999999998,24.375,25.67625
2021,1,29,24.541666666666668,10.61860465116279,16.29708625,23.489070833333333,24.043828333333334,31.863947083333333,27.491640416666666,25.397120208333334,37.420833333333334,16.43875,31.495833333333334,16.1291125,17.199583333333333,32.28333333333333,13.133333333333333,46.66391304347826,25.596666666666664,12.909760624999999,15.990833333333333,18.785076041666667,28.958333333333332,11.418969166666665,20.983333333333334,22.0,15.149166666666666
2021,1,30,30.041666666666668,15.0875,17.040302916666665,26.69917083333333,31.949758333333335,37.761208333333336,17.673533333333335,33.019947916666666,37.94583333333333,27.15125,75.78750000000001,17.02004625,27.924166666666665,38.32083333333333,21.60083333333333,40.97652173913043,31.856250000000003,10.659338958333334,26.612083333333334,27.683664583333336,30.208333333333332,20.973105,32.875,27.333333333333332,34.24458333333333
2021,1,31,13.416666666666666,12.808510638297872,11.06902625,54.853902500000004,42.4865875,34.312287500000004,11.864215833333333,25.27144020833333,55.78333333333333,27.64625,63.23333333333334,12.443069583333333,30.256249999999998,37.94166666666667,14.942499999999999,59.625625,34.73791666666667,10.708807291666666,24.22583333333333,41.81896875,32.541666666666664,21.313763333333334,22.900000000000002,22.041666666666668,30.494583333333335
2021,2,1,42.208333333333336,43.02291666666667,45.165525,52.8357225,67.36347916666666,54.619683333333334,34.52103625,68.09673541666668,94.175,72.35894736842106,107.49166666666667,39.574108333333335,60.06375,51.333333333333336,,116.73,68.50208333333333,29.53626875,51.225,74.6599125,30.523809523809526,40.32159583333333,33.35,38.958333333333336,60.43291666666667
2021,2,2,30.875,41.99375,50.74594166666666,18.266857916666666,52.93123333333333,44.1423625,49.967504166666664,73.83752291666667,33.5625,47.84125,24.02916666666667,47.16781666666666,44.07416666666666,27.28333333333333,49.75428571428571,46.89,39.58601191666667,39.80459375,42.129375,51.130125,43.52173913043478,38.40973333333333,34.5625,35.875,46.47958333333333
2021,2,3,53.375,33.87083333333333,35.866033333333334,9.006690416666666,27.20222083333333,24.726920833333335,51.03962166666667,39.30217020833333,19.724999999999998,50.13375,3.341666666666667,47.40439166666667,47.67250000000001,7.504166666666666,46.83166666666667,30.937727272727273,41.59791666666667,27.15060625,41.76020833333333,16.419376875,29.833333333333332,13.043479583333335,23.979166666666668,25.541666666666668,42.72125
2021,2,4,11.083333333333334,20.039583333333333,11.44299125,8.164055833333334,13.814035833333334,21.788466666666665,39.89076958333333,14.358118333333332,16.141666666666666,18.122083333333332,10.521052631578948,14.9410325,15.371666666666668,12.066666666666668,15.712916666666667,17.270833333333332,16.681250000000002,11.280731458333333,13.916666666666666,14.823378750000002,13.833333333333334,9.974618333333334,18.662499999999998,12.75,15.415416666666667
2021,2,5,33.708333333333336,63.209523809523816,21.244709583333336,27.0246875,22.417245833333336,38.768366666666665,104.9262625,29.961287499999997,37.458333333333336,46.25375,44.25833333333333,35.683538750000004,35.09916666666667,33.67916666666667,32.606249999999996,33.52291666666667,52.38375,11.948905833333333,20.067708333333332,28.637193749999998,21.238095238095237,18.010650000000002,18.575,16.916666666666668,44.193636363636365
2021,2,6,28.666666666666668,40.645833333333336,20.617679166666665,28.628983333333334,18.835666666666665,26.19417083333333,66.88030833333333,22.97741875,24.40833333333333,51.27625,46.38333333333333,25.797466666666665,28.223333333333333,28.7375,22.473333333333333,33.105,61.624583333333334,9.121474791666666,27.798809523809524,22.196729166666668,14.478260869565217,14.049110833333332,19.066666666666666,19.708333333333332,49.13166666666667
2021,2,7,24.541666666666668,13.783333333333333,20.24974166666667,26.349679166666665,17.810895833333333,27.082920833333333,22.519954166666665,22.574366666666666,26.25,23.807916666666667,23.183333333333334,34.24176666666667,13.1875,28.116666666666664,15.66125,21.479583333333334,15.923333333333332,10.007502291666666,14.786486486486487,19.888254166666666,9.541666666666666,9.47729,21.55,15.708333333333334,23.377499999999998
2021,2,8,12.541666666666666,12.670833333333334,10.8588225,31.465641666666667,22.899854166666668,39.250075,15.688992916666665,28.194514583333333,31.02916666666667,19.785416666666666,22.579166666666666,10.718859583333334,12.8225,25.604166666666668,13.724583333333333,23.151666666666667,13.661666666666667,12.529848125000001,15.576041666666667,27.624964583333334,12.583333333333334,18.9538375,23.40833333333333,16.333333333333332,23.28916666666667
2021,2,9,14.875,19.98085106382979,24.56166,59.0702875,65.71718333333332,82.71684583333334,32.0445725,78.28141458333333,63.574999999999996,33.494166666666665,49.48333333333333,14.844125,40.35208333333333,60.775,33.8075,50.143750000000004,43.93208333333333,19.9775875,36.02041666666667,54.51328541666667,55.791666666666664,39.6908875,49.30833333333334,40.25,56.65875
2021,2,10,36.208333333333336,45.97083333333333,28.47187083333333,46.067879166666664,,91.62817916666667,42.240433333333335,72.81493541666667,71.79583333333333,66.29125,84.54166666666667,37.29224166666666,81.62625,67.28333333333333,64.88625,85.18375,94.34291666666667,58.330084782608694,74.45041666666667,55.13815208333333,103.57142857142857,41.822858333333336,81.03750000000001,75.20833333333333,93.37458333333332
2021,2,11,29.208333333333332,37.63125,20.055554583333333,30.617854166666664,46.68267083333333,47.779725000000006,34.845157916666665,38.71495208333334,40.483333333333334,28.35625,53.26,17.035091666666666,36.468333333333334,45.61666666666667,28.637083333333333,45.56478260869565,40.030833333333334,47.221411249999996,28.189999999999998,36.84855217391304,42.333333333333336,27.770872083333334,47.362500000000004,34.583333333333336,44.88166666666667
2021,2,12,12.958333333333334,33.395833333333336,11.98406,38.60382083333334,47.577933333333334,54.143437500000005,32.94088541666667,27.349934583333333,35.391666666666666,15.549166666666666,17.415,17.975237083333333,27.44125,20.037499999999998,22.61583333333333,27.844166666666666,16.675,23.9894475,12.801250000000001,30.885789583333334,44.6,27.6389875,34.93333333333333,21.708333333333332,34.585
2021,2,13,11.416666666666666,14.120833333333332,8.288884583333333,17.799120833333333,20.948779166666665,43.91482083333333,15.368335416666667,52.1555625,23.28333333333333,20.925,24.34166666666667,17.812124166666667,27.462500000000002,26.22083333333333,19.067083333333333,31.088333333333335,15.255,14.879869583333333,18.82979166666667,19.857475,29.454545454545453,14.98258875,27.03333333333333,20.916666666666668,27.96166666666667
2021,2,14,7.208333333333333,14.360869565217392,9.687351666666666,34.75701875,27.24694583333333,34.9885875,11.993118333333333,28.985508333333332,20.870833333333334,12.1175,18.720833333333335,5.794790416666667,19.612916666666667,22.270833333333332,12.795833333333334,25.96375,10.585833333333333,16.29062083333333,16.137083333333333,22.13738125,26.9,23.269941666666668,24.474999999999998,22.583333333333332,18.6875
2021,2,15,15.291666666666666,23.16595744680851,28.653752916666665,65.61731666666667,48.623725,57.83753333333333,29.987723333333335,48.805141666666664,51.104166666666664,23.96875,36.12916666666667,14.108056666666668,26.73875,40.92916666666667,23.647499999999997,39.459583333333335,20.995833333333334,40.385216666666665,27.485833333333332,52.18082916666666,40.65217391304348,27.503791666666668,35.775,31.291666666666668,30.685833333333335
2021,2,16,32.125,56.59375,66.78498333333333,21.647015,56.997575000000005,54.908166666666666,53.39310833333334,85.18038958333334,36.291666666666664,31.54625,42.862500000000004,30.67805416666667,31.262916666666666,47.80416666666667,51.26666666666667,48.251666666666665,33.2975,30.981008333333335,31.659375,45.60968020833334,43.041666666666664,34.20093333333333,51.87083333333334,47.875,50.69125
2021,2,17,25.583333333333332,66.05106382978724,66.51522916666667,16.149399583333334,33.94162083333334,35.289833333333334,72.15224166666667,52.98004791666667,28.883333333333336,65.3025,53.112500000000004,40.356116666666665,62.10375,21.204166666666666,69.69125,70.34041666666667,59.18,21.145320833333333,64.41083333333334,27.628085416666668,53.958333333333336,20.676482500000002,24.995833333333334,40.833333333333336,82.42791666666666
2021,2,18,23.375,50.824999999999996,49.76117083333333,17.63151291666667,60.597029166666665,41.639070833333335,44.96534583333334,45.071947916666666,29.916666666666668,50.504999999999995,45.57916666666667,37.30124583333333,39.09875,54.300000000000004,45.79750000000001,56.875,46.00125,19.5399,41.45791666666667,30.02095,56.625,17.47085458333333,35.03333333333333,53.833333333333336,59.70875
2021,2,19,29.041666666666668,33.838297872340426,60.35896666666667,21.240579583333332,41.09968958333334,46.19489166666667,40.312554166666665,66.35473333333333,41.93333333333333,46.8225,47.74166666666667,50.81333333333333,41.7025,68.24166666666666,41.016666666666666,49.89625,46.22333333333333,20.585833333333333,44.15270833333333,34.218619583333336,59.125,15.802950833333334,42.47083333333333,44.791666666666664,56.12166666666667
2021,2,20,39.541666666666664,38.33541666666667,40.9417125,41.913996250000004,52.88869583333334,52.348445,35.0795,65.81540416666667,60.45416666666667,34.23583333333333,49.166666666666664,27.080141666666666,41.435833333333335,51.86375,44.3025,63.65625,40.014583333333334,26.956266666666664,37.78333333333333,39.41875208333333,38.041666666666664,15.880115833333333,51.77916666666667,43.458333333333336,59.17583333333334
2021,2,21,37.583333333333336,52.50208333333333,72.91889583333334,20.539629166666668,34.374050000000004,59.36622083333333,51.37390714285714,62.09205,22.833333333333332,44.53666666666667,38.05833333333333,54.0451625,41.074999999999996,45.145833333333336,54.893750000000004,43.08625,48.3125,25.703983333333337,39.95104166666667,27.38480625,34.166666666666664,20.417720833333334,38.87916666666667,35.875,43.72695652173913
2021,2,22,63.041666666666664,58.645833333333336,92.02212083333332,56.269133333333336,57.517675,59.60682083333333,97.71506,62.421881250000006,36.608333333333334,71.41875,68.85,50.55855,53.64,69.71666666666667,64.71124999999999,52.27217391304348,61.9075,35.072970833333336,45.907916666666665,39.171570833333334,71.20833333333333,29.577775000000003,41.0375,47.583333333333336,65.63458333333334
2021,2,23,96.66666666666667,73.65833333333333,63.65609166666667,63.07968333333333,64.413825,56.78622083333334,87.53958333333333,63.14558958333333,49.5625,81.74208333333333,81.39166666666667,37.675349999999995,76.07208333333334,73.64583333333333,70.34166666666667,65.44416666666667,82.04958333333333,38.234008333333335,63.790625,52.117825,54.25,21.506266666666665,46.895833333333336,51.666666666666664,66.51304347826087
2021,2,24,65.875,57.91458333333333,33.67729166666667,60.10709583333334,56.94017916666667,62.37628333333333,55.86732916666667,77.25475416666667,67.50833333333334,62.71291666666667,66.89999999999999,48.03780833333334,52.08291666666667,53.19583333333333,47.837916666666665,49.663125,56.31041666666667,20.194566666666667,48.70291666666666,55.67854166666667,49.68181818181818,23.73942083333333,41.483333333333334,46.458333333333336,48.974782608695655
2021,2,25,46.416666666666664,81.48541666666667,37.15991666666667,67.46735833333334,61.94797083333333,54.2049375,71.68183333333333,85.23860833333333,55.324999999999996,58.50083333333333,69.53181818181818,45.924,52.565,43.13333333333333,50.72875,56.51555555555555,54.54208333333333,28.106109523809522,49.21625,55.3486125,43.333333333333336,31.363241666666667,33.083333333333336,45.166666666666664,51.08541666666667
2021,2,26,27.708333333333332,28.321276595744678,10.734655416666667,42.04416125,38.779783333333334,36.4775625,6.672138461538461,52.42913520833333,39.22083333333334,34.35958333333333,42.94347826086957,14.695774166666666,34.32833333333333,38.82083333333333,28.10375,31.574583333333333,34.931666666666665,10.045219166666667,32.784375000000004,32.43982270833333,38.291666666666664,17.165174583333332,30.241666666666664,37.0,33.308749999999996
2021,2,27,6.75,12.98695652173913,7.3487945833333335,17.590145833333334,15.419870000000001,20.590387500000002,,20.685746458333334,13.454166666666666,10.050416666666667,13.008333333333333,4.733842500000001,15.191250000000002,11.887500000000001,7.190833333333333,15.40125,8.84375,10.335111666666666,8.243333333333334,12.295008333333334,13.608695652173912,7.406350833333334,15.720833333333333,8.166666666666666,12.702916666666667
2021,2,28,9.416666666666666,10.702127659574469,13.97080625,18.683034583333335,18.288191666666666,23.662504166666665,,25.28504375,16.904166666666665,22.17958333333333,22.504166666666666,12.029457083333334,24.30458333333333,17.454166666666666,17.28875,25.732083333333335,17.299166666666668,10.316452916666668,21.488958333333333,14.00969875,17.25,13.033247692307693,16.745833333333334,18.208333333333332,20.996666666666666
2021,3,1,15.25,11.464583333333332,14.332745000000001,30.280770833333335,22.191829166666665,30.4442875,,25.085670833333335,21.166666666666668,18.933333333333334,21.895833333333332,15.416097916666667,21.579166666666666,26.46666666666667,18.46875,24.76875,15.704583333333334,11.7491225,20.796458333333334,22.449137500000003,27.5,19.834189166666665,22.016666666666666,20.708333333333332,22.046666666666667
2021,3,2,18.166666666666668,27.054166666666664,18.14221625,53.42330208333333,41.72609583333333,49.20615,,49.42551458333333,33.2875,38.33541666666667,32.333333333333336,17.170454166666666,40.44958333333333,27.175,33.38041666666667,37.29958333333334,26.518333333333334,18.879625833333332,31.849166666666665,41.3891,49.666666666666664,20.272815833333333,27.266666666666666,32.375,51.87125
2021,3,3,18.458333333333332,46.58181818181818,38.04219583333333,52.63377333333333,82.59055416666666,46.85595833333333,41.75177142857143,52.364391874999995,40.50833333333333,45.12416666666667,59.54583333333333,26.287545833333336,49.20583333333334,50.925000000000004,44.95083333333333,68.29375,36.74666666666666,25.044820833333333,40.797916666666666,62.759970833333334,67.54166666666667,19.461466666666666,28.65416666666667,47.75,61.30347826086957
2021,3,4,35.125,27.956521739130434,17.053754166666668,52.417887500000006,36.8495625,48.251762500000005,17.867163333333334,50.235468749999995,45.98333333333333,33.942083333333336,45.20416666666667,22.344166666666666,30.792916666666667,31.066666666666666,23.67375,37.317083333333336,38.41791666666666,17.96254,33.22541666666667,38.46154375,29.333333333333332,33.1483,41.17916666666667,30.583333333333332,32.75208333333333
2021,3,5,11.541666666666666,10.287234042553191,10.622061304347826,16.423154166666666,11.736899166666667,23.946020416666666,13.06081125,21.089858333333336,19.429166666666667,14.865,13.804166666666667,5.666794583333334,15.27125,26.570833333333336,7.621666666666666,20.600833333333334,19.140833333333333,10.817799583333333,10.841875,13.995572291666667,17.944444444444443,7.7090125,16.304166666666667,9.541666666666666,14.069166666666666
2021,3,6,10.041666666666666,13.254166666666668,9.30233125,28.480727083333335,16.366545416666668,28.86429791666667,13.83194125,34.07021041666667,22.166666666666668,13.617083333333333,18.454166666666666,8.725042499999999,16.193749999999998,19.25,10.269166666666667,19.792916666666667,14.712916666666667,9.697152083333334,13.6075,17.300475208333335,25.136363636363637,8.578265833333333,19.05,14.791666666666666,14.669166666666667
2021,3,7,9.666666666666666,6.675,9.2330875,17.43195,9.068182916666666,31.790658333333337,9.368572083333333,26.66345,23.054166666666664,10.914166666666667,18.520833333333332,5.742319583333334,10.26,21.90416666666667,8.677916666666667,13.426250000000001,12.369583333333333,8.091595833333333,11.933541666666665,14.186486041666667,12.736842105263158,5.45324875,17.662499999999998,10.25,9.25125
2021,3,8,6.25,18.189583333333335,9.675775833333333,20.445667083333333,17.62239,32.15339125,20.1006775,30.378073541666666,25.791666666666668,9.534583333333332,11.945833333333333,5.989355833333334,11.245416666666666,22.4875,7.338333333333334,21.009583333333335,7.285,18.259658333333334,9.615416666666667,19.978818958333335,27.125,9.458626666666667,20.229166666666668,13.375,13.207916666666668
2021,3,9,16.25,38.06666666666667,24.062208333333334,45.1688725,40.4723875,58.0030625,51.73548916666667,43.75198125,51.88333333333333,44.91291666666667,31.766666666666666,18.596359583333335,21.74,35.56666666666667,13.537916666666668,35.37833333333334,26.064166666666665,24.933762083333335,17.770208333333333,39.47373208333333,33.391304347826086,16.288298333333334,23.34583333333333,17.125,40.96625
2021,3,10,25.083333333333332,34.74583333333333,43.727808333333336,50.141354166666666,54.882974999999995,43.34620833333333,59.976304166666665,42.78436666666667,46.725,56.11083333333334,68.85000000000001,34.34682083333333,39.34291666666667,34.7875,39.57791666666667,45.51666666666667,41.892500000000005,19.999914166666667,37.275416666666665,57.154325,36.208333333333336,20.656527083333334,27.94782608695652,35.5,46.224782608695655
2021,3,11,26.041666666666668,34.197916666666664,53.458783333333336,28.69630375,34.88998333333333,36.13720416666667,34.8169375,41.53527291666666,36.5625,37.2575,59.89166666666667,35.43372083333333,32.23708333333333,28.212500000000002,37.8125,33.58,37.8375,18.439569583333334,34.717234042553194,34.004891666666666,23.666666666666668,22.12900458333333,25.120833333333334,33.625,33.954166666666666
2021,3,12,20.75,6.731111111111111,12.463545416666667,11.260523749999999,11.896229583333332,16.23596291666667,11.67939,15.376141250000002,9.075,21.930833333333336,23.429166666666664,13.51422125,20.242083333333333,20.400000000000002,12.882083333333334,19.136666666666667,20.591666666666665,6.614710416666667,18.040833333333335,11.977968333333335,20.625,6.1965320833333335,16.245833333333334,15.291666666666666,19.002916666666668
2021,3,13,17.75,4.622222222222222,11.999485833333333,6.402222500000001,7.186655833333333,8.173850416666665,9.81232125,15.706235625,3.045833333333333,12.61625,19.858333333333334,12.701432500000001,11.669166666666667,14.995833333333332,8.224166666666667,14.5575,16.432083333333335,6.439707916666666,13.129166666666668,8.340595625,11.083333333333334,4.466050416666667,13.299999999999999,6.166666666666667,11.547916666666667
2021,3,14,6.791666666666667,4.0625,6.767165833333333,11.416502916666666,9.259171666666667,9.936823333333335,6.56090875,8.881269166666668,9.10625,6.867083333333333,9.3375,5.648039166666667,6.757083333333333,18.954166666666666,4.9158333333333335,5.819583333333334,8.472083333333334,5.82350125,7.1277083333333335,7.681594791666666,14.428571428571429,5.5644816666666665,9.137500000000001,6.375,5.624583333333334
2021,3,15,14.708333333333334,10.614583333333334,14.386315000000002,24.930187500000002,22.35117083333333,28.684943333333333,28.037713333333333,30.929539583333334,17.5,33.12208333333333,33.979166666666664,19.601465,35.09875,20.241666666666667,22.4025,47.46125,30.315833333333334,7.141521666666667,21.949583333333333,14.563374375,30.125,8.76544625,15.233333333333334,22.833333333333332,47.77791666666667
2021,3,16,18.5,31.041666666666668,42.5757875,10.859469166666665,27.439070833333332,60.73791666666667,51.72727916666667,52.00647229166666,25.304166666666664,48.74541666666667,27.55,28.0520875,47.77916666666667,22.65833333333333,17.09208333333333,75.50875,34.88333333333333,8.258051081081081,33.279583333333335,10.773458958333334,35.125,6.414025416666667,20.733333333333334,28.0,49.43541666666667
2021,3,17,11.083333333333334,18.861702127659573,7.438668333333333,16.754251666666665,21.43627041666667,20.049066666666665,16.077316666666665,21.63920625,16.883333333333333,14.432916666666666,19.445833333333333,6.350974999999999,17.055,20.425,9.685416666666667,25.544583333333335,16.341666666666665,19.379678958333333,14.791041666666667,18.4476875,12.458333333333334,11.6942175,19.825,14.291666666666666,23.561666666666667
2021,3,18,12.125,18.351063829787233,10.336805416666666,15.144385,28.99917125,29.072361666666666,21.40697541666667,20.662150208333333,17.420833333333334,12.758333333333333,15.170833333333334,9.324869166666668,15.400833333333333,15.804166666666667,13.075416666666667,28.640416666666667,16.357499999999998,28.30195,11.340208333333335,22.492853125,34.34782608695652,19.377259166666665,17.662499999999998,18.958333333333332,21.15625
2021,3,19,12.166666666666666,21.54,5.16301,14.587314166666667,36.17345708333333,48.844766666666665,11.862247083333335,29.908993749999997,23.1875,16.8675,26.5625,12.107133333333332,18.19125,34.775,10.512083333333333,22.019166666666667,27.38875,13.041407916666666,17.176041666666666,26.381318958333335,31.416666666666668,11.252704583333333,25.058333333333334,15.958333333333334,21.385833333333334
2021,3,20,9.833333333333334,7.004166666666666,7.653322916666667,17.066375416666666,13.657534166666666,20.298377916666666,9.88382125,17.094012708333334,15.2125,10.018333333333333,28.991666666666664,10.36117,12.4975,28.204166666666666,9.041666666666666,19.41333333333333,15.277916666666668,9.307111875,11.508125,14.288569791666667,26.772727272727273,7.156440416666666,16.966666666666665,12.583333333333334,13.570833333333333
2021,3,21,19.208333333333332,9.44375,9.14798625,12.554442916666666,16.777916666666666,29.48557083333333,13.079770833333333,26.551144375000003,19.245833333333334,23.754166666666666,27.429166666666664,11.973470833333332,24.604583333333334,21.491666666666664,16.139166666666664,23.572916666666668,21.861666666666665,8.909573666666667,21.017916666666668,12.810060416666666,25.75,8.581897916666668,26.445833333333336,18.833333333333332,24.514583333333334
2021,3,22,4.583333333333333,16.06808510638298,6.843307500000001,17.919477083333334,17.4725175,29.74767,8.944135833333332,15.131637499999998,22.666666666666668,10.628333333333334,15.508333333333333,8.61574875,18.982916666666664,15.25,8.068333333333333,25.558333333333334,11.424583333333333,9.056668684210527,10.818541666666667,15.658164375,41.73913043478261,6.253675416666667,16.170833333333334,12.208333333333334,12.767916666666666
2021,3,23,8.291666666666666,9.122916666666667,13.622077083333332,21.533612083333335,19.442474999999998,34.804320833333335,9.64911875,35.04256875,19.366666666666667,13.832500000000001,18.787499999999998,9.720952500000001,18.210833333333333,21.304166666666667,12.07875,30.8175,27.249166666666667,11.852311041666667,15.873541666666668,15.434253541666665,18.208333333333332,7.064052083333333,20.1875,14.333333333333334,20.1525
2021,3,24,33.5,14.235416666666666,27.090828333333334,40.49455416666667,35.7712625,28.3657,24.51910375,28.93332083333333,21.691666666666666,21.655,30.662499999999998,19.12605458333333,24.099166666666665,24.431818181818183,19.222083333333334,39.83708333333333,35.67416666666667,33.930625,21.481666666666666,28.864193617021275,26.75,24.828724166666664,22.179166666666664,18.708333333333332,22.696250000000003
2021,3,25,23.5,38.387499999999996,52.49762916666666,47.272929166666664,59.7028625,53.462812500000005,61.1401,52.00026458333334,36.420833333333334,49.592083333333335,66.16666666666667,28.925208333333334,45.565,40.699999999999996,34.87583333333333,51.23708333333334,38.13916666666667,42.448541666666664,42.136874999999996,49.923204166666665,41.857142857142854,37.82452083333333,38.21666666666667,38.0,67.67041666666667
2021,3,26,31.708333333333332,53.104166666666664,54.7445875,50.77194166666666,62.60527083333333,62.37792083333333,60.09237083333333,67.03179375,48.520833333333336,51.15208333333334,60.32916666666667,47.31569166666667,53.694583333333334,58.729166666666664,54.5225,63.357619047619046,43.17166666666666,53.71178750000001,52.25354166666667,52.663666666666664,39.958333333333336,25.627925,49.416666666666664,46.416666666666664,64.04041666666667
2021,3,27,35.5,24.65531914893617,42.078936666666664,21.3274425,28.77657375,31.8621875,38.772389583333336,38.272884166666664,26.77916666666667,40.270833333333336,50.85833333333333,28.66158,27.009583333333335,48.51333333333333,25.41625,31.93111111111111,37.760416666666664,21.98602375,30.560208333333335,23.752189791666666,27.291666666666668,13.603378333333334,21.854166666666668,26.666666666666668,24.780833333333334
2021,3,28,15.043478260869565,6.441304347826088,9.985772083333332,18.913285416666668,13.636876666666666,15.713010833333334,9.696171666666666,15.411571666666667,6.9875,,18.41304347826087,12.322584166666667,17.98318181818182,12.920833333333334,12.391304347826088,14.808260869565217,25.644782608695653,9.005734375000001,16.57282608695652,12.761267916666666,15.0,5.480050833333333,11.950000000000001,14.043478260869565,19.596086956521738
2021,3,29,19.041666666666668,12.902083333333332,16.525975,24.46713625,19.498212499999998,27.724362499999998,15.701485416666666,33.08513666666666,21.65833333333333,28.001764705882355,29.833333333333332,21.928524999999997,25.040000000000003,27.995833333333334,22.3,21.709999999999997,25.778750000000002,14.328119583333333,25.649375000000003,18.292421458333333,24.208333333333332,7.560292083333334,25.02916666666667,18.375,26.93958333333333
2021,3,30,24.625,13.602222222222222,13.170110833333332,23.2065125,36.120416666666664,27.213054166666666,9.36683,35.677539583333335,18.729166666666668,25.777916666666666,40.35,22.365085833333335,24.224285714285713,23.379166666666666,21.776666666666667,24.917142857142856,26.055833333333336,18.560673541666667,25.66979166666667,20.24,30.083333333333332,8.22709,27.59583333333333,22.458333333333332,23.58375
2021,3,31,19.166666666666668,20.989583333333332,19.80761083333333,30.854669583333333,49.75423333333333,35.611932083333336,27.81231875,42.41105208333333,22.333333333333332,32.48375,34.104166666666664,21.442453333333333,31.98,24.626079166666667,27.14833333333333,48.86083333333334,22.736666666666665,24.447972083333337,29.129166666666666,33.885940000000005,39.5,14.4300525,20.2,29.666666666666668,33.214999999999996
2021,4,1,23.666666666666668,30.06041666666667,31.26092875,31.425887499999998,37.57530833333333,26.500770833333334,43.791779166666664,31.05548958333333,22.275000000000002,31.962500000000002,42.11666666666667,21.429792916666667,28.969583333333333,18.3875,34.625416666666666,35.59,27.925,26.470236874999998,31.17395833333333,29.433666666666664,31.5,17.27606875,23.849999999999998,26.625,34.924166666666665
2021,4,2,7.0,6.231914893617021,12.203848333333333,13.139417916666666,16.004439166666668,20.072582083333334,13.5658875,17.31856875,13.666666666666666,8.362916666666667,11.091666666666667,6.110118333333333,13.500416666666666,15.612499999999999,6.989166666666667,15.005416666666667,9.287083333333333,11.787216666666666,11.337916666666667,13.637915625,22.466666666666665,6.550774166666667,14.758333333333333,12.458333333333334,11.914583333333333
2021,4,3,6.5,8.45,8.420077083333334,8.82528625,11.301427083333332,18.157139166666667,18.67798541666667,24.039173333333334,9.275,5.073333333333333,14.808333333333332,4.448700416666667,8.45875,16.033333333333335,5.926666666666667,17.317916666666665,7.101666666666667,10.075541041666666,8.0075,9.995804791666666,12.173913043478262,5.502198750000001,18.091666666666665,9.791666666666666,10.165833333333333
2021,4,4,7.25,11.983333333333334,8.855017916666666,12.628603333333333,16.566758333333333,14.210091666666665,10.772921250000001,13.065031249999999,12.408333333333333,7.474166666666666,12.408333333333333,6.3313925,7.888333333333333,15.679166666666667,6.400833333333334,9.5075,8.223333333333333,11.141999166666666,9.078958333333334,11.78616125,12.818181818181818,7.4272325,13.533333333333333,7.75,9.445833333333333
2021,4,5,14.25,7.360975609756098,10.594983333333333,15.916619583333334,12.858379583333333,10.211218333333333,12.978380833333333,14.164278333333334,6.672727272727273,12.209583333333335,15.816666666666668,12.480170833333332,10.954166666666666,9.370833333333334,11.275,12.292499999999999,10.8225,9.770497916666667,12.445833333333333,12.010277083333333,12.791666666666666,7.975314166666667,16.175,9.458333333333334,12.625416666666666
2021,4,6,8.791666666666666,7.204166666666667,8.5970925,9.04591625,8.389097083333333,12.290880833333333,12.965560416666667,14.701200208333333,7.2749999999999995,12.152916666666668,14.225,9.317566666666666,10.307083333333333,11.241666666666667,6.208749999999999,13.496250000000002,13.660416666666668,7.301604583333333,11.9475,8.260510208333333,16.208333333333332,4.501385833333333,10.604166666666666,11.0,17.014583333333334
2021,4,7,12.708333333333334,5.9622222222222225,10.01920625,8.1729125,11.01956875,17.847105833333334,10.560274583333333,20.638249166666668,12.200000000000001,15.054166666666667,17.599999999999998,12.660634166666668,14.89125,14.616666666666667,8.955,14.556666666666667,15.628749999999998,7.83273375,15.716458333333334,9.515075625,16.125,6.424847499999999,15.254166666666668,13.916666666666666,14.886666666666665
2021,4,8,12.541666666666666,6.197916666666667,10.39692125,10.006285833333333,13.30796,17.394716666666667,11.701532499999999,15.339295208333333,8.495833333333334,13.6775,18.224999999999998,9.28169375,12.179166666666667,9.754166666666666,9.629583333333333,15.2475,14.626666666666667,7.298349583333334,13.365,9.910508333333334,16.958333333333332,5.993991666666666,13.466666666666667,13.208333333333334,12.405833333333334
2021,4,9,13.125,9.66304347826087,17.179695833333334,23.468308333333336,18.768863333333332,16.823352500000002,19.23154625,17.8549075,11.595833333333333,17.077083333333334,17.033333333333335,15.812766250000001,15.823749999999999,8.620833333333334,15.360416666666666,15.561250000000001,14.430833333333332,13.189115625,17.563541666666666,18.629566666666665,14.91304347826087,10.307525416666666,20.587500000000002,15.375,17.6825
2021,4,10,21.583333333333332,22.349999999999998,12.87805375,25.345812499999997,42.23742083333333,15.280597083333333,19.406410833333336,21.928933541666666,10.8125,33.33958333333333,13.958333333333334,24.5909125,29.406666666666666,12.829166666666666,27.64,20.918333333333333,19.16333333333333,15.477525416666666,27.477083333333336,28.8343375,27.041666666666668,21.2640125,18.295833333333334,23.958333333333332,32.587916666666665
2021,4,11,17.625,17.10487804878049,19.77932125,10.727692500000002,28.831014166666666,18.7383,17.7141025,21.087592083333334,14.766666666666666,22.017083333333332,15.079166666666666,13.022258333333333,21.68375,13.995833333333332,23.14375,10.17086956521739,10.519166666666667,19.468666875,21.857708333333335,22.49064208333333,16.958333333333332,20.86833,17.9375,17.708333333333332,25.065416666666668
2021,4,12,23.791666666666668,9.123809523809523,16.023743333333332,11.700620416666666,15.044424583333333,20.350404166666667,15.47309875,22.766563958333332,16.462500000000002,12.284583333333332,23.53333333333333,8.5940925,14.823333333333332,18.79090909090909,14.534999999999998,14.604761904761904,18.69875,8.188861458333333,15.8525,11.160713695652174,13.125,8.025342499999999,17.095833333333335,16.375,17.293333333333333
2021,4,13,10.708333333333334,8.941304347826087,11.15423125,13.463786666666666,9.781959166666667,16.85854375,17.71127,11.873840833333333,8.008333333333333,11.393333333333333,12.133333333333333,6.71551625,13.992083333333333,16.208333333333332,8.165416666666667,9.993333333333334,10.445416666666667,8.416320833333334,9.377297297297297,10.127443541666667,12.761904761904763,8.22489875,11.262500000000001,10.083333333333334,16.469166666666666
2021,4,14,8.166666666666666,9.017021276595745,8.824702083333333,11.745076249999999,9.683568333333334,16.20440625,14.387915,12.859944791666665,9.766666666666667,6.825,9.391666666666667,7.788862916666667,8.865416666666667,7.595833333333334,8.775416666666667,12.082916666666668,8.368333333333334,7.025389375,11.124242424242425,10.330449791666666,8.772727272727273,5.759825833333333,11.483333333333334,8.916666666666666,7.44086956521739
2021,4,15,9.916666666666666,4.270833333333333,7.277004166666667,8.159330833333334,8.286227083333333,15.980917083333333,12.03225,12.040148541666667,6.395833333333333,10.652916666666666,19.8125,6.130944583333334,16.505,6.954166666666667,7.057083333333334,16.519583333333333,13.027916666666668,5.5350404347826085,14.737499999999999,7.470257708333333,11.681818181818182,5.937806666666667,12.4,10.375,11.419583333333334
2021,4,16,9.375,7.10625,9.545474583333332,12.816779166666668,14.130180416666667,20.1219625,16.886766249999997,15.024135416666667,11.4125,11.249583333333334,13.629166666666668,7.3907675,17.085,6.220833333333334,9.468333333333334,18.643333333333334,16.152083333333334,7.327713958333334,15.822916666666666,11.537296249999999,16.333333333333332,8.350395833333334,15.362499999999999,15.5,21.655454545454546
2021,4,17,12.0,12.173333333333332,18.942583333333335,21.62081166666667,24.076175000000003,24.3905,26.217529166666665,23.53968125,15.718181818181819,22.912499999999998,24.558333333333334,10.972472916666668,28.62,11.333333333333334,17.80666666666667,20.55125,30.05,13.033544166666667,20.860625000000002,16.496285,28.25,12.20165875,18.566666666666666,28.541666666666668,28.63416666666667
2021,4,18,27.583333333333332,15.78888888888889,22.678270833333332,30.29818333333333,31.705020833333332,24.787229166666666,29.329354166666665,28.252254166666663,23.020833333333332,19.404166666666665,23.983333333333334,16.444195416666666,24.3275,21.479166666666668,16.579166666666666,29.272916666666664,15.786666666666667,19.414661249999998,19.435531914893616,29.26900625,19.38888888888889,13.997340833333332,22.233333333333334,24.0,29.294999999999998
2021,4,19,16.416666666666668,20.074468085106382,17.63115,25.327629166666668,27.427016666666663,41.098687500000004,18.729421666666667,40.213116666666664,33.733333333333334,25.96166666666667,16.808333333333334,22.425239583333333,22.535,21.7625,24.0725,20.77,17.712083333333336,20.101567083333332,19.589375,28.042333333333332,23.571428571428573,13.30599125,22.46666666666667,18.166666666666668,34.63166666666667
2021,4,20,16.208333333333332,22.444680851063833,34.729475,20.6018875,35.0307875,35.11935166666667,44.11439166666667,25.51563708333333,30.854166666666668,21.99416666666667,19.066666666666666,20.08849,15.898333333333333,15.058429166666665,19.2,22.424166666666665,18.227916666666665,16.937161458333332,18.005208333333332,21.359510416666666,23.8,14.473202083333334,16.900000000000002,16.375,27.72875
2021,4,21,21.272727272727273,17.95744680851064,23.7047125,26.320595833333332,29.312208333333334,29.418379166666668,29.625810833333333,32.81313125,24.025000000000002,25.49625,27.255000000000003,18.74320416666667,28.864583333333332,14.4125,20.397916666666667,20.802083333333332,20.8275,15.39321195652174,28.375416666666666,19.271287708333332,22.666666666666668,12.06929125,22.054166666666664,26.958333333333332,28.049166666666665
2021,4,22,13.791666666666666,5.2926829268292686,8.934912083333334,11.553319166666666,10.308737083333334,19.42946291666667,9.648616666666667,20.775176875,10.608333333333333,10.050833333333333,22.724999999999998,7.293109583333333,10.695416666666667,14.0875,6.46125,14.9675,13.680416666666666,9.234986875,11.829791666666667,11.321456249999999,10.636363636363637,5.901281666666667,15.366666666666667,9.375,10.599166666666667
2021,4,23,3.7916666666666665,6.232558139534884,7.2965937499999995,12.225575,11.684775,17.021112083333332,6.6417512499999996,16.470299791666665,8.950000000000001,9.0175,11.016666666666666,3.1507079166666667,9.249583333333334,13.512500000000001,5.499583333333334,9.513333333333334,9.676666666666668,9.168415,10.199583333333333,10.800845416666666,12.0,6.968568333333334,12.820833333333333,10.666666666666666,11.094583333333333
2021,4,24,6.875,6.402777777777778,8.86459125,17.168036666666666,12.578714166666666,17.625632083333333,11.287200416666666,20.678373333333333,11.383333333333333,9.412083333333333,12.666666666666666,6.54289125,9.108749999999999,16.220833333333335,6.304583333333333,13.1925,19.22375,7.432442916666666,9.785208333333333,11.731631041666667,12.956521739130435,6.62772,15.924999999999999,9.0,19.09375
2021,4,25,5.958333333333333,7.225641025641026,8.384095833333333,12.984995833333334,6.789466666666667,17.096857916666668,12.061194583333332,20.544158958333334,8.945833333333333,11.069583333333334,11.995833333333332,6.125543749999999,8.045416666666666,15.670833333333334,5.882083333333333,13.390416666666667,8.502916666666666,6.164358958333334,6.19,8.783552708333334,17.19047619047619,4.64668375,16.175,8.833333333333334,11.627083333333333
2021,4,26,6.7727272727272725,8.76923076923077,9.323191666666666,12.759755416666666,14.666835833333332,22.839412916666664,19.434507916666668,19.508961875,8.479166666666666,25.078333333333333,17.479166666666668,4.339221666666666,15.217083333333333,12.491666666666667,5.115833333333334,16.706666666666667,15.627083333333333,7.556819583333334,11.604166666666666,10.202570833333333,21.227272727272727,6.3242408333333335,12.262500000000001,11.875,16.245416666666667
2021,4,27,10.166666666666666,15.284444444444443,10.479585833333333,12.84746125,30.705138333333334,17.18805958333333,19.546137916666666,21.98606875,12.533333333333333,22.727083333333336,38.329166666666666,9.03767875,18.529166666666665,16.599999999999998,12.847500000000002,26.9475,19.028333333333332,12.66843652173913,15.171666666666667,19.411516041666665,23.133333333333333,6.291141666666667,15.700000000000001,10.291666666666666,35.723333333333336
2021,4,28,24.416666666666668,17.23125,19.735595833333335,20.735684583333335,23.218141666666668,19.207190833333332,24.756874999999997,25.33666875,19.375,34.579166666666666,26.316666666666666,16.41508375,19.415416666666665,23.75,18.94666666666667,21.075238095238095,21.285,16.074612916666666,21.227291666666666,21.39383125,12.208333333333334,16.19905208333333,19.270833333333332,15.041666666666666,24.26125
2021,4,29,15.166666666666666,26.114583333333332,25.020300000000002,14.292715,20.85260416666667,22.916629166666667,30.314408333333333,23.946359791666666,19.412499999999998,24.913749999999997,25.241666666666664,23.214987500000003,20.83375,20.775000000000002,22.502499999999998,22.922727272727272,17.682916666666667,24.526402083333334,21.80125,22.40948125,17.916666666666668,12.917942083333335,18.4875,19.583333333333332,21.957916666666666
2021,4,30,19.333333333333332,8.511363636363637,18.934134166666666,15.822899999999999,18.806016666666668,14.647675416666667,29.265987499999998,18.013658333333336,12.108333333333334,18.092499999999998,20.866666666666667,19.44132541666667,20.3175,14.420833333333334,16.756249999999998,19.16375,16.400000000000002,13.54586,19.322916666666668,14.352358333333333,12.958333333333334,9.388272727272728,12.558333333333332,16.583333333333332,20.352083333333333
2021,5,1,11.583333333333334,7.297826086956522,9.510082916666667,25.3365625,28.073666666666668,31.8682125,19.919475238095238,28.305214583333335,26.349999999999998,23.132499999999997,33.94583333333333,9.979738750000001,25.60875,23.349999999999998,15.9625,27.99,18.221666666666668,17.011947708333334,22.591875,21.75719375,19.5,17.31490833333333,22.058333333333334,25.458333333333332,31.52333333333333
2021,5,2,10.083333333333334,7.751111111111111,10.040151666666667,10.054792916666667,12.847834583333333,14.238920416666666,13.7594875,15.843958958333333,15.164705882352942,12.020416666666668,19.2375,5.561560416666667,12.451666666666666,12.1365275,8.748333333333333,13.48695652173913,9.808333333333334,16.595309166666667,12.98279069767442,13.838826875,12.043478260869565,16.266723333333335,13.979166666666666,13.583333333333334,14.501666666666667
2021,5,3,5.125,5.213333333333333,8.7038975,9.164928333333334,7.5660083333333334,9.510667083333333,8.788858333333334,9.01150125,4.570833333333333,4.465416666666667,6.770833333333333,5.1004491666666665,5.6499999999999995,8.245833333333334,4.595416666666667,5.49625,4.682083333333334,9.125832708333332,6.54,10.053994999999999,8.333333333333334,5.066978333333333,8.637500000000001,7.166666666666667,5.355833333333333
2021,5,4,9.625,6.328260869565218,13.875215416666668,11.917592916666665,13.030757083333334,11.887238333333334,13.02748625,13.869759375000001,9.8375,9.20125,11.463636363636363,10.874213750000001,9.555,6.595833333333334,10.221666666666666,8.419,11.392083333333334,10.225627708333333,10.735208333333333,10.339569583333333,8.208333333333334,5.281057916666667,14.133333333333333,8.583333333333334,8.9725
2021,5,5,8.791666666666666,6.2531914893617015,6.448149166666667,4.19107625,6.96756125,8.513075833333334,8.30594,9.203595625,4.195833333333334,8.598333333333334,8.758333333333333,7.3180024999999995,7.7825,4.517391304347826,6.290869565217391,7.037894736842105,10.249166666666666,5.413646458333333,8.146458333333333,6.732399375,10.590909090909092,3.3152004166666664,9.420833333333333,5.208333333333333,6.766666666666667
2021,5,6,8.5,6.260416666666667,7.502512916666666,8.721797391304348,11.074670833333334,5.338957083333334,14.039306250000001,6.795504782608695,2.8375,6.169999999999999,8.75,6.616036666666666,6.9375,4.029166666666667,5.574347826086957,5.4363636363636365,6.644166666666667,8.090733958333333,7.815833333333334,8.721675,11.25,4.338156666666667,9.112499999999999,6.791666666666667,7.564583333333334
2021,5,7,11.333333333333334,9.4,9.686774999999999,6.279698333333333,9.736342083333334,6.311777916666666,16.21024583333333,7.062964999999999,4.358333333333333,11.46875,13.320833333333333,11.332708333333334,11.51625,4.633333333333334,7.908636363636364,11.133636363636363,14.64,10.2741775,11.01375,8.011238333333333,11.333333333333334,4.842487916666667,8.991666666666667,10.166666666666666,14.557916666666666
2021,5,8,9.75,7.823333333333333,10.90475,16.521820833333333,13.802499166666665,11.355457083333334,18.070372916666667,13.088319375,5.116666666666666,10.56125,14.262500000000001,8.900752916666667,10.44375,7.9750000000000005,6.458695652173914,11.63875,9.047916666666667,7.621135,9.743541666666667,13.947959166666665,15.090909090909092,7.522257499999999,11.504166666666668,8.333333333333334,16.565833333333334
2021,5,9,9.791666666666666,11.733333333333333,15.453949999999999,5.684963333333333,13.930324166666667,12.084164166666667,14.699963333333335,15.773328124999999,12.154166666666667,13.67125,16.058333333333334,11.848631666666668,11.414166666666667,8.429166666666667,10.778695652173912,11.669166666666667,10.55625,8.323336458333333,13.282291666666666,12.722050833333334,12.217391304347826,6.472181249999999,10.579166666666667,11.0,11.94
2021,5,10,10.416666666666666,10.854166666666666,13.009335416666666,6.170765416666666,9.992954583333333,6.11149125,14.236872916666668,10.973710625,5.770833333333333,5.605416666666667,8.470833333333333,8.269203333333333,5.700833333333333,7.2875000000000005,6.331666666666667,5.917083333333333,5.074583333333333,10.302344166666666,6.5910416666666665,10.909629791666667,6.409090909090909,6.1738125,13.384615384615385,5.583333333333333,6.340416666666667
2021,5,11,9.541666666666666,12.933333333333332,14.4908375,6.505914166666667,11.390348750000001,6.34411875,14.505775,16.2116375,5.875,7.703333333333333,10.375,10.240265833333334,8.300833333333333,9.6875,8.289166666666667,7.790416666666666,5.102916666666666,14.075780416666667,9.063125,11.408840208333332,10.958333333333334,7.202496666666666,12.787500000000001,7.5,8.5525
2021,5,12,9.5,10.139583333333333,12.581734166666665,18.37893875,13.741565416666667,13.22424,13.677848333333335,17.010884375,12.970833333333333,7.479583333333333,10.166666666666666,10.2198975,6.575,10.870833333333332,8.032083333333334,7.357083333333333,5.499583333333334,15.195068695652173,7.828333333333333,16.415201041666666,10.333333333333334,9.166180833333334,12.270833333333334,8.875,7.977916666666666
2021,5,13,8.125,8.112499999999999,13.485920416666666,4.897025416666667,14.781478333333332,21.63905375,11.666339583333333,16.807220416666667,15.156521739130437,4.41625,12.612499999999999,6.906900833333334,3.9875000000000003,5.570833333333333,4.9312499999999995,9.14,3.5566666666666666,15.117297708333334,5.300833333333333,15.036188333333333,7.714285714285714,7.6799229166666665,12.220833333333333,5.625,5.604583333333333
2021,5,14,9.75,9.233333333333333,10.622917916666667,6.2206225,15.074537083333333,13.882824583333333,11.326988333333333,15.571206041666668,5.216666666666667,13.589166666666666,15.0625,6.8904958333333335,14.074583333333335,3.7375000000000003,13.064166666666667,19.892500000000002,11.982083333333334,12.758968333333334,15.973125000000001,8.645440833333334,16.166666666666668,3.6296895652173915,15.15,18.5,15.705416666666666
2021,5,15,13.833333333333334,4.490243902439024,18.04777916666667,8.970872083333333,8.091791666666667,10.293910416666668,10.911722083333332,9.665981875,7.666666666666667,11.360833333333332,15.745833333333335,11.573060416666666,9.117916666666666,7.070833333333333,7.745833333333334,8.491249999999999,13.249166666666667,9.326808125000001,11.826666666666666,10.244692083333334,8.545454545454545,4.745445652173913,11.120833333333332,6.416666666666667,8.603333333333333
2021,5,16,13.791666666666666,5.985365853658537,15.385397083333332,3.822338333333333,8.971327083333334,7.385624166666666,11.334593750000002,10.004632083333332,5.820833333333333,13.735,11.954166666666666,11.225757083333333,10.26125,7.308333333333334,8.015416666666667,10.590833333333334,10.37125,6.457389166666666,12.901041666666666,6.88649125,9.333333333333334,5.157124583333333,7.816666666666666,6.041666666666667,7.135416666666667
2021,5,17,9.166666666666666,6.223255813953489,11.151780833333333,6.821054166666666,8.440257083333334,10.675477083333334,14.622416666666666,11.150350416666667,5.270833333333333,9.342083333333333,14.6,9.123740416666667,8.325833333333334,6.520833333333333,8.799999999999999,8.59625,10.077916666666667,6.612804583333333,10.58875,7.1214683333333335,9.434782608695652,3.154960869565217,8.375,6.75,8.081249999999999
2021,5,18,7.833333333333333,5.976595744680851,11.605412916666666,7.148461666666666,7.278259583333334,10.242121249999999,13.860046250000002,10.716370833333334,4.833333333333333,16.937916666666666,26.90416666666667,6.763854166666667,14.817000000000002,9.3375,6.939583333333334,12.314782608695653,10.37,10.259406666666667,16.660208333333333,6.015082916666667,7.791666666666667,4.0564175,9.5625,4.0,10.738333333333335
2021,5,19,8.125,5.274468085106383,10.79576,8.851978333333333,8.399187916666667,11.74593875,8.873832083333333,14.056042444444445,9.066666666666666,8.592083333333333,9.9625,8.483541666666666,8.687333333333333,7.416666666666667,8.87625,8.825652173913044,6.249583333333334,9.511876875,8.352083333333333,8.670480625,10.19047619047619,5.7720883333333335,11.404166666666667,8.833333333333334,10.4375
2021,5,20,7.166666666666667,4.8525,8.827925,10.054136666666666,9.433359166666667,8.297856666666666,7.69841,9.347657083333333,8.945833333333333,10.218333333333334,9.454166666666667,6.9270925,7.415833333333333,7.820833333333333,6.9504166666666665,7.894166666666667,5.485833333333333,7.261829166666666,9.86875,10.494929166666667,9.041666666666666,6.1392825,10.345833333333333,9.208333333333334,9.6975
2021,5,21,8.75,6.2924999999999995,10.1022325,7.470289999999999,7.530916666666666,8.365350000000001,9.071165416666666,10.624323333333333,7.091304347826087,8.497916666666667,12.704166666666667,6.846959166666667,7.6258333333333335,5.5,6.107916666666667,7.2250000000000005,8.658333333333333,8.515856041666668,9.743404255319149,7.414073125000001,7.0,4.259765,10.112499999999999,7.666666666666667,7.715833333333333
2021,5,22,8.333333333333334,5.815384615384616,9.113059583333333,5.0790758333333335,4.250852083333333,7.711410833333333,9.05257375,7.906175,4.6375,5.668333333333333,7.216666666666666,6.179315416666667,3.685,5.804166666666667,4.312083333333333,4.458695652173913,5.8187500000000005,5.420968124999999,5.164583333333334,6.556058750000001,10.238095238095237,3.8158933333333334,9.375,3.7916666666666665,5.21125
2021,5,23,7.791666666666667,4.725581395348837,7.60857,7.2903525,5.011260833333334,4.980677083333333,9.4481175,6.152307916666667,4.704166666666667,6.077500000000001,5.666666666666667,6.220422916666667,7.18,3.591666666666667,2.98,4.012083333333333,3.3629166666666666,5.997473333333333,5.099583333333333,7.189564375,7.15,3.2463304166666664,9.683333333333334,3.8260869565217392,2.9525
2021,5,24,7.166666666666667,5.2975,9.716492083333334,6.297760416666667,6.985672083333333,6.732659166666667,10.630462916666668,11.094916666666668,6.9750000000000005,5.999583333333334,8.054166666666667,6.701461666666667,3.6057142857142854,5.329166666666667,5.513333333333333,3.9808333333333334,5.038333333333333,6.155619375000001,5.9491489361702135,7.756964791666667,6.5,4.054976666666667,9.220833333333333,7.291666666666667,4.568333333333333
2021,5,25,9.708333333333334,5.497872340425531,11.028401666666667,4.085568333333334,5.5238233333333335,6.400115416666666,11.980190833333333,10.8309275,3.6916666666666664,7.229166666666667,9.058333333333334,8.767965,7.817083333333334,7.325,8.011666666666667,6.300909090909091,8.587083333333334,5.448730434782609,8.766458333333334,6.750704375000001,8.541666666666666,2.6039475,10.362499999999999,5.708333333333333,6.0025
2021,5,26,8.333333333333334,4.699999999999999,7.80531375,3.1880904166666664,4.342714583333334,3.2752587500000003,7.510929999999999,10.034232631578947,3.641666666666667,3.7422222222222223,8.025,6.557957916666666,3.6645833333333333,3.3083333333333336,2.7708333333333335,3.811666666666667,4.260833333333333,5.804488541666667,5.919375,5.989799166666667,5.166666666666667,4.4548475000000005,8.3375,3.0833333333333335,3.8975000000000004
2021,5,27,6.5,5.2,12.087855416666665,5.4633554166666665,6.240333333333333,4.298194583333333,12.271846666666667,8.79858125,3.1833333333333336,6.88,7.5125,7.488000833333333,6.78125,3.6625,4.439166666666666,4.854166666666667,5.635416666666667,6.896066666666666,7.741875,6.711770208333333,7.826086956521739,3.969765833333333,8.887500000000001,5.0,9.106250000000001
2021,5,28,11.875,5.734146341463415,10.803311666666666,7.34818125,9.017470416666667,9.155338333333333,10.040038749999999,9.305387291666667,7.9624999999999995,9.893636363636363,14.025,8.918514166666666,10.507083333333334,8.429166666666667,7.17625,7.9004166666666675,12.956249999999999,8.646550833333334,12.369375,8.76395170212766,10.875,4.597207083333333,8.825000000000001,8.25,10.272083333333333
2021,5,29,10.125,4.934285714285714,7.770136666666667,9.323299166666667,8.617569999999999,9.733882083333333,8.959920833333333,9.800285416666666,9.987499999999999,6.899166666666667,11.958333333333334,4.097995,7.551666666666667,8.65,6.351666666666667,10.053749999999999,9.1,10.741491041666668,9.1575,9.663736041666667,11.5,6.9552008333333335,10.808333333333332,6.541666666666667,9.150416666666667
2021,5,30,6.916666666666667,4.39,8.812695,12.1259925,7.313083333333334,13.570542083333335,8.681592916666666,10.313124791666667,12.083333333333334,4.97875,9.7125,6.317294583333333,5.159583333333333,7.245833333333334,5.31625,6.202916666666667,5.6620833333333325,6.480760434782609,6.6660416666666675,8.220218749999999,6.391304347826087,7.392929583333333,10.991666666666667,6.25,6.472083333333333
2021,5,31,7.0,5.970833333333334,8.990955416666667,12.104839166666666,9.841473333333333,8.922374166666666,9.341016250000001,11.389308333333334,8.608333333333333,8.334583333333333,9.541666666666666,6.627597083333334,7.419999999999999,8.233333333333333,7.4004166666666675,9.455,7.486250000000001,10.100068958333333,8.076875,11.498404375,9.772727272727273,7.415527916666666,10.120833333333334,6.333333333333333,10.273333333333333
2021,6,1,13.416666666666666,8.893617021276595,9.609120416666666,9.353306666666667,17.930145,10.92089875,15.310765833333333,11.739760625,10.517391304347827,12.366666666666667,15.683333333333332,8.869859583333334,12.573749999999999,8.491666666666667,9.566666666666666,13.68,10.238333333333333,11.841759787234043,13.79,12.974494583333334,14.125,6.876188333333334,11.295833333333334,13.75,11.777499999999998
2021,6,2,10.0,9.285416666666666,13.569926666666667,11.363265,10.903854166666667,10.682512083333334,12.570727916666668,13.759817083333333,11.773913043478261,10.26625,11.295833333333334,10.883796666666667,13.884166666666667,8.383333333333333,12.777083333333332,15.07875,7.989583333333333,14.434743541666668,11.441666666666668,14.102779374999999,9.947368421052632,9.474907916666666,12.1875,9.083333333333334,13.51375
2021,6,3,11.958333333333334,9.53111111111111,12.577585,12.651112500000002,12.97440625,9.914157916666667,11.4858775,12.559959791666666,11.9125,12.232083333333334,11.670833333333334,9.527065833333333,11.932083333333333,8.270833333333334,11.834166666666667,13.82625,11.169166666666667,11.527994375,11.4825,12.875020208333334,10.3,8.36217,10.779166666666667,7.208333333333333,14.618333333333332
2021,6,4,13.583333333333334,11.360416666666666,15.375370833333333,11.975793333333334,15.753367916666667,11.708414166666666,14.30319375,14.941506666666667,12.677272727272726,14.747916666666667,15.229166666666666,10.597613333333333,13.161666666666667,9.375,13.082083333333332,13.447916666666666,12.587083333333332,13.78552875,13.04875,12.650240416666668,14.65,10.192223333333333,11.6,9.291666666666666,17.832916666666666
2021,6,5,13.291666666666666,8.75,14.007789583333334,14.645916666666666,13.620101666666665,13.590976666666668,14.723042916666666,15.302021666666667,15.516666666666666,13.1,19.541666666666668,8.516434583333334,14.838333333333333,11.2875,10.2975,16.09375,11.9425,14.628634791666668,14.652916666666668,11.909379375,16.125,9.012147083333334,11.945833333333333,12.833333333333334,16.164583333333333
2021,6,6,9.791666666666666,8.05625,12.147611249999999,15.542062083333334,14.130603333333333,15.343541250000001,18.527403333333332,14.145584999999999,15.554166666666667,10.493333333333334,12.512500000000001,10.207703333333333,11.5,10.445833333333333,9.3325,14.543333333333335,9.424583333333333,12.155635833333333,10.527708333333333,12.551847291666666,13.652173913043478,9.614315833333334,11.42608695652174,8.125,13.177083333333334
2021,6,7,11.166666666666666,9.018749999999999,13.188698333333333,17.420828333333333,15.593729166666668,11.386935909090909,15.735399583333333,13.812270416666665,14.316666666666668,9.415833333333333,13.545833333333334,9.958964166666666,9.98875,9.725,10.028333333333334,12.5875,9.455833333333333,12.493720833333334,10.157916666666667,15.953469583333332,12.4,12.53009875,10.754166666666668,8.083333333333334,12.49
2021,6,8,11.083333333333334,9.308333333333334,13.0401125,19.879920833333333,12.707359583333334,14.822472083333333,14.484967692307691,14.860982083333333,17.158333333333335,11.382916666666667,16.616666666666667,11.519802083333333,11.830833333333333,11.375,12.962083333333332,12.841666666666667,9.114166666666668,16.739847916666665,12.547916666666666,14.96296875,14.73913043478261,10.42000125,11.416666666666666,10.666666666666666,21.6375
2021,6,9,9.166666666666666,5.764444444444444,11.085281666666667,12.69598125,11.614620833333333,12.410925833333332,,14.936338958333332,12.741666666666667,11.1325,14.174999999999999,10.1338325,12.105833333333335,12.558333333333332,10.790833333333333,11.095416666666667,8.995416666666667,8.718860833333332,11.532708333333334,9.089431041666666,13.782608695652174,5.3915033333333335,12.487499999999999,11.083333333333334,11.755500000000001
2021,6,10,9.375,5.540425531914893,11.168642499999999,9.8861175,11.230353333333333,8.528220416666667,,9.67052125,8.0,6.759166666666666,12.758333333333333,9.623380833333334,7.1675,10.2875,9.008750000000001,7.730869565217391,7.321666666666666,11.186412916666667,9.4175,13.185837083333332,10.31578947368421,8.694001250000001,9.725,7.791666666666667,8.5975
2021,6,11,8.541666666666666,6.342553191489362,13.05870625,15.778279166666666,12.852245416666667,14.427304583333333,13.224805,14.954894375,12.708333333333334,8.0575,14.387500000000001,9.23820875,9.85,8.383333333333333,8.384166666666667,10.90625,7.770833333333333,12.686795208333335,11.713541666666666,14.00602488888889,12.583333333333334,8.902899583333333,12.2875,13.083333333333334,10.795
2021,6,12,8.791666666666666,7.406976744186046,10.817647916666667,13.8768525,12.5923825,15.44083125,10.654647916666667,14.495969166666667,13.691666666666668,14.882916666666667,14.674999999999999,10.162187916666667,13.099583333333333,10.8125,12.611666666666666,12.311304347826088,7.851666666666667,8.877526458333334,14.716666666666667,15.72798875,13.304347826086957,10.044743333333333,11.729166666666666,12.708333333333334,11.241666666666667
2021,6,13,4.75,4.038297872340425,8.231369583333333,6.679490416666667,5.81435875,6.023574166666666,6.79849375,7.207981458333333,5.629166666666666,5.872916666666666,12.616666666666667,6.159495833333334,6.930416666666667,6.6000000000000005,4.8862499999999995,6.0249999999999995,5.9695833333333335,8.269688541666666,7.337708333333333,8.31951875,4.6521739130434785,5.89652375,9.995833333333334,4.833333333333333,6.520416666666667
2021,6,14,6.083333333333333,6.282608695652174,11.38192125,8.650823333333333,11.12569875,7.564389583333333,10.078282916666668,7.002837499999999,8.870833333333334,4.102083333333334,5.133333333333334,6.163384166666667,5.07,5.066666666666666,5.1312500000000005,5.553333333333334,3.3608333333333333,7.82111125,6.279375000000001,13.030111818181819,6.095238095238095,7.60067,10.716666666666667,4.958333333333333,6.36375
2021,6,15,13.916666666666666,9.970212765957447,10.68926375,10.514630833333333,14.529275833333335,10.961381666666666,11.41058625,11.465775416666666,11.995833333333332,11.635833333333332,11.887500000000001,9.76737625,13.65375,6.170833333333333,10.919166666666667,11.071666666666667,9.589583333333334,10.732832291666668,14.675833333333332,15.816225416666667,12.25,9.97024625,12.578260869565218,11.291666666666666,11.075000000000001
2021,6,16,8.416666666666666,5.754347826086956,8.768648333333333,18.536112499999998,13.279775833333332,15.644191666666666,8.2610975,15.296231458333333,15.737499999999999,6.564166666666666,21.362499999999997,5.518332916666666,8.461666666666668,9.879166666666666,6.432916666666666,16.425,10.851666666666667,7.555542553191489,9.467708333333333,21.6261375,15.125,7.309416250000001,16.041666666666668,11.541666666666666,12.283333333333333
2021,6,17,9.75,11.6875,10.040800833333334,14.9173375,17.991021739130435,15.094681304347825,12.274279166666666,19.984091666666668,17.204166666666666,6.868333333333333,9.637500000000001,8.561975833333333,5.6000000000000005,11.078260869565218,6.489583333333333,7.8429166666666665,8.9375,14.640406888888888,7.232708333333334,20.695179166666666,15.391304347826088,13.640887916666665,15.908333333333333,10.625,7.514583333333333
2021,6,18,12.708333333333334,11.166666666666666,13.297226315789473,12.46683125,18.927158333333335,11.772849166666667,17.3264875,18.207253913043477,18.5,13.119583333333333,17.854166666666668,13.836055416666667,11.180833333333334,12.195833333333333,9.814583333333333,9.546666666666667,11.352916666666665,19.33671875,14.146041666666667,20.090018750000002,15.083333333333334,13.360982499999999,13.554166666666667,8.875,10.878750000000002
2021,6,19,14.166666666666666,10.84468085106383,16.53056875,12.761830416666667,14.159216666666666,11.989482916666667,22.135883333333336,15.42568625,17.466666666666665,14.880416666666667,17.400000000000002,15.397910416666667,15.062916666666666,12.612499999999999,11.456666666666665,11.662083333333333,10.69,17.206535625,17.449166666666667,21.632152083333335,19.0,9.883631666666666,12.625,10.0,13.97375
2021,6,20,11.916666666666666,8.140425531914895,14.963607083333335,15.164390833333334,10.498244999999999,7.484705833333333,16.388321666666666,11.285706458333332,12.329166666666666,14.90125,17.258333333333333,14.132685416666668,13.337916666666667,9.9625,9.410416666666666,9.610833333333334,10.462083333333334,20.071895833333333,15.291041666666667,17.167291666666667,13.75,12.181896666666667,9.208333333333334,7.5,11.306666666666667
2021,6,21,10.681818181818182,10.127027027027026,15.261354545454545,16.796108333333333,15.2681625,11.891759583333332,16.314175,15.233806041666666,12.858333333333334,12.469166666666666,15.220833333333333,12.784073333333334,11.915833333333333,16.308333333333334,10.752916666666666,11.253749999999998,8.752083333333333,18.619204166666666,12.6875,16.658929166666667,23.5,12.678871666666666,12.295833333333334,11.541666666666666,12.862083333333333
2021,6,22,13.583333333333334,12.65,14.81445,10.220039166666666,19.496861666666668,15.018739166666668,14.97984125,16.293052708333335,14.6625,18.352083333333333,19.4375,17.16742916666667,18.995,13.133333333333333,14.500833333333333,15.322916666666666,11.3275,12.786660625000001,18.378958333333333,16.033111666666667,29.571428571428573,12.023979583333334,15.104347826086956,15.083333333333334,16.112083333333334
2021,6,23,14.75,6.189583333333334,12.113381249999998,14.666606666666667,15.195383333333334,16.7442125,10.418144166666666,23.401300000000003,14.366666666666667,21.54958333333333,23.224999999999998,12.902114166666665,25.021666666666665,16.691666666666666,19.159583333333334,23.035833333333333,13.700000000000001,9.107095208333334,21.688333333333333,12.844052499999998,33.92857142857143,8.002401666666666,16.4375,20.041666666666668,26.4575
2021,6,24,13.863636363636363,8.018749999999999,13.6139425,14.021796250000001,17.52199583333333,20.108967500000002,13.754159583333333,22.682039375000002,12.7125,13.259583333333333,28.71666666666667,10.866031666666666,18.84125,24.541666666666668,14.337916666666667,19.6275,6.749583333333334,10.831232291666666,13.732916666666666,11.179649791666668,16.2,8.258929166666666,17.337500000000002,28.166666666666668,17.2225
2021,6,25,13.043478260869565,5.433333333333334,10.05385375,11.540715833333332,7.074824583333334,14.86128875,9.02824625,11.675837083333333,14.125,16.205833333333334,15.529166666666667,9.9738975,17.839166666666667,11.229411764705883,13.5525,13.043333333333335,8.128333333333332,12.336676666666667,17.997291666666666,10.943885625,9.409090909090908,6.2512083333333335,12.173913043478262,9.8125,19.0025
2021,6,26,8.25,7.085416666666667,12.11867625,10.971820416666667,14.871012499999999,18.0705525,10.543135833333332,12.519012708333333,14.0,7.991666666666667,18.279166666666665,8.53839125,9.37375,13.270833333333334,9.078333333333333,12.727916666666667,8.087083333333334,10.746600416666666,9.623125,13.800052291666667,10.73913043478261,7.334876666666666,11.429166666666667,12.041666666666666,11.702916666666667
2021,6,27,7.291666666666667,5.664444444444444,10.882946250000002,10.034950833333333,10.761843333333333,15.843541666666667,9.833116666666667,15.257321249999999,12.816666666666668,8.384583333333333,13.0875,6.468400833333334,9.229166666666666,11.420833333333334,7.496666666666667,10.349166666666667,6.86375,10.414931458333333,9.775416666666667,13.96908125,6.916666666666667,4.99015125,12.291666666666666,9.041666666666666,10.150416666666667
2021,6,28,9.583333333333334,7.4624999999999995,10.98214625,13.154665416666667,11.214666666666666,16.44922083333333,9.553299166666667,14.812576041666667,14.829166666666666,8.482083333333334,12.220833333333333,7.14386,8.738750000000001,11.113043478260868,7.13625,8.71875,7.982083333333333,10.286320625,10.508750000000001,16.391213750000002,9.0,7.977953333333333,10.575000000000001,8.5,6.016249999999999
2021,6,29,9.875,9.735416666666667,11.116272500000001,14.925025,15.405419583333334,14.417737083333334,11.852652916666665,16.688564583333335,14.541666666666666,8.752916666666666,11.804166666666667,7.130852916666666,8.0825,11.321739130434784,6.7437499999999995,9.95125,10.525833333333333,12.835206666666666,11.373750000000001,17.417222916666667,10.833333333333334,9.841859166666667,11.304166666666667,9.375,9.476666666666667
2021,6,30,13.916666666666666,7.546808510638297,12.836754583333333,6.449879583333334,8.23809625,6.02077,10.413942083333334,9.300055833333333,3.954166666666667,13.520000000000001,17.808333333333334,11.4351675,11.948333333333332,19.48421052631579,7.7575,12.319583333333334,13.712083333333332,16.75374520833333,14.867708333333333,7.639227708333333,11.833333333333334,6.8720420833333336,8.987499999999999,8.083333333333334,10.27608695652174
2021,7,1,6.875,4.9750000000000005,10.127099583333333,5.5547691666666665,7.1065475000000005,8.141426666666666,6.872073749999999,11.387738125,4.179166666666666,7.44875,15.329166666666666,8.275447083333333,7.883333333333333,10.579212499999999,5.168333333333334,9.963333333333333,8.844166666666666,5.991823617021276,9.354791666666666,8.7169375,9.083333333333334,4.439902916666667,8.7875,7.291666666666667,8.19125
2021,7,2,4.791666666666667,6.295833333333333,10.312372916666666,7.802554210526315,9.268642916666666,6.687235,8.683834583333333,10.444262127659574,5.083333333333333,9.855416666666667,16.754166666666666,7.858445,10.087916666666667,8.85,10.504166666666666,7.10625,8.6675,10.359208958333333,12.17,8.258252083333334,9.708333333333334,5.467115833333334,8.966666666666667,7.833333333333333,9.115
2021,7,3,6.0,7.097916666666666,12.719820833333335,11.854760833333332,9.624880416666667,12.863193333333333,9.840972916666667,13.076876041666667,9.966666666666667,10.54125,10.887500000000001,11.434530833333334,10.050833333333333,8.470833333333333,10.463333333333333,7.654166666666666,7.765416666666667,9.200681666666666,11.144583333333335,12.724580416666667,9.166666666666666,8.00811,11.424999999999999,7.458333333333333,12.550833333333335
2021,7,4,6.0,6.954166666666667,13.789495833333334,11.694441666666668,9.400050416666668,10.84815375,11.946944166666666,15.087949583333334,10.941666666666668,15.683750000000002,17.033333333333335,9.72316,14.225416666666668,11.804166666666667,13.021666666666667,12.990416666666667,9.474166666666667,10.55078,15.694791666666667,13.953352083333334,14.916666666666666,,9.3375,11.5,18.038333333333334
2021,7,5,9.45,12.154347826086957,10.578506666666668,12.045141666666666,16.050483333333332,11.970744166666668,10.64151625,13.403099375000002,11.329166666666666,14.629583333333334,15.970833333333333,9.79889,13.66625,12.804083333333333,12.767083333333334,9.777083333333334,8.345833333333333,11.450946458333334,14.478695652173913,15.534643125,14.166666666666666,4.548713571428571,11.483333333333334,11.083333333333334,13.269583333333335
2021,7,6,10.91304347826087,11.971739130434784,12.799053333333333,4.949845416666666,11.65594625,9.596254583333334,11.523331739130436,15.206851041666667,7.395833333333333,13.6475,20.045833333333334,12.73487875,13.764166666666666,14.729166666666666,9.984583333333333,14.699583333333335,14.383333333333333,7.2050431249999995,15.885208333333333,9.351289791666668,15.833333333333334,3.7134750000000003,11.762500000000001,10.958333333333334,13.088333333333333
2021,7,7,11.478260869565217,15.05531914893617,11.66035125,6.4621725,14.698340833333333,11.56623375,10.582654166666666,18.314319166666667,9.208333333333334,17.152083333333334,19.495833333333334,16.493573333333334,16.817083333333333,15.716666666666667,13.779166666666667,15.22875,13.14,7.744405416666667,19.594375,9.61017375,24.208333333333332,3.13865625,13.416666666666666,11.583333333333334,16.30333333333333
2021,7,8,10.291666666666666,4.774468085106383,6.218285000000001,8.729673333333333,16.55836375,13.888392083333335,8.1988275,18.676379166666667,13.958333333333334,24.885416666666668,13.920833333333334,13.642197083333334,23.593333333333334,13.2125,20.217499999999998,13.799583333333333,11.379166666666668,7.669632291666667,20.570416666666667,13.0233925,28.5,5.974132083333334,15.204166666666666,16.416666666666668,16.977083333333333
2021,7,9,13.666666666666666,8.905128205128205,12.285271250000001,3.475944166666667,11.141831666666667,15.051283750000001,10.47322625,18.213009791666668,5.366666666666666,15.69764705882353,17.595833333333335,12.337878333333334,12.037083333333333,14.591666666666667,11.010833333333332,12.39,13.685416666666667,8.315415833333333,13.546666666666667,7.271117708333333,22.705882352941178,4.492559583333333,13.334782608695651,11.875,12.701666666666666
2021,7,10,,6.772916666666667,11.74632375,5.517060416666666,6.93240375,3.7665683333333333,11.829014166666667,6.432766666666667,2.954166666666667,,10.004166666666666,11.712300416666666,11.731666666666667,9.4125,8.998333333333333,10.420833333333333,12.108333333333334,7.921361041666667,10.58625,7.59460125,9.652173913043478,5.2937883333333335,6.433333333333334,7.125,10.922916666666666
2021,7,11,,9.072340425531914,10.178127916666666,11.181500833333333,11.453917083333332,11.437299166666667,10.14318875,13.577233125,10.879166666666668,,16.883333333333333,8.48419625,9.705,15.845833333333333,8.569583333333332,10.25375,12.156666666666666,10.392471041666667,9.915625,10.569232916666666,10.565217391304348,6.600985416666667,9.345833333333333,6.291666666666667,13.184615384615386
2021,7,12,17.153846153846153,8.664583333333335,11.138514166666667,7.299610833333333,12.679356666666665,9.826185833333334,11.652758333333333,13.683879583333335,10.737499999999999,12.668823529411766,20.466666666666665,12.341868750000001,13.792916666666665,14.737499999999999,13.57875,11.664166666666667,15.119583333333333,11.176717083333335,13.489791666666667,10.424460833333333,15.727272727272727,7.443933333333334,8.383333333333333,11.25,12.914583333333333
2021,7,13,15.75,13.371739130434783,15.798333333333334,12.4702925,15.495858333333333,13.94505,15.9093625,17.340047291666668,12.816666666666668,14.890833333333333,20.279166666666665,13.87923625,12.155416666666667,13.924999999999999,12.112916666666665,11.378333333333332,15.563749999999999,12.001257916666667,13.213125,16.822458333333334,16.208333333333332,8.147782916666666,11.104166666666666,10.083333333333334,12.600833333333334
2021,7,14,14.916666666666666,18.406521739130437,16.878754166666667,12.959085833333333,19.944812916666667,17.315962916666667,21.483999999999998,22.076065957446808,13.895833333333334,20.044583333333332,24.46666666666667,15.486870833333334,17.84090909090909,16.525,16.512083333333333,19.065833333333334,20.662916666666668,14.707860208333335,19.218958333333333,14.482605416666667,29.458333333333332,10.064757083333333,19.26875,19.90909090909091,19.8175
2021,7,15,22.375,15.225,17.6206125,10.297825416666667,26.39077,13.1964525,22.4728875,14.410721666666667,18.416666666666668,8.585833333333333,19.920833333333334,14.337044166666667,9.389166666666666,22.099999999999998,11.949166666666665,8.672083333333333,16.44125,15.092422083333332,10.708125,11.814869999999999,16.444444444444443,10.9076675,12.540000000000001,,11.609583333333333
2021,7,16,21.5,17.10952380952381,17.489883333333335,13.272860833333333,28.360195833333332,16.576396666666668,23.753070833333336,19.961695833333334,15.6875,11.650416666666667,16.754166666666666,14.64486,11.679166666666667,12.86470588235294,12.626666666666667,11.816249999999998,16.615,15.740511666666668,11.852708333333332,15.587462916666667,12.708333333333334,11.25454875,15.07391304347826,8.4,11.239166666666668
2021,7,17,17.0,13.257142857142858,12.481207499999998,16.699079166666667,15.215945833333334,13.821712499999999,15.241195833333334,13.635937499999999,14.458333333333334,12.947916666666666,17.1875,11.068485416666666,12.410833333333334,17.254166666666666,12.59375,13.518749999999999,16.246666666666666,13.146880833333334,13.955208333333333,14.495030416666665,16.583333333333332,11.023992083333333,14.195833333333333,11.041666666666666,13.994166666666667
2021,7,18,10.75,7.543478260869565,11.1365875,10.174518333333333,11.186270416666666,12.18755125,9.38068625,15.7423875,12.566666666666668,10.009166666666667,18.625,7.490542083333334,10.26125,18.479166666666668,13.046666666666667,10.581249999999999,15.742916666666666,6.936016041666666,11.541875,10.464914375,9.208333333333334,5.9067291666666675,14.033333333333333,7.958333333333333,9.900833333333333
2021,7,19,9.541666666666666,9.527083333333334,9.087837083333334,12.692348333333333,12.535971666666667,8.268972083333333,7.654159166666666,12.084675208333332,9.465217391304348,8.948333333333332,13.220833333333333,7.448715833333334,9.047083333333333,14.950000000000001,9.399583333333334,10.19,12.082500000000001,8.5875425,10.708125,12.64322625,10.45,7.579732916666667,10.470833333333333,9.375,11.436666666666667
2021,7,20,8.55,8.674468085106383,7.830952916666667,11.65721875,10.128153750000001,13.131017083333333,7.117987083333333,12.784029166666668,9.920833333333333,5.757916666666667,10.762500000000001,3.9843570833333337,6.142916666666667,14.095833333333333,7.766249999999999,8.05,7.3812500000000005,7.669742500000001,8.026666666666666,11.419148958333333,9.521739130434783,5.270184166666667,11.141666666666666,6.708333333333333,7.885833333333333
2021,7,21,7.166666666666667,8.44186046511628,9.511691666666666,11.7801775,9.693239166666666,9.1783275,8.249972083333333,11.121132916666667,8.137500000000001,6.667916666666667,8.799999999999999,6.11853125,7.134166666666666,9.079166666666667,7.03875,7.48695652173913,6.34,8.115613125000001,8.699166666666667,11.697512708333333,7.875,6.63670875,9.404166666666667,6.375,7.259583333333333
2021,7,22,5.333333333333333,10.331249999999999,12.155745833333334,10.311259999999999,12.064968333333333,10.454165833333333,13.655682083333334,11.802852291666667,9.495833333333334,6.88,8.695833333333333,8.028587083333333,6.572916666666667,8.545833333333333,7.441666666666666,7.070833333333333,5.733750000000001,9.631878958333333,8.07625,13.665301666666666,11.0,7.519650416666667,11.629166666666668,7.5,7.677916666666667
2021,7,23,12.125,11.972916666666668,12.55926625,13.067759583333334,15.393308333333332,14.247502916666667,13.370551666666666,14.007063333333333,13.674999999999999,12.654166666666667,13.025,10.791837916666667,11.111666666666666,11.3375,13.520416666666668,12.707826086956521,12.819166666666668,11.599947083333333,14.278958333333334,15.580884791666668,20.59090909090909,11.319137083333333,11.129166666666668,12.583333333333334,11.452916666666667
2021,7,24,13.833333333333334,10.51304347826087,10.321266666666666,16.588477391304348,20.26172083333333,17.033833333333334,13.441553749999999,15.947329791666666,16.579166666666666,16.261666666666667,14.700000000000001,8.526898749999999,13.573333333333332,11.566666666666668,15.707916666666668,15.85,17.257916666666667,14.363949166666666,16.770416666666666,17.81715708333333,22.833333333333332,11.508592083333333,13.387500000000001,13.333333333333334,15.957916666666668
2021,7,25,16.708333333333332,14.066666666666668,13.9228,18.195595833333332,19.8856125,15.57085,15.2606275,20.52412083333333,18.591666666666665,13.554583333333333,15.5375,11.531219583333334,12.385833333333332,13.120833333333335,13.428333333333335,12.279545454545454,14.428333333333333,15.099554166666666,14.206874999999998,19.503877083333332,25.416666666666668,15.191808333333334,16.466666666666665,15.083333333333334,15.636666666666665
2021,7,26,15.391304347826088,15.934042553191489,22.832462500000002,17.69782625,27.295654166666665,9.467100416666666,22.491425000000003,12.856752291666666,11.366666666666667,14.534999999999998,19.883333333333333,18.365995833333333,13.343333333333334,15.225000000000001,15.025416666666667,10.77142857142857,11.534583333333332,18.668302083333334,14.159999999999998,19.694484222222222,27.291666666666668,15.725102916666666,10.2125,12.458333333333334,16.040833333333335
2021,7,27,12.583333333333334,12.206382978723406,21.331252173913043,8.529475416666667,12.694230416666665,11.663075833333332,21.488265833333333,13.280343333333334,8.191666666666666,19.922916666666666,19.454166666666666,17.2535375,19.315,15.595833333333333,11.682916666666666,12.682916666666666,13.595833333333333,10.22464875,18.395208333333333,11.173272916666667,37.25,8.031414583333333,10.875,13.75,16.355416666666667
2021,7,28,11.875,12.477272727272727,12.6314225,10.892037083333333,17.38549875,11.78326,14.496281250000001,14.00063695652174,12.362499999999999,10.107083333333334,15.379166666666668,13.733072083333333,8.505416666666667,11.408333333333333,9.558333333333334,10.055416666666666,10.56375,8.765794791666666,12.177916666666667,13.108929791666666,35.083333333333336,6.295513333333333,13.320833333333333,10.25,9.366249999999999
2021,7,29,8.625,9.141304347826088,10.603565416666667,8.16137125,10.233179583333333,8.01646375,9.619919583333333,10.44007875,7.3500000000000005,9.975416666666666,13.254166666666668,11.409104583333333,9.145833333333334,10.808333333333332,7.654583333333334,7.553333333333334,9.005416666666667,8.03407255319149,10.680625,10.383042916666666,12.409090909090908,4.778039166666667,8.683333333333334,8.333333333333334,8.991666666666667
2021,7,30,9.875,9.327083333333333,10.820223749999998,8.929199583333334,11.285804166666667,7.8034783333333335,10.623865833333333,12.411979166666667,8.595833333333333,8.295,12.0,9.481466666666668,8.284166666666666,10.1625,6.903333333333333,8.53,8.5875,10.121405416666667,10.786041666666668,11.278685208333334,10.0,7.66090875,10.879166666666668,7.958333333333333,8.803333333333333
2021,7,31,11.875,10.995744680851063,11.7376475,8.86098625,13.992348333333332,10.459494583333333,11.287140833333334,12.957221875,10.270833333333334,10.227500000000001,15.220833333333333,11.319004166666666,10.668333333333335,9.254166666666666,8.705,13.964583333333332,11.402500000000002,7.86717875,14.539130434782608,10.982298125,12.666666666666666,6.244605,12.154166666666667,9.666666666666666,10.22875
2021,8,1,9.666666666666666,6.089361702127659,8.045713749999999,8.73841125,8.997516666666668,10.509579166666667,6.890995833333334,11.296655416666667,11.629166666666668,7.555,12.320833333333333,6.0406458333333335,7.865833333333334,5.941666666666666,7.045416666666667,8.845833333333333,9.02875,5.294587083333333,9.438541666666667,8.989442500000001,8.083333333333334,5.677215833333334,10.654166666666667,6.166666666666667,7.677083333333333
2021,8,2,6.583333333333333,5.6937500000000005,7.5769987500000004,7.598559166666667,10.04105875,7.523027916666667,5.409414166666667,6.96565375,6.204166666666667,9.02375,11.933333333333332,5.53144375,8.49,5.608333333333333,6.584166666666667,6.705416666666667,7.517499999999999,4.413494130434783,9.708333333333334,8.55567375,8.045454545454545,4.653076666666666,8.8375,9.791666666666666,8.547083333333333
2021,8,3,8.363636363636363,5.138297872340425,7.11253125,5.5755566666666665,7.6367408333333335,6.0674970833333335,7.878247916666666,7.074333958333334,6.591666666666666,5.015416666666667,8.191666666666666,4.6052341666666665,5.596666666666667,9.329166666666667,3.692083333333333,5.709166666666667,6.771249999999999,5.387395208333333,7.756458333333334,7.979541458333333,8.714285714285714,4.873948333333334,9.533333333333333,7.125,6.385833333333333
2021,8,4,8.25,10.308510638297872,7.852593333333334,6.186325833333334,7.958760416666667,7.338248749999999,8.064658333333334,11.341420208333334,6.95,9.8275,10.133333333333333,7.848771666666667,10.927916666666667,7.679166666666666,8.570833333333333,8.92125,10.669166666666667,6.318707291666667,10.618541666666667,6.928590416666666,8.791666666666666,8.39252,10.308333333333334,7.583333333333333,11.6875
2021,8,5,6.625,8.343478260869565,8.551483333333334,11.32726375,12.581895833333334,8.130813333333334,6.0779966666666665,9.165064791666667,9.791666666666666,8.9725,12.5625,5.718390833333333,10.15375,7.654166666666666,10.060833333333333,13.488750000000001,12.170416666666666,8.216960625,10.798125,11.55848375,10.217391304347826,8.23147625,9.825000000000001,11.75,12.205833333333333
2021,8,6,2.4166666666666665,4.902083333333334,7.4057949999999995,8.740140833333333,8.424132083333333,4.730385384615385,7.1390512500000005,5.335843958333334,7.829166666666667,1.0245833333333334,8.283333333333333,3.127932083333333,1.2025,5.166666666666667,2.7841666666666662,2.4131818181818185,3.0525,7.801796458333333,2.094375,9.69375125,4.695652173913044,7.6267008333333335,6.3625,2.4347826086956523,1.6708333333333334
2021,8,7,5.208333333333333,6.446511627906976,9.24872875,6.150205833333334,8.981505833333333,,8.155335416666667,9.149472291666667,6.154166666666666,5.396666666666667,8.2875,7.851112916666666,5.15375,7.5625,5.2595833333333335,5.082083333333333,6.5441666666666665,6.912068541666667,6.605208333333334,8.172524166666667,10.75,4.60330625,7.9624999999999995,5.833333333333333,7.220416666666666
2021,8,8,9.25,7.5249999999999995,10.894437916666666,3.6659795833333333,6.203389583333333,,9.070362083333334,7.527283958333332,2.6166666666666667,8.733333333333333,9.329166666666667,10.609530416666667,7.172083333333333,8.8375,7.19125,7.19625,9.435416666666667,5.677426874999999,8.715625000000001,5.584956666666667,10.0,3.2386779166666666,7.345833333333334,5.041666666666667,7.463333333333334
2021,8,9,8.791666666666666,5.711363636363637,10.814882083333332,5.08448,5.680585833333333,4.4954407142857145,10.24800875,8.221014791666667,4.729166666666667,5.7629166666666665,9.299999999999999,6.602664166666667,6.217083333333334,8.225,4.604583333333333,7.8425,8.1425,6.171352916666667,8.009375,7.1918710416666665,8.277777777777779,4.22511375,7.929166666666667,4.166666666666667,5.684583333333333
2021,8,10,9.25,7.932608695652173,9.826987916666667,8.687796666666666,10.5989325,7.738722083333333,8.915225,13.051719375,7.441666666666666,6.61625,12.516666666666666,6.815447916666667,7.332083333333333,10.016666666666667,5.9925,8.752083333333333,8.287916666666666,6.8794039583333335,8.607291666666667,9.182445,11.041666666666666,6.594725,8.975,6.416666666666667,7.607916666666667
2021,8,11,8.625,5.984090909090909,8.173868333333333,8.158520000000001,9.944427916666667,7.77124,7.063215416666666,11.598695625,7.4125000000000005,9.992916666666668,11.304166666666667,9.780298,9.16625,14.450000000000001,8.622916666666667,7.78,8.859166666666667,9.196885416666666,10.121041666666667,9.18855688888889,11.130434782608695,5.662485416666667,9.8375,7.208333333333333,9.015416666666667
2021,8,12,6.583333333333333,7.3568181818181815,8.944128749999999,9.84940043478261,13.658581666666668,9.26982375,11.663046666666666,12.985979791666667,9.927272727272728,6.95,12.245833333333332,5.580524666666666,8.142916666666666,13.775,8.922500000000001,9.8075,6.8066666666666675,8.889301041666666,10.869166666666667,12.443957291666665,10.166666666666666,6.58944375,10.191666666666666,8.25,14.004166666666668
2021,8,13,10.333333333333334,14.402083333333332,11.571031666666668,12.934899583333333,20.97339375,14.115305416666667,13.856705,20.447576538461536,14.808695652173913,10.89,13.5625,10.237100416666665,8.784583333333334,15.0,10.175833333333333,11.102083333333333,11.384166666666667,11.765121458333333,12.705833333333333,15.876208333333333,17.291666666666668,10.775186249999999,13.637500000000001,12.625,11.197916666666666
2021,8,14,14.125,10.668085106382978,11.881285416666666,15.160838333333333,22.108541666666667,15.66897625,11.068720416666666,21.025850000000002,17.820833333333333,15.103333333333333,17.329166666666666,12.811662499999999,15.807916666666666,18.404166666666665,13.367083333333333,15.565833333333332,15.532083333333333,8.017617708333333,18.5125,17.398518958333334,29.625,9.1069925,15.579166666666666,15.166666666666666,16.973333333333333
2021,8,15,10.5,8.685106382978724,8.689500833333334,12.14600625,13.93688875,15.922101666666668,8.934863333333334,22.244891666666664,15.708333333333334,10.835833333333333,17.025000000000002,8.592864166666667,10.035,16.858333333333334,9.237916666666667,17.43875,14.890416666666667,7.8427758333333335,12.686458333333334,14.648755,17.869565217391305,8.18411875,13.6,11.166666666666666,15.124583333333334
2021,8,16,10.208333333333334,9.893749999999999,10.246660416666666,8.920619583333334,11.5284525,8.771665833333333,11.629334583333334,15.315043055555556,9.891666666666667,9.827916666666667,24.179166666666664,11.9180475,11.677083333333334,18.066666666666666,9.214583333333334,13.03875,11.115,8.163477291666666,14.267708333333333,11.328086874999999,25.583333333333332,8.499008333333334,10.641666666666667,9.75,11.95125
2021,8,17,5.375,3.702083333333333,6.470047916666666,5.659942083333333,7.544662083333333,3.84701625,5.1262904166666665,7.869287916666667,4.058333333333334,7.310416666666666,12.270833333333334,7.995467916666667,7.105833333333333,9.416666666666666,5.634166666666666,7.07125,7.857916666666667,5.27001625,8.625,7.731763958333333,7.05,5.4473554166666664,7.629166666666666,5.708333333333333,7.2
2021,8,18,7.7894736842105265,5.047916666666667,7.676142916666667,4.7082991666666665,7.743273333333334,6.019398333333334,6.87776375,11.257969166666667,5.566666666666666,6.644583333333333,14.941666666666668,7.778792083333333,6.087083333333333,4.958333333333333,7.10125,8.23625,8.847083333333332,7.009727777777778,8.756041666666667,8.396558125,4.083333333333333,4.81423875,9.354166666666666,6.041666666666667,6.338333333333334
2021,8,19,7.0,5.15625,6.972816666666667,6.835059166666667,9.0305725,4.807034166666667,6.600817500000001,8.928743541666668,5.366666666666667,6.210833333333333,11.5875,6.66828,6.743333333333333,7.620833333333334,6.140833333333333,6.917916666666667,7.145416666666667,6.667675208333333,9.181458333333333,9.028700208333333,6.818181818181818,4.837702916666667,9.362499999999999,6.583333333333333,7.46
2021,8,20,9.5,7.04375,8.47006,7.701763333333333,10.875047916666666,6.845154999999999,9.005542083333333,11.778458958333333,7.966666666666666,8.765833333333333,13.299999999999999,9.751076666666666,9.34,10.825000000000001,10.432916666666666,8.516666666666667,8.14625,5.442038695652173,11.519166666666665,9.65566125,10.041666666666666,7.1022420833333335,9.404166666666667,10.0,9.96125
2021,8,21,5.541666666666667,5.002127659574468,7.50652125,9.89702125,11.447065416666668,10.1542375,9.886319583333334,16.258413125,10.195833333333333,12.320416666666667,15.354166666666666,7.072153750000001,10.054166666666667,12.116666666666667,9.391666666666667,10.045,8.459999999999999,7.208937916666667,11.761458333333332,12.846567083333333,9.166666666666666,7.171705,9.395833333333334,8.708333333333334,10.352083333333333
2021,8,22,7.583333333333333,7.695348837209302,7.6444141666666665,10.393987916666667,13.983458749999999,12.108404583333334,9.445728333333333,16.752530416666666,13.6625,9.518333333333333,11.716666666666667,7.34181,9.137916666666667,11.741666666666667,10.736666666666666,9.483333333333333,8.013333333333334,6.015702083333333,10.556041666666667,11.4116525,12.458333333333334,10.980789583333333,10.383333333333333,10.916666666666666,9.75375
2021,8,23,7.863636363636363,3.4416666666666664,5.21973125,5.805263750000001,15.141787916666667,11.1742325,5.430094583333333,11.521476041666666,10.258333333333333,9.104583333333332,15.033333333333333,4.239655,8.766666666666667,14.8375,11.636249999999999,8.275833333333333,8.509166666666667,4.069957234042553,10.083958333333333,9.093896041666666,12.458333333333334,6.424526666666666,9.987499999999999,8.458333333333334,10.285416666666666
2021,8,24,6.0,3.8020833333333335,6.518520416666667,6.127547083333333,7.251060416666667,8.407494999999999,7.128768333333333,7.798674375,5.866666666666667,4.369583333333334,5.558333333333334,5.340247916666667,4.712916666666667,2.2375000000000003,4.770833333333333,4.870833333333334,5.8308333333333335,4.511125957446809,6.4624999999999995,7.71804125,6.473684210526316,4.885682083333333,8.170833333333333,5.125,5.7925
2021,8,25,6.25,4.8255319148936175,7.3860116666666675,6.8353375000000005,9.434951666666667,8.2348525,7.487499583333334,13.634498958333333,7.5125,4.9504166666666665,10.8375,6.12013,5.733333333333333,9.975,5.444583333333333,9.324583333333333,7.152916666666666,5.851525416666667,8.832916666666668,8.8246725,6.4,6.0613649999999994,9.658333333333333,5.5,5.976666666666667
2021,8,26,11.375,5.015909090909091,5.497308749999999,4.1770137499999995,7.455260833333334,7.9642712499999995,6.069152083333333,12.951221250000001,6.841666666666666,6.50375,15.387500000000001,5.864557916666667,6.410416666666666,7.3,5.4125000000000005,13.272916666666667,15.96125,4.228685111111111,8.835625,7.913030833333333,6.818181818181818,2.8657425,11.566666666666668,5.125,6.8379166666666675
2021,8,27,6.583333333333333,7.2042553191489365,9.727593333333333,4.087788333333333,10.467527083333334,9.614794166666668,14.084078333333332,12.213677083333332,4.2875000000000005,11.06875,15.116666666666667,11.976525,12.187916666666666,5.5249999999999995,8.225416666666666,9.372083333333334,16.261666666666667,7.480201914893616,14.322083333333333,7.805495833333333,11.583333333333334,2.898600416666667,8.65,11.541666666666666,11.318333333333333
2021,8,28,7.0,8.735555555555557,16.013920833333334,8.363945833333334,23.645195833333332,8.266133333333334,20.057277083333332,11.452962083333333,6.0249999999999995,11.795833333333334,18.533333333333335,10.667835416666668,15.635,6.220833333333334,13.86875,12.246250000000002,9.87,7.843432083333333,15.25625,8.733573333333334,14.166666666666666,8.295762083333333,9.779166666666667,10.5,16.97875
2021,8,29,11.666666666666666,7.9787234042553195,10.0256975,12.982267083333333,16.330175,15.248160833333335,13.967791666666665,14.259853541666667,8.958333333333334,22.64125,22.816666666666666,13.320236666666666,19.104583333333334,6.8,16.9275,19.017916666666668,14.955,5.840422325581395,19.763125,10.966149999999999,20.041666666666668,5.270059583333333,9.804166666666667,18.708333333333332,17.939583333333335
2021,8,30,10.375,6.222916666666666,10.709534166666666,11.498602499999999,18.076475833333333,16.157654166666667,10.502255,11.955758333333334,14.520833333333334,17.839583333333334,13.216666666666667,7.107857083333333,20.164583333333333,2.720833333333333,12.613333333333335,16.697916666666668,12.430833333333332,8.610726041666666,20.396666666666665,10.680709791666667,15.5,3.2782199999999997,11.295833333333334,16.875,20.06125
2021,8,31,4.708333333333333,6.04375,11.984790416666668,7.025655416666666,8.527958333333332,5.419935416666667,11.812672916666665,6.681233124999999,6.4375,5.835416666666667,11.941666666666668,4.336381666666667,7.1312500000000005,3.908333333333333,3.517916666666667,9.292083333333332,9.270833333333334,10.037055,7.651041666666667,7.727488541666666,6.833333333333333,6.435599166666667,5.783333333333334,4.260869565217392,6.855416666666667
2021,9,1,3.782608695652174,5.0212765957446805,7.811660833333334,11.029637083333334,9.12884375,9.014559166666666,8.001364166666667,7.552352291666666,10.6875,3.85,7.916666666666667,5.21579875,4.243333333333333,8.137500000000001,15.05375,4.335416666666666,4.7225,7.169049574468086,5.900208333333333,10.005517291666667,8.583333333333334,6.893955833333333,8.241666666666667,5.375,5.4325
2021,9,2,5.125,5.854545454545455,7.1551237500000004,11.698569583333333,12.062137083333333,11.319913333333332,9.976650000000001,13.175576666666666,10.682608695652174,4.704583333333333,8.183333333333334,3.62739875,5.800416666666667,6.5249999999999995,9.023333333333333,6.51875,6.172083333333333,9.704302291666666,6.883125,12.304095208333335,8.565217391304348,8.0176325,10.549999999999999,5.5,8.157916666666667
2021,9,3,6.125,9.085365853658537,10.598234583333333,12.901642083333334,15.094504166666667,11.062363750000001,15.334333749999999,17.467185416666666,10.508333333333333,8.2325,11.012500000000001,5.988245,9.012500000000001,10.366666666666667,8.700000000000001,9.407083333333333,7.536666666666666,11.955543958333335,10.253541666666667,15.614947916666667,11.958333333333334,9.848275833333334,11.520833333333334,10.458333333333334,9.984166666666667
2021,9,4,4.666666666666667,7.497826086956521,7.924366249999999,18.836295833333335,11.612360416666666,17.401785416666666,17.004054583333332,19.831675416666666,15.308333333333332,4.687916666666667,8.916666666666666,4.646437916666667,5.072916666666667,12.033333333333333,4.925416666666666,9.699166666666667,10.028333333333334,14.2193725,5.349166666666666,17.631048333333332,7.6875,11.071440416666666,12.779166666666667,5.583333333333333,9.968333333333332
2021,9,5,7.5,3.5208333333333335,7.234503750000001,12.252535,8.2937675,4.358645,10.989137083333333,11.048251458333333,5.6125,5.63625,11.541666666666666,5.167555416666667,3.9625,6.803188333333334,2.89,10.245833333333334,11.096666666666666,6.223216666666667,5.435416666666666,8.014863541666667,5.944444444444445,5.787341666666666,8.733333333333333,3.8333333333333335,9.372608695652174
2021,9,6,14.125,6.333333333333333,9.179287083333334,11.151505,13.912496249999998,6.305812499999999,16.667075416666666,14.616760833333332,8.354166666666666,12.2875,12.2125,7.616819583333334,7.273333333333333,11.283333333333333,6.570833333333333,10.231666666666667,12.452916666666667,8.038568541666667,9.755416666666667,11.450598333333334,5.0,5.392863333333334,9.645833333333334,4.416666666666667,9.9
2021,9,7,12.875,11.737499999999999,11.249915416666667,19.198024999999998,21.2483875,14.001824166666665,23.43724958333333,17.193960638297874,15.2875,14.59375,22.537499999999998,8.699394166666666,12.500416666666666,14.75,12.275,13.205,14.193333333333333,16.051941063829787,15.345625,18.24005625,13.608695652173912,14.790644166666667,14.625,9.625,13.741666666666667
2021,9,8,17.0,21.54375,15.858604166666666,14.110359166666667,30.891741666666665,15.02725125,33.571395833333334,19.520352083333332,14.825000000000001,20.79375,30.837500000000002,12.105205416666665,20.576666666666664,11.858333333333334,19.79,21.508260869565216,23.610833333333332,19.967460833333334,23.494583333333335,19.841405625,23.875,15.0202125,14.947826086956523,18.75,30.791304347826088
2021,9,9,18.833333333333332,18.414583333333333,20.670929166666667,9.978795,19.34657125,14.964566249999999,31.587341666666664,21.214556041666665,12.845833333333333,20.601666666666667,27.65833333333333,17.03808666666667,19.286666666666665,11.725,18.491666666666667,15.369047619047619,21.74875,19.348116666666666,20.137916666666666,13.757864166666666,15.458333333333334,9.263285,15.004166666666668,17.5,18.160416666666666
2021,9,10,17.375,16.304166666666667,21.187995833333336,10.922522083333334,17.467625833333333,12.929985,29.930391666666665,21.165030625,10.983333333333334,14.262083333333335,24.008333333333336,18.18522695652174,13.442916666666667,14.625,13.76375,16.347391304347827,20.517916666666668,18.449408333333334,16.621666666666666,13.59411875,15.681818181818182,8.537760416666666,12.766666666666666,14.666666666666666,16.337083333333332
2021,9,11,16.333333333333332,15.887500000000001,22.654254166666664,17.00318125,19.191658333333333,15.588420416666667,25.374845833333335,22.723862916666665,14.4,19.074583333333333,30.008333333333336,11.586694583333333,18.212083333333336,13.366666666666667,17.915833333333335,18.878095238095238,22.9225,11.823871875,20.752291666666668,16.383702083333333,25.375,10.252281250000001,14.475,17.583333333333332,22.07041666666667
2021,9,12,15.083333333333334,7.9543478260869565,14.06098125,13.401090833333333,18.334229166666667,17.48983875,13.9103725,20.05801166666667,13.875,19.3975,23.366666666666664,10.9570625,20.752916666666668,13.158333333333333,16.312083333333334,16.67391304347826,19.72875,10.645895208333334,20.534375,13.110792291666668,27.166666666666668,7.530786666666667,13.270833333333334,16.75,18.735833333333332
2021,9,13,8.25,6.128260869565217,9.535428333333334,12.042722499999998,17.7821675,14.253515416666666,8.038065833333333,19.652952083333332,10.966666666666667,12.594999999999999,23.383333333333336,7.395180833333334,13.489583333333334,14.441666666666668,10.440416666666666,15.061666666666667,14.43,6.821881875,15.771041666666667,14.315983958333334,16.333333333333332,5.868619166666666,10.695833333333333,12.791666666666666,14.539166666666667
2021,9,14,5.833333333333333,3.6520833333333336,8.180899166666666,16.261670833333334,13.5390575,19.2496875,10.62195125,20.261866666666666,19.208333333333332,11.604999999999999,18.758333333333333,5.19177875,12.045416666666666,13.666666666666666,8.159166666666666,16.16,12.112916666666665,9.653105625,13.148,14.576126666666667,15.625,7.4747312500000005,11.825000000000001,12.25,17.36875
2021,9,15,8.666666666666666,13.899999999999999,12.604887083333333,16.24689375,24.988670833333334,19.946238333333334,16.470765833333335,29.464108333333332,20.0,18.315416666666668,23.5,11.98003,16.043333333333333,18.316666666666666,17.405833333333334,19.70958333333333,13.409166666666666,15.103298541666666,17.966874999999998,19.42398125,21.125,12.925049583333333,16.116666666666667,18.625,20.443749999999998
2021,9,16,12.875,14.843478260869567,20.239629166666667,15.532787083333332,16.426935833333335,19.560916666666667,19.634775,28.281114583333334,18.912499999999998,21.514166666666668,31.704166666666666,17.5325375,21.365,21.400000000000002,21.48708333333333,20.366666666666667,23.28125,8.068028125,24.658,14.607605208333332,30.291666666666668,6.65286875,14.954166666666666,18.458333333333332,20.590833333333332
2021,9,17,9.5,4.806666666666667,13.57638875,6.99141625,7.475026666666667,9.421354166666667,14.006400833333332,11.587170208333333,8.450000000000001,17.640416666666667,19.704166666666666,10.065979166666667,13.929166666666667,13.872727272727273,10.085416666666667,11.884583333333333,15.7275,3.9342747916666667,19.90458333333333,8.422570625,5.05,3.2045904166666666,7.983333333333333,9.083333333333334,12.025
2021,9,18,2.2083333333333335,2.3227272727272728,7.6842975,5.567430833333333,8.569613333333333,4.73483,10.359813749999999,7.4586041666666665,4.3374999999999995,4.879166666666666,5.620833333333334,5.474867499999999,6.10625,4.833333333333333,5.8379166666666675,4.512083333333334,3.455,5.448524583333334,8.372916666666667,7.073731250000001,4.125,3.6659349999999997,7.254166666666666,7.416666666666667,5.418333333333333
2021,9,19,4.083333333333333,4.042553191489362,7.47240875,8.92910625,9.05564375,9.99436625,10.971129166666666,11.572048333333333,9.112499999999999,4.924166666666667,4.445833333333334,5.199479583333333,5.07125,3.076470588235294,15.28875,5.72375,5.312916666666666,6.370810208333334,7.865416666666667,10.202653333333332,6.333333333333333,3.6190683333333333,9.733333333333333,7.083333333333333,5.972916666666666
2021,9,20,5.416666666666667,4.527272727272727,8.586269583333333,12.648337916666668,13.667954583333334,8.352600833333334,12.06331625,9.27012125,10.7125,5.27125,5.958333333333333,5.2340525,5.665416666666666,3.091666666666667,6.179166666666667,5.640833333333333,5.579166666666667,7.086972708333334,8.549999999999999,12.198839375,14.045454545454545,5.925319583333334,10.316666666666666,8.25,8.455416666666666
2021,9,21,7.75,11.08918918918919,9.042080416666666,12.053564166666666,17.62971875,16.41272,13.62831625,13.556428958333333,11.658333333333333,9.71875,12.629166666666668,4.952902916666667,9.53,11.995833333333332,7.889583333333333,9.898181818181818,8.923333333333334,7.833711041666667,12.6965,16.029434468085107,12.952380952380953,7.113485416666666,12.383333333333333,10.125,10.64090909090909
2021,9,22,9.208333333333334,7.745652173913044,10.767617083333333,10.0727025,13.352248333333334,12.058430833333333,13.578850833333334,11.017536666666667,9.216666666666667,9.711666666666666,11.420833333333334,6.1532012499999995,9.602083333333333,10.070833333333333,12.08625,10.638260869565217,7.647083333333334,8.256741063829788,10.282,10.278931041666667,10.833333333333334,6.029874166666667,11.658333333333333,10.708333333333334,12.65125
2021,9,23,13.083333333333334,11.279166666666667,14.881683333333333,10.998324583333334,11.327944583333334,13.386279166666666,16.455964583333333,16.370958124999998,12.308333333333332,14.244583333333333,18.6125,14.885874166666667,14.631666666666668,9.9,14.570833333333333,13.791818181818183,14.8675,14.267467708333333,17.270625,11.732205624999999,10.541666666666666,9.1674275,12.754545454545456,14.708333333333334,14.722499999999998
2021,9,24,4.375,6.195833333333333,7.932087916666667,7.207697916666667,7.447332083333333,5.618364583333334,7.424379583333334,9.345420416666666,5.0625,4.8062499999999995,9.320833333333333,3.6655054166666665,5.3933333333333335,4.495833333333334,5.749583333333334,6.747826086956521,8.149583333333334,7.502892916666667,7.646800000000001,8.600862083333334,6.8,4.20885,9.269565217391303,5.333333333333333,6.423913043478261
2021,9,25,8.625,9.23191489361702,9.311878333333334,11.003843333333334,12.219632083333332,13.493765416666667,9.600372916666666,15.664519166666667,10.716666666666667,10.589583333333334,15.833333333333334,6.259307916666667,11.885,7.954166666666667,11.425416666666665,10.555217391304348,13.058333333333332,12.998426041666667,12.310833333333333,12.816751875,4.6,6.875815833333333,11.629166666666668,13.291666666666666,11.44625
2021,9,26,8.833333333333334,12.883333333333333,12.369255833333334,11.942184782608695,15.553982083333333,19.40485375,13.813924166666666,21.878687499999998,20.3625,13.987916666666665,16.3125,6.736695416666667,11.863333333333335,13.404166666666667,17.11,13.258636363636363,13.444583333333334,11.883680208333333,11.774166666666666,14.18072375,,6.360206666666667,12.204166666666666,15.625,15.604999999999999
2021,9,27,7.416666666666667,9.795,9.228710833333333,20.2381875,15.085970833333334,18.338945833333334,11.38472625,20.556440625,22.8,6.697083333333334,10.991666666666667,6.398197916666667,5.437083333333334,10.333333333333334,7.297499999999999,6.995909090909091,6.22125,16.859808333333334,6.784166666666667,28.570343750000003,4.384615384615385,19.675527916666667,13.575000000000001,8.583333333333334,8.84875
2021,9,28,10.333333333333334,8.56875,11.318847916666668,17.73111666666667,14.835537500000001,13.24286375,10.849052916666666,14.450637708333332,17.16521739130435,9.392083333333334,13.283333333333333,8.2572375,6.077500000000001,10.225,7.59125,8.727391304347826,7.902916666666666,11.949387916666666,6.939583333333334,29.26996808510638,5.739130434782608,16.751549166666667,12.166666666666666,8.791666666666666,11.1775
2021,9,29,11.583333333333334,10.635416666666666,16.049791666666668,19.114585833333333,18.605236363636365,23.262158333333332,14.37389375,26.052166666666665,26.641666666666666,12.489583333333334,19.0,13.675445833333333,12.579583333333332,19.279166666666665,13.418333333333335,13.426521739130434,14.431666666666667,13.706699791666667,13.145000000000001,26.905797916666668,10.208333333333334,13.265944166666666,18.870833333333334,14.791666666666666,14.062916666666666
2021,9,30,13.5,10.774468085106383,14.551225416666666,8.369167083333332,15.354170833333333,14.279895833333335,22.850011666666664,22.33175208333333,11.208333333333334,17.80666666666667,21.854545454545455,14.079349166666667,18.740416666666665,15.950000000000001,14.480416666666665,26.521904761904764,22.3275,6.278427916666666,18.6025,11.226510208333332,19.434782608695652,3.6575129166666667,14.579166666666666,15.25,19.977083333333333
2021,10,1,9.666666666666666,11.06875,13.830231666666668,12.93366625,22.512089583333335,19.976683333333334,12.99128625,19.690545416666666,21.816666666666666,24.70041666666667,16.770833333333332,13.68357625,20.997916666666665,15.504166666666668,17.515416666666667,17.894166666666667,18.472083333333334,6.801039374999999,19.44085714285714,16.627589583333332,17.636363636363637,5.830842083333334,14.770833333333334,14.375,19.52375
2021,10,2,17.875,14.950000000000001,25.895208333333333,13.564640416666668,18.912391666666668,17.275654166666666,31.226983333333333,21.309350833333333,17.0625,19.1375,22.295833333333334,21.826645833333334,17.771666666666665,11.73913043478261,20.765416666666667,14.377391304347826,16.949166666666667,12.814616666666666,16.659583333333334,18.0061125,11.791666666666666,8.873287826086957,16.091666666666665,17.5,18.74083333333333
2021,10,3,15.416666666666666,15.097916666666668,22.559366666666666,17.044941666666666,15.170970833333334,14.2749125,21.6404,18.927602391304347,15.639130434782608,16.117083333333333,20.020833333333332,18.194679166666667,17.17125,15.891304347826088,19.695,15.149166666666666,16.91,16.01183125,16.337291666666665,16.994428125,12.25,11.909372916666667,15.287500000000001,17.875,20.55375
2021,10,4,11.5,20.85625,22.280630000000002,14.6143375,29.68143043478261,16.147429166666665,23.435741250000003,25.587229166666663,15.770833333333334,16.2,17.470833333333335,16.40438333333333,15.279166666666667,14.704545454545455,16.997083333333332,15.417083333333332,14.31875,11.069590416666665,15.219999999999999,18.883225,17.666666666666668,8.811144347826087,13.908333333333333,18.916666666666668,17.29608695652174
2021,10,5,13.75,23.839583333333334,18.000984166666665,13.639463749999999,33.0276,18.46623125,23.842959166666663,26.08158333333333,17.858333333333334,14.429166666666667,19.758333333333333,15.874147826086958,17.02375,16.347826086956523,19.976666666666667,15.8375,16.295833333333334,15.146575416666666,16.668958333333332,21.188545833333333,16.625,12.399761739130435,16.908333333333335,19.833333333333332,19.305
2021,10,6,13.291666666666666,14.1,21.662049999999997,9.877621666666666,14.17026304347826,16.925675000000002,22.986470833333332,19.715922916666667,17.42083333333333,12.99375,18.233333333333334,14.8836,14.642083333333334,15.370833333333332,20.230833333333333,14.679166666666667,12.623333333333333,9.427946875,14.759583333333333,10.876863541666665,14.916666666666666,6.655378333333334,15.541666666666666,16.833333333333332,18.951249999999998
2021,10,7,13.125,14.929166666666667,23.266087499999998,18.480134583333335,30.876475,22.694779166666667,30.523687499999998,23.78793333333333,17.275000000000002,14.89625,21.145833333333332,15.315986956521739,13.930833333333332,22.554166666666664,17.712083333333332,16.29041666666667,14.76375,15.912495208333333,14.725416666666668,23.942404375,13.75,12.92725875,18.066666666666666,17.041666666666668,21.905
2021,10,8,16.125,18.945833333333333,25.75895416666667,32.325587500000005,27.267233333333333,20.011245833333334,42.33369166666667,21.5588625,22.504166666666666,20.259583333333335,27.058333333333334,17.593183333333332,13.675833333333335,29.412499999999998,18.188333333333333,16.892500000000002,13.971666666666666,21.991247916666666,14.473958333333334,22.716033333333332,14.75,19.327313333333333,16.958333333333332,16.0,30.633750000000003
2021,10,9,25.375,22.599999999999998,24.265955416666667,28.100566666666666,29.14016666666667,17.036640000000002,46.6302325,20.627529166666665,19.233333333333334,25.181250000000002,34.34166666666667,19.821712916666666,20.24625,40.61666666666667,21.013749999999998,23.557083333333335,37.14083333333333,21.451690833333334,19.09541666666667,19.59771041666667,25.625,15.335205416666668,16.695833333333333,17.833333333333332,45.525
2021,10,10,28.458333333333332,30.302083333333332,26.8088625,34.4797625,38.924420833333336,24.9698125,56.31030416666667,29.651945833333333,28.804166666666664,35.74125,39.291666666666664,37.31296291666667,21.114166666666666,34.9,22.18166666666667,32.60708333333333,35.053333333333335,23.97935625,22.7734375,27.187710416666665,29.666666666666668,19.586989583333335,20.2625,18.833333333333332,54.34916666666667
2021,10,11,19.541666666666668,29.96666666666667,22.659654166666666,32.95795416666667,36.19969583333333,45.66773333333333,33.46102041666666,47.27006041666667,32.71666666666667,31.754166666666666,38.333333333333336,21.915000000000003,31.99625,36.354166666666664,26.9675,52.379999999999995,38.322916666666664,14.295171666666667,29.1935,34.58230416666667,33.791666666666664,17.305902083333333,21.579166666666666,23.541666666666668,34.10166666666667
2021,10,12,29.291666666666668,7.879166666666666,6.241850833333333,9.175605833333334,13.19790375,14.058452916666667,9.472353333333333,28.01531208333333,11.629166666666668,18.012083333333333,33.545833333333334,10.541538749999999,21.072083333333335,29.90833333333333,13.119583333333333,19.241666666666667,33.834583333333335,5.131277083333333,19.197083333333335,11.964569375000002,16.52173913043478,4.023715652173913,11.75,16.458333333333332,18.455000000000002
2021,10,13,16.333333333333332,10.263829787234043,7.687468333333334,9.902510416666667,16.030950416666666,19.006584583333332,17.619018333333333,16.279065624999998,11.6,14.317916666666667,20.366666666666667,7.286849583333333,17.72,19.595833333333335,10.843333333333334,16.055833333333332,17.246666666666666,6.936436,17.148709677419355,9.642314166666667,22.045454545454547,6.17343,14.2125,13.375,14.737499999999999
2021,10,14,10.458333333333334,11.491666666666667,8.445287500000001,12.87355625,17.362704166666667,16.159537916666668,14.279636666666667,21.231373333333334,14.987499999999999,12.960416666666667,22.349999999999998,9.946283750000001,15.058333333333332,20.475,18.35875,13.590833333333334,11.717916666666667,6.156157916666667,15.446666666666667,13.363821875,17.958333333333332,8.096230416666666,15.950000000000001,16.958333333333332,14.16125
2021,10,15,15.541666666666666,6.648936170212766,9.201291249999999,8.661256666666667,10.9631475,10.296142916666666,11.394034583333335,11.03148,12.770833333333334,11.102083333333333,17.066666666666666,10.955036666666667,12.320416666666667,19.075,13.197083333333333,11.883333333333333,12.485833333333334,10.876290833333334,12.241458333333334,9.728746041666666,9.478260869565217,5.964311250000001,13.5375,10.916666666666666,12.198749999999999
2021,10,16,9.416666666666666,4.840425531914893,7.431227916666667,16.773770833333334,16.708832083333334,14.122887916666668,11.275814583333334,14.65205375,13.299999999999999,8.693333333333333,18.983333333333334,6.43045,13.037916666666668,17.316666666666666,9.047083333333333,12.910416666666668,12.694583333333334,7.599080416666666,12.924791666666666,13.671038541666666,14.166666666666666,6.770797083333334,11.904166666666667,12.666666666666666,10.784583333333332
2021,10,17,12.541666666666666,6.354166666666667,7.501515,22.598457916666664,21.261033333333334,25.426950833333333,10.354674583333333,24.613928333333334,28.065217391304348,13.542916666666665,18.825,7.32224,19.503333333333334,20.3,15.153333333333334,14.895416666666668,14.325833333333334,8.853037291666666,18.074166666666667,18.631998125,23.333333333333332,8.613549583333333,20.720833333333335,18.666666666666668,22.63083333333333
2021,10,18,18.5,9.24375,8.658,20.165298333333332,19.555333333333333,28.567295833333333,15.345822083333333,35.11516458333333,24.28,16.846521739130434,25.337500000000002,8.782962916666667,16.380416666666665,19.974999999999998,13.943333333333333,15.81,19.304166666666667,14.462943125,16.164166666666667,18.021609375,19.291666666666668,8.167865,18.975,20.625,15.840416666666668
2021,10,19,17.875,14.045833333333334,21.216666666666665,20.58361125,17.412555833333332,15.513225416666666,19.15031,19.404822499999998,13.866666666666667,,29.229166666666668,19.064062083333333,16.41125,12.366666666666667,19.929166666666667,18.528095238095236,23.400000000000002,13.831683541666665,15.476666666666667,17.711436041666666,16.75,10.830151666666666,18.07391304347826,18.666666666666668,18.296666666666667
2021,10,20,17.083333333333332,8.389130434782608,12.864592916666666,8.339757916666667,11.93977375,8.988534166666666,13.75892125,16.070976875,11.679166666666667,,15.245833333333332,13.454794999999999,10.705833333333333,8.516666666666667,11.979999999999999,10.799130434782608,12.307916666666666,8.915952708333334,11.683750000000002,11.292736041666666,8.5,4.701840833333333,12.633333333333333,10.708333333333334,11.19
2021,10,21,13.041666666666666,5.624444444444444,6.684348421052631,6.2413675,19.7123725,10.963902916666667,7.563811666666666,15.137359583333334,11.766666666666666,,18.712500000000002,7.867656666666666,12.182083333333333,8.330434782608695,9.84,10.82181818181818,11.631041666666667,5.136551458333334,13.174791666666666,10.532321041666666,8.916666666666666,4.080876666666667,12.791666666666666,12.375,14.393749999999999
2021,10,22,3.9166666666666665,3.233333333333333,4.473676666666667,4.9130674999999995,6.52482125,3.4900983333333335,6.86430125,7.353078125,3.466666666666667,,6.3875,3.650915416666667,3.37625,13.465217391304348,3.1775,3.1908695652173913,5.3,5.540535416666667,4.55875,7.284057708333333,6.4,4.269047916666667,7.483333333333333,3.625,3.13
2021,10,23,6.083333333333333,5.279166666666667,6.648048333333333,10.471680000000001,8.47900625,9.4721625,13.8924425,9.63343375,4.8999999999999995,,8.775,2.4919854166666666,6.135416666666667,5.641666666666667,4.027083333333334,6.149523809523809,8.23,8.156245833333333,5.748125000000001,9.703436666666667,8.391304347826088,5.606626666666667,9.0875,5.458333333333333,7.063333333333333
2021,10,24,7.6,10.977083333333333,13.893970833333332,31.95092708333333,18.80200041666667,18.381642083333332,31.25215,20.945139791666666,,,30.254166666666666,9.629764166666666,20.432083333333335,14.554166666666667,21.218333333333334,26.759583333333335,17.419999999999998,10.909275208333334,18.489583333333332,15.79410625,25.333333333333332,9.24099125,15.2125,14.333333333333334,26.96666666666667
2021,10,25,12.428571428571429,20.347916666666666,24.4860375,31.704645416666665,19.542216666666665,19.576122083333335,39.54626666666667,30.932374999999997,12.441176470588236,,33.2125,17.509079166666666,21.54625,24.058333333333334,23.070833333333336,21.87047619047619,26.25,15.360933333333334,20.513125,14.260869166666666,14.833333333333334,11.776527916666666,15.295833333333334,19.0,26.491249999999997
2021,10,26,24.083333333333332,21.6375,22.4602375,30.266941666666668,20.096104166666667,26.981329166666665,34.36824583333333,44.99826875,23.245833333333334,,28.037499999999998,22.607333333333333,21.815416666666668,26.504166666666666,19.30666666666667,23.50375,25.334999999999997,17.405755833333334,23.499166666666667,22.149997916666667,23.875,11.3906525,19.8,19.291666666666668,21.87708333333333
2021,10,27,21.0,15.116666666666667,15.5169225,31.69425,15.928430416666666,29.636883333333333,18.638892916666666,37.096956875,35.5875,,31.587500000000002,19.167979166666665,19.92125,30.758333333333336,19.195,22.976086956521737,21.905,9.219134166666667,19.00125,24.282878333333333,17.791666666666668,6.931779166666666,26.28333333333333,20.375,21.467083333333335
2021,10,28,14.083333333333334,15.135416666666666,17.784324583333333,29.30828375,27.6991,33.538491666666665,20.989847916666665,40.61503125,31.895833333333332,,55.71666666666667,15.014663333333333,22.266666666666666,36.81304347826087,20.08791666666667,32.62318181818182,23.855,14.689708333333334,21.122291666666666,34.64821555555555,22.347826086956523,16.635349166666668,24.695833333333336,23.833333333333332,35.535833333333336
2021,10,29,19.375,29.21666666666667,35.99717916666666,18.8012375,27.728154166666666,40.869300833333334,47.7665375,51.960904166666666,30.870833333333334,,39.329166666666666,31.816037499999997,36.68416666666666,42.775,40.73166666666667,33.61625,30.36,30.67713541666667,35.77770833333333,24.926345454545455,21.458333333333332,22.289920833333337,26.245833333333334,33.125,37.404583333333335
2021,10,30,28.652173913043477,28.345652173913045,36.325429166666666,21.889349999999997,20.8983375,20.476697916666666,39.404916666666665,35.6284,25.070833333333336,,36.743478260869566,26.082875,27.36826086956522,44.11666666666667,29.253478260869567,21.351739130434783,37.002391304347825,29.76923125,29.17739130434783,21.671566666666667,16.26086956521739,22.03025,18.541666666666668,21.695652173913043,26.882608695652173
2021,10,31,27.869565217391305,20.84130434782609,27.765470833333335,19.807158333333334,19.489016666666668,17.547227083333333,35.2512875,26.30107083333333,19.391666666666666,,29.669565217391302,23.51975416666667,23.24217391304348,31.099999999999998,23.762173913043476,25.743913043478262,26.040652173913042,24.87222291666667,21.733999999999998,20.13005,16.608695652173914,19.688591666666667,15.333333333333334,18.91304347826087,28.312173913043477
2021,11,1,21.208333333333332,23.337500000000002,29.61135416666667,26.7440625,21.580083333333334,22.91251541666667,21.69305833333333,30.360408333333336,22.787499999999998,,27.821739130434782,22.52467083333333,25.106086956521736,39.24583333333333,25.289565217391303,29.712666666666667,24.39,24.308458333333334,24.122127659574467,21.9120125,19.875,17.03113875,19.825,20.166666666666668,29.043478260869566
2021,11,2,31.583333333333332,24.097916666666666,35.241508333333336,14.414505833333331,27.873638333333332,25.3545625,23.692833333333336,33.92236041666667,21.416666666666668,,50.199999999999996,31.162345833333333,32.93083333333333,44.26666666666667,32.2675,34.55083333333334,39.089999999999996,9.257551041666668,33.70291666666667,20.04815914893617,24.791666666666668,9.010691666666666,25.212500000000002,28.083333333333332,38.125416666666666
2021,11,3,20.625,14.956249999999999,18.128975,15.013712916666668,18.758067916666665,10.042794166666667,11.49414375,14.416719791666667,10.9,37.66777777777778,27.116666666666664,16.351466666666667,21.195833333333333,17.320833333333333,18.485,14.892083333333332,27.51,19.023224791666667,19.169583333333332,17.297071041666666,14.916666666666666,11.914135,14.752173913043478,15.125,29.05
2021,11,4,17.5,13.559574468085106,21.189979583333333,5.882083333333333,12.384474583333335,8.702884166666667,16.933355833333334,13.805965208333333,8.291666666666666,11.688333333333333,18.816666666666666,17.708595833333334,8.550833333333333,10.725,10.065,7.37875,20.51,21.977173333333337,9.163958333333333,12.105140208333333,5.833333333333333,9.73101625,11.333333333333334,8.25,9.949583333333333
2021,11,5,8.25,4.508333333333334,5.979362083333334,5.802349166666667,7.488276249999999,8.655666250000001,4.089495833333333,9.615511875000001,9.200000000000001,7.096666666666667,10.125,3.6017345833333336,6.070416666666667,17.7375,5.63625,5.77875,7.175,7.212128541666666,6.927499999999999,9.115438333333334,8.478260869565217,5.426409583333334,8.549999999999999,7.375,6.369583333333334
2021,11,6,11.75,5.095833333333333,6.331201666666666,20.33581625,13.006829166666668,16.317869583333334,5.083131666666667,19.761581458333335,15.983333333333334,14.072916666666666,13.6,8.047595416666667,11.770000000000001,23.416666666666668,11.481250000000001,9.934166666666666,11.765,7.6632875,11.325833333333334,12.562444999999999,10.5,6.1948875,14.0625,11.541666666666666,10.706249999999999
2021,11,7,14.166666666666666,5.727083333333333,8.259279583333333,13.215967083333332,14.68063625,12.904136666666666,6.897835416666666,31.717876666666665,17.016666666666666,14.535416666666668,21.724999999999998,10.851245416666666,12.715833333333334,17.283333333333335,10.984583333333333,14.129166666666668,12.909999999999998,7.448869166666667,12.9475,14.264234583333334,10.19047619047619,5.299894583333333,14.512500000000001,13.291666666666666,14.249166666666667
2021,11,8,9.625,5.09375,7.511672083333333,5.291261666666666,9.616980416666665,13.810341666666666,10.579011666666666,13.6926725,12.799999999999999,10.417916666666667,15.049999999999999,5.288386666666667,8.813333333333334,10.483333333333333,7.9312499999999995,10.817083333333334,12.39,7.945792708333333,8.541875,10.58124875,16.0,3.8672014285714282,10.617391304347825,12.0,8.865833333333333
2021,11,9,10.375,14.670833333333334,12.386069583333333,19.81265375,15.057949166666667,21.390041666666665,18.12350916666667,24.3622625,14.766666666666666,18.445416666666667,29.650000000000002,12.1342375,16.267916666666668,24.241666666666664,15.67875,21.097916666666666,15.375,11.874330208333333,15.073333333333332,18.569552708333333,14.833333333333334,14.639794615384615,13.270833333333334,14.166666666666666,24.295416666666668
2021,11,10,18.916666666666668,38.331250000000004,26.812408333333334,39.23716708333333,45.495754166666664,24.52766625,27.167995833333332,40.368218750000004,23.991666666666664,33.306666666666665,37.63333333333333,26.838250000000002,31.17,20.795833333333334,29.587500000000002,29.45173913043478,30.584999999999997,19.598320833333332,30.13854166666667,29.72242770833333,14.375,26.510091666666668,15.270833333333334,20.833333333333332,29.914166666666663
2021,11,11,38.333333333333336,34.355555555555554,18.712034166666665,61.64010833333333,63.9273375,26.14055,18.94136166666667,63.58991458333333,20.7375,40.54125,28.416666666666668,31.201437499999997,38.964999999999996,30.195833333333336,36.57,36.11217391304348,35.265,19.194103125,35.265208333333334,40.64370625,36.125,25.274929166666666,17.837500000000002,30.125,36.51541666666667
2021,11,12,27.583333333333332,20.525000000000002,20.931755833333334,50.65680416666667,46.166025,34.84223333333333,29.158489583333335,45.77571875,38.75416666666667,41.229166666666664,46.00416666666666,19.901880000000002,37.02,33.125,32.6225,35.809583333333336,42.75,16.488629166666666,39.40083333333333,41.74056458333333,23.541666666666668,26.4286875,28.8125,25.458333333333332,39.9075
2021,11,13,17.125,28.022916666666664,29.9450875,64.60889166666666,58.0601125,40.042025,23.734954166666668,45.538787500000005,30.425,35.93458333333333,42.5625,21.886583333333334,34.20583333333334,52.88333333333333,31.551666666666666,46.18782608695652,32.69,35.69896458333333,32.971041666666665,49.51664791666667,25.916666666666668,32.34914583333333,28.458333333333332,25.125,44.82
2021,11,14,28.791666666666668,28.479166666666668,24.667037500000003,45.66365833333333,57.864420833333334,37.56699583333333,30.228133333333332,44.38210833333333,23.745833333333334,49.79833333333334,45.479166666666664,22.566599999999998,41.995,62.09166666666667,36.99125,29.46625,51.78,42.24811458333333,46.478541666666665,57.74577291666666,25.625,41.338699999999996,24.579166666666666,26.125,44.52166666666667
2021,11,15,18.916666666666668,19.46875,21.483079166666666,49.80104166666666,48.21268333333333,31.008141666666663,17.666195833333333,41.22933125,34.47083333333333,25.88291666666667,38.112500000000004,18.360179166666665,23.846249999999998,47.49166666666667,25.983333333333334,33.970416666666665,21.14,24.041812500000002,24.427083333333332,45.482447916666665,21.458333333333332,35.2169125,29.729166666666668,25.666666666666668,36.37166666666666
2021,11,16,31.916666666666668,34.110416666666666,28.30549166666667,43.01122083333333,62.22618333333333,32.266487500000004,24.139983333333333,37.05441875,33.80416666666667,40.69708333333333,55.637499999999996,25.3586375,34.43125,40.05416666666667,35.19541666666667,56.26739130434783,39.01,36.345425,35.978541666666665,48.19685208333333,29.125,33.2504125,30.72083333333333,31.291666666666668,48.51958333333334
2021,11,17,33.416666666666664,32.09791666666667,28.634025833333336,42.009681666666665,58.768325,33.01747916666667,22.96431,36.10545416666667,33.75833333333333,42.255833333333335,39.0625,33.41565416666666,38.522083333333335,35.3375,32.642916666666665,38.09478260869565,38.92,19.240727708333335,37.34945945945946,38.240029166666666,30.166666666666668,15.903604166666668,27.204166666666666,28.375,31.114583333333332
2021,11,18,19.041666666666668,9.676595744680851,6.5340925,8.850139583333332,15.558979166666667,21.315920833333333,4.699682083333333,19.473970833333333,16.233333333333334,18.975833333333334,25.695833333333336,10.831769583333333,16.450833333333332,19.633333333333333,14.450833333333334,16.976086956521737,22.060000000000002,10.949879166666667,15.888499999999999,12.404338333333333,12.875,9.877615833333333,14.666666666666666,15.666666666666666,14.295416666666666
2021,11,19,5.416666666666667,4.914583333333334,4.7738120833333335,4.8177537500000005,10.57971625,15.172154166666667,1.96214375,13.462839166666667,11.808333333333332,7.7941666666666665,10.383333333333335,2.70575,10.157,6.0874999999999995,5.577916666666667,7.717826086956522,6.535,6.987041041666667,7.938125,9.05860125,7.130434782608695,7.036168181818183,7.345833333333334,8.583333333333334,7.3620833333333335
2021,11,20,6.791666666666667,4.395833333333333,7.886469583333334,11.215843333333334,10.073813750000001,15.971731666666665,4.48488125,15.106684166666668,13.2875,5.756666666666667,9.820833333333333,4.9501670833333336,6.05875,7.4125000000000005,4.933333333333334,6.55875,7.760000000000001,7.680990208333333,6.5879166666666675,10.248422083333333,6.478260869565218,7.60508625,9.816666666666666,6.916666666666667,5.607916666666667
2021,11,21,8.708333333333334,9.264583333333333,7.036513333333333,36.53370833333333,19.138933333333334,18.514745833333333,7.255080416666666,17.332377291666667,19.520833333333332,19.615416666666665,18.020833333333332,4.807511666666667,15.661666666666667,10.341666666666667,13.948749999999999,12.63375,13.5,8.685023124999999,15.177083333333334,18.505591666666668,16.52173913043478,12.254287499999998,16.662499999999998,15.083333333333334,15.587916666666667
2021,11,22,14.333333333333334,10.716666666666667,8.473088333333333,10.54951,16.3096125,21.876920833333333,11.016575833333334,23.878000208333333,16.8625,25.335416666666664,21.6375,11.064300000000001,20.493333333333336,14.950000000000001,14.656666666666666,21.468333333333334,21.905,8.193502291666666,15.653958333333334,15.188333541666665,20.291666666666668,5.601158333333333,16.620833333333334,15.166666666666666,20.173333333333332
2021,11,23,15.0,10.02,11.597415,12.684616666666665,16.260975833333333,12.54820125,12.945389999999998,14.166796666666668,10.433333333333334,23.96291666666667,21.0,10.63398,18.563333333333333,11.970833333333333,15.158333333333333,18.47875,14.76,9.97143125,18.254375,12.492868541666667,15.318181818181818,11.721359583333333,12.670833333333334,15.125,16.651666666666667
2021,11,24,19.041666666666668,6.463829787234043,7.835004166666667,14.478771666666667,19.587883333333334,25.6757875,5.776578333333333,17.944001875,18.458333333333332,20.68375,20.033333333333335,13.2407625,21.229583333333334,22.520833333333332,15.732083333333334,16.493750000000002,18.155,7.1659154166666665,17.955208333333335,15.435628541666667,20.5,12.558236666666666,16.9875,17.041666666666668,22.135416666666668
2021,11,25,25.291666666666668,12.877083333333333,15.855927916666666,39.4634875,30.128529166666667,38.161991666666665,15.476864166666667,50.43337608695652,33.175000000000004,27.91333333333333,28.979166666666668,21.469273913043477,25.60166666666667,25.295833333333334,24.207083333333333,30.58125,29.155,20.583985416666668,27.224375,31.81577916666667,23.375,19.2460125,24.370833333333334,26.791666666666668,28.364166666666666
2021,11,26,29.625,17.91904761904762,19.516857083333335,41.4644625,41.468045833333335,38.027520833333334,25.29501375,54.51391458333333,38.85,31.297083333333333,39.766666666666666,26.436761904761905,27.194999999999997,37.57083333333333,26.94458333333333,36.04833333333333,29.985,14.474096382978722,28.551041666666666,32.37211875,25.25,16.337900833333332,28.724999999999998,26.833333333333332,34.78875
2021,11,27,14.625,23.438297872340424,30.099991666666668,30.326204166666667,34.23486666666667,25.56499583333333,39.67469583333334,24.809852083333336,23.954166666666666,21.482083333333335,29.7625,15.84078375,19.811666666666667,28.329166666666666,21.672083333333333,27.399130434782606,18.95,31.348447916666668,17.145208333333333,31.22006041666667,24.75,23.166825,22.03333333333333,19.416666666666668,28.779583333333335
2021,11,28,26.333333333333332,29.291666666666668,28.4262375,26.4419875,43.635400000000004,36.0344125,27.945004166666667,43.86533541666666,31.2625,47.89083333333334,40.420833333333334,20.392487499999998,37.830416666666665,55.762499999999996,31.09875,41.1505,31.58,22.376043749999997,35.39395833333334,34.17799791666666,22.08695652173913,16.235354166666667,24.870833333333334,28.208333333333332,52.710869565217386
2021,11,29,8.041666666666666,13.053191489361701,12.870005416666666,16.67430125,16.695508333333333,19.036166666666666,18.832997777777777,23.343046428571427,18.520833333333332,15.282916666666667,18.843478260869563,5.70467,16.233333333333334,14.299999999999999,13.415416666666667,19.21260869565217,9.075000000000001,15.17329489361702,13.119166666666667,17.884754166666667,17.291666666666668,14.694007916666665,17.504166666666666,16.125,19.097272727272728
2021,11,30,11.125,6.5,12.69609,6.830104583333333,10.66452625,10.913872916666667,12.254817,13.111352083333335,9.820833333333333,13.205416666666666,13.075000000000001,11.165291250000001,10.65,6.554166666666667,9.057083333333333,11.477727272727272,9.639999999999999,7.8099381249999995,8.969791666666667,9.535968333333333,11.833333333333334,6.2047025,10.9125,10.583333333333334,10.60125
2021,12,1,15.708333333333334,8.814583333333333,14.262808333333332,6.131424583333334,10.600914583333333,6.23779,11.2357425,11.51083205882353,6.795833333333333,17.877083333333335,19.195833333333333,11.972999166666668,14.171666666666667,5.908333333333334,15.292499999999999,14.6925,14.51,5.747892608695651,13.364583333333334,9.138716666666667,13.272727272727273,4.388715,11.725,12.375,15.315
2021,12,2,9.1,4.455263157894737,5.489075416666666,6.041896666666666,7.485668333333333,10.807840833333332,2.5413799999999998,9.218419791666667,7.3625,5.545000000000001,8.566666666666666,4.771649166666667,4.154583333333334,11.475,2.6354166666666665,7.7820833333333335,8.005,5.9762047916666665,4.799375,9.000971875,11.166666666666666,5.01620375,9.745833333333334,5.291666666666667,3.6620833333333334
2021,12,3,8.625,4.908333333333333,8.695293333333334,12.966774583333333,12.557552083333334,10.5776475,7.636669583333333,14.740176458333332,11.237499999999999,11.638333333333334,13.016666666666666,7.841010416666666,9.494583333333333,12.083333333333334,8.84125,10.2925,10.785000000000002,9.81428125,9.431458333333333,14.14950125,15.041666666666666,6.279568333333334,14.066666666666668,11.125,10.568333333333333
2021,12,4,16.541666666666668,13.02127659574468,15.410383333333334,11.165362083333333,23.026220833333337,14.444419583333334,14.342857083333334,20.9591375,13.5375,29.13875,26.6125,18.8729875,21.25375,31.45,18.737916666666667,26.461249999999996,24.875,16.287740208333332,20.267708333333335,21.592062708333334,22.583333333333332,11.13425125,15.395833333333334,16.375,29.412916666666664
2021,12,5,21.375,27.19787234042553,23.3996875,14.754280833333333,41.43397916666667,28.757558333333332,29.3670875,27.281907708333335,30.870833333333334,45.77291666666667,35.949999999999996,27.4004125,31.532916666666665,40.375,34.1725,40.51333333333333,30.045,29.13426875,30.981041666666666,25.698337499999997,24.875,31.180037499999997,23.825,32.333333333333336,44.75791666666667
2021,12,6,26.0,15.685416666666667,8.673562916666667,22.920608333333334,33.506991666666664,34.059487499999996,13.851817500000001,46.68326041666666,29.329166666666666,27.262916666666666,46.62083333333334,13.820970833333334,23.07041666666667,46.98333333333333,21.63875,40.12583333333333,30.355,17.971713958333336,23.874583333333334,34.48187234042553,16.458333333333332,23.25390416666667,23.412499999999998,24.958333333333332,29.974166666666665
2021,12,7,17.916666666666668,14.402083333333332,21.63132416666667,44.29810833333334,29.858116666666664,33.545458333333336,24.1255925,29.801045833333333,34.016666666666666,26.272499999999997,32.925000000000004,15.696505,18.52208333333333,23.520833333333332,23.968333333333334,25.23,22.145,20.765358333333335,17.872291666666666,35.32458333333333,14.666666666666666,24.976420833333332,24.599999999999998,21.041666666666668,28.780416666666667
2021,12,8,13.75,21.31276595744681,26.260908333333333,32.430515416666665,25.615708333333334,25.440516666666667,19.442720833333333,28.075164583333333,31.666666666666668,26.765,24.97083333333333,19.0621,21.93166666666667,21.7,24.68541666666667,28.76875,13.49,29.99022,19.98604166666667,33.28735833333334,15.75,24.9201,20.016666666666666,22.458333333333332,31.140833333333333
2021,12,9,14.0,23.944680851063833,21.506320833333334,34.54589166666667,43.02917083333333,38.091595833333336,22.757783333333332,34.063264583333336,41.479166666666664,22.43625,28.266666666666666,17.651020833333334,18.636666666666667,28.991666666666664,22.439999999999998,29.309166666666666,20.435,41.93179166666666,18.021874999999998,42.48121666666667,18.625,36.14274583333333,24.47083333333333,25.0,36.699999999999996
2021,12,10,12.208333333333334,34.979166666666664,27.79897916666667,37.884897083333335,58.58188333333334,41.581383333333335,23.63597916666667,62.3642125,41.59166666666667,38.942083333333336,37.324999999999996,17.9721375,27.342083333333335,47.020833333333336,28.612499999999997,40.40708333333333,23.61,50.029516666666666,27.72854166666667,52.4245875,24.869565217391305,39.74282916666667,28.8125,31.708333333333332,42.096666666666664
2021,12,11,25.708333333333332,54.23333333333333,39.55628333333333,75.92140416666666,103.37018333333333,51.28411666666667,27.867225,56.76190416666666,60.06666666666666,48.77375,58.2125,25.311945833333336,47.115,38.6,43.9675,58.62166666666667,53.75,27.463885416666667,46.876875000000005,47.42819583333333,64.54166666666667,31.012262500000002,36.06666666666667,55.5,65.76041666666667
2021,12,12,26.125,34.43125,40.83864583333334,66.58055,64.4634375,65.0896625,29.827425,47.680862499999996,54.35,51.28958333333333,41.68333333333333,29.423662500000002,53.637499999999996,30.59166666666667,49.975833333333334,54.84833333333333,36.295,24.879802083333335,56.7725,61.91483333333334,53.833333333333336,20.5642875,44.09583333333333,47.875,65.2275
2021,12,13,24.666666666666668,45.41041666666666,36.29420416666667,103.77316666666667,129.2243125,107.48489583333333,34.998925,87.48320833333332,99.12916666666666,43.01416666666666,32.35,28.757808333333333,33.755833333333335,22.025000000000002,35.5775,36.14875,29.930000000000003,18.026000416666665,42.593333333333334,51.34666875,63.958333333333336,11.257423750000001,59.07916666666667,48.458333333333336,39.128750000000004
2021,12,14,24.708333333333332,30.951063829787234,20.42417125,79.61397083333334,66.60440833333332,87.22790416666668,21.730695,101.38712916666667,65.0625,47.56,31.175,27.737033333333333,38.455,21.075,58.47416666666667,43.165,34.18,17.50600520833333,38.85916666666667,42.24177291666667,53.0,12.731019583333334,59.645833333333336,69.58333333333333,53.913333333333334
2021,12,15,23.625,14.379166666666668,12.921967083333334,39.989887083333336,27.722066666666667,53.7340625,11.3946025,63.065614583333335,55.9625,35.652499999999996,40.65,15.29876,31.38875,37.65,25.498333333333335,34.3575,34.67,17.510739583333333,31.79125,19.629708333333333,28.272727272727273,11.7815125,24.558333333333334,30.5,37.192083333333336
2021,12,16,11.916666666666666,8.71304347826087,9.452772083333334,9.256519166666667,14.145670833333334,27.649845833333334,5.297668750000001,28.879166041666668,22.212500000000002,16.388333333333332,21.183333333333334,9.755330833333334,16.834166666666665,25.920833333333334,13.146666666666667,17.8025,15.895000000000001,11.370409130434782,15.50875,13.309455,11.166666666666666,9.088806666666667,14.387500000000001,15.75,16.075833333333332
2021,12,17,4.916666666666667,12.879166666666668,8.155510833333333,12.387814166666667,14.1029325,13.82667875,7.2849804166666665,11.578645625,10.754166666666668,8.220416666666667,11.9,3.8527908333333336,10.502916666666666,8.570833333333333,8.700000000000001,12.270833333333334,8.595,9.656646041666667,8.639999999999999,10.436345625,10.958333333333334,6.700274583333333,12.575000000000001,8.166666666666666,12.081666666666665
2021,12,18,8.958333333333334,11.372916666666667,8.403055833333333,8.674050833333334,15.416153333333334,18.21173625,3.8512387500000003,19.413849791666667,16.616666666666667,18.2275,13.674999999999999,8.2499175,15.2725,10.549999999999999,14.28625,17.287916666666664,11.695,9.0998625,14.210625,11.140422708333332,16.80952380952381,5.405201666666667,12.8375,15.25,17.006666666666668
2021,12,19,6.625,6.225581395348837,5.923783333333333,5.212429583333333,8.842222916666666,8.710101666666667,4.4149287500000005,10.345146666666666,5.504166666666666,5.845833333333334,9.616666666666667,3.032632916666667,7.434583333333333,7.216666666666666,5.1185,8.503333333333334,4.81,6.201739583333333,4.592291666666667,6.373867083333334,7.642857142857143,3.8467725,7.958333333333333,5.083333333333333,6.943478260869565
2021,12,20,3.5,5.70625,4.146803333333334,6.973242083333333,9.783255833333333,11.781470416666666,7.05637625,8.589900416666667,6.854166666666667,5.414166666666667,6.625,3.3643625,10.340833333333334,5.508333333333333,5.7,10.863750000000001,4.53,8.174487916666667,5.147083333333334,8.603639583333333,12.0,6.784178333333333,10.9625,5.458333333333333,9.542916666666667
2021,12,21,8.166666666666666,14.94375,11.149129583333334,16.300699166666664,17.41899090909091,32.59825875,12.936357083333334,22.682693333333333,22.291666666666668,20.402916666666666,15.225,7.742152916666666,14.814583333333333,22.6125,10.931666666666667,20.964166666666667,12.200000000000001,15.335379166666668,14.851041666666667,15.017299166666668,23.791666666666668,10.413657916666667,15.325000000000001,12.041666666666666,13.29625
2021,12,22,18.782608695652176,21.995833333333334,14.777253333333334,53.17773333333333,33.7205375,43.994437500000004,16.990245416666667,50.322327083333334,29.954166666666666,37.382083333333334,36.237500000000004,14.180882916666667,35.833333333333336,26.991666666666664,25.179166666666664,35.56916666666667,32.83,17.601043125,26.93166666666667,21.207889583333333,46.0,19.629540833333333,24.379166666666666,26.25,38.02791666666666
2021,12,23,29.166666666666668,30.608333333333334,30.588941666666667,74.022475,46.76018333333334,56.79809583333333,29.677058333333335,60.40109999999999,30.575,38.16041666666667,39.862500000000004,32.016175,31.812916666666666,20.95416666666667,41.78458333333334,37.43208333333333,39.525,26.366497916666663,36.31979166666667,32.63795833333334,33.541666666666664,25.6456,28.958333333333332,33.75,38.94583333333333
2021,12,24,29.625,19.329166666666666,24.774877916666668,4.167569583333333,20.335369166666666,14.707419583333333,19.888179583333333,13.420365625,14.083333333333334,30.707083333333333,20.670833333333334,25.843575416666667,24.039583333333336,12.945833333333333,23.0475,18.552083333333332,23.28,17.239162291666666,23.487291666666668,11.738640625,22.0,8.005065416666666,15.358333333333334,17.458333333333332,23.37
2021,12,25,9.041666666666666,13.465909090909092,8.99448875,28.110270416666665,52.444890416666674,30.48404041666667,8.744147916666666,9.450438958333333,20.508333333333333,19.842916666666667,14.629166666666668,6.921349166666666,11.543750000000001,12.625,10.35,20.724166666666665,14.545,14.956126304347826,11.609166666666667,24.654101041666667,35.94736842105263,17.262557083333334,18.458333333333332,17.333333333333332,12.1875
2021,12,26,22.791666666666668,46.322916666666664,15.96376375,100.11255416666667,110.80154166666667,60.017066666666665,16.658616249999998,50.39365833333333,75.44583333333334,50.09166666666667,41.52916666666666,21.179866666666666,47.02875,47.61666666666667,41.41416666666667,73.1425,33.105,32.12420458333333,32.537083333333335,70.66725,63.541666666666664,21.50555208333333,24.224999999999998,52.416666666666664,55.8975
2021,12,27,36.333333333333336,72.55208333333333,42.029629166666666,100.465125,64.82552916666667,44.529558333333334,32.415108333333336,55.4313875,56.416666666666664,88.99374999999999,66.11666666666666,42.222575,58.234583333333326,43.40833333333333,58.62916666666666,71.99416666666666,37.125,41.63043125,51.27291666666667,51.89874583333333,33.875,37.080441666666665,32.520833333333336,35.416666666666664,67.75916666666667
2021,12,28,15.791666666666666,25.51875,34.603587499999996,52.40969666666666,40.529917391304345,41.10443333333333,25.3331125,35.28474166666667,51.85,31.012916666666666,26.71666666666667,19.863916666666665,26.50375,20.916666666666668,26.545833333333334,23.97083333333333,21.24,46.21508958333334,27.389375,57.338975,18.625,50.5762,26.833333333333332,22.791666666666668,29.875416666666666
2021,12,29,16.666666666666668,39.9125,38.1531875,30.109114583333334,51.26237916666667,41.88012916666667,27.533816666666667,54.36155625,22.1875,39.122083333333336,38.30833333333333,28.746895833333337,36.100833333333334,43.3125,35.717083333333335,35.39041666666667,28.535,50.220160416666666,37.36208333333334,29.348050208333333,38.875,15.836597500000002,38.46666666666667,36.75,42.15
2021,12,30,37.25,22.961702127659574,32.76502791666667,14.898955416666666,34.73014583333333,16.556883333333335,35.06396291666667,82.71735,17.633333333333333,45.541666666666664,51.24583333333334,32.719345833333335,37.88458333333333,33.13333333333333,34.88791666666666,36.239583333333336,47.620000000000005,19.862406041666667,39.022708333333334,19.784135,29.043478260869566,8.446473750000001,21.4875,28.083333333333332,40.21791666666667
2021,12,31,11.25,5.672000000000001,7.522871250000001,3.530659583333333,9.84454375,14.233076666666667,4.097555833333334,9.475756666666667,13.084505416666666,11.561666666666667,16.004166666666666,6.575131666666667,8.892916666666666,3.829166666666667,8.200000000000001,7.999583333333334,15.22,10.025959583333334,8.836041666666667,7.708011666666667,12.1,3.648969166666667,10.887500000000001,8.541666666666666,7.336666666666667
2024,1,1,,44.873684210526314,36.541666666666664,11.591666666666667,28.720833333333335,30.40833333333333,36.574999999999996,31.364583333333332,17.45,33.3375,41.483333333333334,20.558333333333334,32.80416666666667,20.254166666666666,36.449999999999996,32.84583333333333,21.825,15.170833333333334,30.629166666666666,18.48125,48.05416666666667,11.395833333333334,16.666666666666668,25.55,31.241666666666664
2024,1,2,,18.663636363636364,27.370833333333334,5.704166666666667,13.049999999999999,8.054166666666667,19.920833333333334,10.275,6.520833333333333,20.441666666666666,25.1875,18.441666666666666,17.9875,14.35,17.229166666666668,13.72857142857143,29.40833333333333,9.320833333333333,16.0125,9.106250000000001,21.2,6.570833333333333,9.879166666666666,11.191666666666668,19.504166666666666
2024,1,3,,20.81025641025641,17.241666666666667,4.5625,8.041666666666666,5.566666666666666,10.945833333333333,7.052083333333333,4.3500000000000005,20.958333333333332,9.6625,17.804166666666667,14.570833333333333,9.729166666666666,13.866666666666667,10.504761904761905,32.58,5.254166666666666,12.237499999999999,6.5625,21.4875,2.8791666666666664,7.1125,8.4625,11.104166666666666
2024,1,4,,11.25,14.5875,2.8041666666666667,6.075,4.7625,13.212499999999999,4.1312500000000005,3.095833333333333,13.454166666666666,6.491666666666667,21.208333333333332,8.270833333333334,6.354166666666667,7.704166666666667,8.029166666666667,13.950000000000001,4.522916666666666,7.1937500000000005,4.877083333333333,14.554166666666667,3.5,6.141666666666667,5.987500000000001,5.529166666666666
2024,1,5,,7.799999999999999,18.054166666666667,17.729166666666668,11.737499999999999,20.445833333333333,39.63333333333333,15.887500000000001,14.6875,10.079166666666667,13.479166666666666,12.645833333333334,8.5875,28.258333333333336,7.595833333333334,13.299999999999999,18.175,6.735416666666667,8.464583333333334,14.872916666666667,16.833333333333332,9.1375,12.795652173913044,8.670833333333333,11.056521739130435
2024,1,6,,9.843243243243244,11.441666666666668,39.77916666666667,17.104166666666668,35.0875,31.391666666666666,26.22083333333333,33.44583333333333,12.7875,18.900000000000002,22.079166666666666,13.508333333333333,41.4625,10.683333333333332,20.141666666666666,12.4125,10.208333333333334,11.964583333333332,26.4875,17.454166666666666,13.975,19.791666666666668,17.245833333333334,15.424999999999999
2024,1,7,,13.776190476190477,12.854166666666666,15.229166666666666,18.379166666666666,17.466666666666665,18.270833333333332,11.918750000000001,15.200000000000001,19.216666666666665,15.495833333333332,23.40416666666667,17.3125,13.804166666666667,16.745833333333334,15.420833333333334,14.558333333333332,11.045833333333334,18.397916666666667,15.625,19.375,6.9375,11.512500000000001,20.470833333333335,22.343478260869563
2024,1,8,,27.086363636363636,26.95,38.56666666666667,32.420833333333334,35.7875,54.07916666666667,24.929166666666664,40.395833333333336,29.991666666666664,27.233333333333334,40.104166666666664,24.7625,33.49166666666667,24.541666666666668,24.337500000000002,30.724999999999998,25.18541666666667,24.604166666666668,32.891666666666666,32.74583333333333,15.620833333333332,23.75,27.520833333333332,32.670833333333334
2024,1,9,,70.88695652173914,22.1125,71.89583333333333,76.57083333333334,52.05833333333334,50.25833333333333,52.270833333333336,75.57916666666667,59.3125,69.12916666666666,42.32083333333333,53.50833333333333,72.97083333333333,38.5,79.25416666666666,52.583333333333336,49.018750000000004,47.5375,57.4,104.58749999999999,33.40416666666667,42.93913043478261,51.80833333333334,70.48333333333333
2024,1,10,,29.595121951219515,14.9125,105.50833333333333,123.52916666666665,100.19166666666666,9.195833333333333,118.60416666666667,162.04999999999998,43.36666666666667,54.98333333333333,21.162499999999998,56.22083333333333,79.10000000000001,38.71666666666667,44.22083333333333,55.737500000000004,30.920833333333334,57.72708333333333,128.18333333333334,96.27083333333333,48.31666666666666,41.82083333333333,62.525,45.725
2024,1,11,,14.802631578947368,7.366666666666666,62.95416666666667,60.125,62.96666666666667,8.495833333333334,64.64375,127.32916666666667,22.295833333333334,38.72083333333333,9.116666666666667,31.96666666666667,29.645833333333332,20.925,38.77916666666667,27.15833333333333,12.804166666666667,30.395833333333332,65.72708333333334,66.19166666666666,22.458333333333332,40.018181818181816,40.641666666666666,26.95
2024,1,12,,12.926315789473684,9.174999999999999,14.525,19.841666666666665,23.891666666666666,7.2250000000000005,16.789583333333333,20.5,14.279166666666667,13.958333333333334,11.354166666666666,17.220833333333335,12.541666666666666,11.825000000000001,19.370833333333334,18.245833333333334,14.220833333333333,13.081249999999999,15.5875,41.6,9.291666666666666,16.229166666666668,18.233333333333334,18.291666666666668
2024,1,13,,10.99,9.733333333333333,5.516666666666667,12.595833333333333,23.020833333333332,9.270833333333334,14.34375,14.708333333333334,14.950000000000001,15.1,11.916666666666666,15.387500000000001,14.704166666666666,13.825000000000001,16.075,15.975000000000001,7.491666666666667,14.014583333333334,9.210416666666667,27.7,6.183333333333334,10.133333333333333,14.629166666666668,13.700000000000001
2024,1,14,,6.135714285714285,6.404166666666666,6.041666666666667,9.754166666666666,17.9125,7.4375,12.052083333333334,8.816666666666666,11.049999999999999,12.679166666666667,7.654166666666666,11.508333333333333,13.6,8.483333333333333,10.883333333333333,14.200000000000001,6.439583333333334,10.285416666666666,8.797916666666667,22.1875,4.729166666666667,11.579166666666666,10.533333333333333,9.391666666666667
2024,1,15,,6.07,6.354166666666667,8.012500000000001,9.7875,12.808333333333332,5.054166666666666,8.697916666666666,8.454166666666667,11.591666666666667,13.4,8.908333333333333,11.929166666666667,14.441666666666668,9.125,13.204166666666666,13.200000000000001,4.8125,11.325000000000001,10.049999999999999,20.583333333333332,6.808333333333334,11.5375,12.233333333333334,11.125
2024,1,16,,13.597916666666668,18.333333333333332,18.099999999999998,17.474999999999998,18.370833333333334,40.75416666666667,9.943589743589744,12.933333333333332,16.349999999999998,15.645833333333334,10.875,23.329166666666666,12.370833333333332,10.1375,22.075,13.820833333333333,9.1625,11.941666666666668,14.3375,33.13333333333333,8.845833333333333,13.3375,15.716666666666667,19.3875
2024,1,17,,32.54,33.791666666666664,48.31666666666666,30.84583333333333,36.8125,25.32608695652174,32.545833333333334,42.975,33.0625,32.77916666666667,32.30833333333333,29.075,43.98333333333333,31.820833333333336,28.116666666666664,34.729166666666664,17.09375,31.048936170212766,31.90625,32.645833333333336,20.420833333333334,21.875,28.09166666666667,32.0875
2024,1,18,,38.31363636363636,27.47083333333333,14.216666666666667,44.77916666666667,25.729166666666668,30.09583333333333,26.220000000000002,17.758333333333333,38.75416666666667,23.59583333333333,33.262499999999996,39.233333333333334,17.208333333333332,41.475,29.245833333333334,32.81666666666667,21.264583333333334,34.80416666666667,25.7375,61.11666666666667,23.65833333333333,19.395833333333332,36.666666666666664,39.15217391304348
2024,1,19,,16.036956521739132,9.891666666666667,23.129166666666666,21.791666666666668,26.045833333333334,11.269565217391303,19.618750000000002,22.554166666666664,21.537499999999998,28.412499999999998,20.037499999999998,24.120833333333334,24.412499999999998,19.883333333333333,25.208333333333332,30.95,10.035416666666666,23.545833333333334,16.34375,37.225,13.529166666666667,17.599999999999998,22.7,23.520833333333332
2024,1,20,,14.511111111111111,9.25,19.2,15.083333333333334,23.054166666666664,11.333333333333334,14.514583333333334,21.183333333333334,18.254166666666666,16.162499999999998,13.904166666666667,17.654166666666665,12.104166666666666,17.787499999999998,16.224999999999998,20.4875,18.083333333333332,18.479166666666668,11.53125,27.370833333333334,11.366666666666667,13.983333333333334,17.070833333333333,17.116666666666667
2024,1,21,,17.88888888888889,18.691666666666666,28.612499999999997,19.1375,29.15416666666667,17.125,25.508333333333336,19.883333333333333,23.825,26.508333333333336,24.416666666666668,20.3875,24.541666666666668,29.69583333333333,25.90416666666667,25.354166666666668,10.920833333333334,21.412499999999998,20.385416666666668,40.275,11.424999999999999,21.087500000000002,25.825,25.008333333333336
2024,1,22,,11.588372093023256,13.075000000000001,8.529166666666667,16.304166666666667,13.208333333333334,13.991666666666667,48.67428571428571,12.362499999999999,14.233333333333334,20.212500000000002,19.170833333333334,13.170833333333334,11.554166666666667,13.045833333333334,19.625,25.233333333333334,6.479166666666667,18.381249999999998,19.010416666666668,21.295833333333334,7.345833333333334,13.291666666666666,11.612499999999999,12.166666666666666
2024,1,23,,7.917073170731708,10.118181818181817,6.7749999999999995,10.683333333333332,23.129166666666666,10.583333333333334,14.516666666666667,15.491666666666667,13.200000000000001,18.320833333333333,13.85,13.495833333333335,9.647826086956522,10.804166666666667,14.654166666666667,19.529166666666665,8.125,13.289583333333333,12.075000000000001,27.270833333333332,7.7749999999999995,16.079166666666666,13.808333333333332,12.608333333333334
2024,1,24,,7.858695652173913,7.941666666666666,4.691666666666666,8.545833333333333,7.25,6.5249999999999995,6.939583333333334,5.3875,7.766666666666667,14.695833333333333,9.275,8.0875,10.295833333333333,7.395833333333333,10.3125,12.487499999999999,6.2250000000000005,8.25744680851064,7.6187499999999995,18.05,6.9624999999999995,9.791666666666666,6.404166666666668,6.816666666666666
2024,1,25,4.923076923076923,4.584090909090909,5.008333333333334,6.754166666666666,9.275,6.858333333333333,4.004166666666666,8.049999999999999,4.929166666666666,3.658333333333333,6.070833333333333,4.091666666666667,6.7625,2.970833333333333,5.104166666666667,8.254166666666666,4.0375000000000005,9.652083333333334,4.635416666666667,8.010416666666666,19.076470588235296,12.304166666666667,8.126086956521739,3.725,4.0125
2024,1,26,5.416666666666667,9.22127659574468,11.558333333333332,9.520833333333334,11.575000000000001,10.883333333333333,10.362499999999999,15.083333333333334,7.345833333333332,10.095833333333333,14.258333333333333,11.945833333333333,11.995833333333332,18.620833333333334,13.229166666666666,14.862499999999999,11.245833333333332,10.018749999999999,11.314893617021276,11.893749999999999,25.870833333333334,12.483333333333334,12.141666666666666,10.75,11.5875
2024,1,27,11.25,5.916666666666667,6.875,7.925,10.979166666666666,10.987499999999999,6.6375,9.135416666666666,5.204166666666667,6.879166666666666,10.991666666666667,6.241666666666667,9.558333333333334,10.954166666666666,7.070833333333333,10.5375,11.195833333333333,10.222916666666666,6.726086956521739,8.416666666666666,25.299999999999997,12.362499999999999,10.091666666666667,5.0625,6.7749999999999995
2024,1,28,15.375,10.49375,12.370833333333332,24.066666666666666,22.179166666666664,22.170833333333334,17.645833333333332,21.066666666666666,11.295833333333334,19.845833333333335,14.041666666666666,12.845833333333333,,18.995833333333334,12.8125,18.400000000000002,16.354166666666668,13.552083333333334,11.704166666666666,15.354166666666666,41.38333333333333,19.1875,12.620833333333332,15.879166666666668,17.979166666666668
2024,1,29,19.208333333333332,32.711363636363636,28.087500000000002,35.170833333333334,30.045833333333334,43.550000000000004,31.391666666666666,25.90625,19.1375,16.104166666666668,24.066666666666666,22.179166666666664,16.764705882352942,27.679166666666664,25.429166666666664,16.754166666666666,22.125,13.979166666666666,15.983333333333334,24.102083333333336,29.77916666666667,16.4375,18.5625,24.8,20.875
2024,1,30,21.458333333333332,32.404347826086955,41.49583333333333,27.391666666666666,23.962500000000002,19.133333333333333,47.275,60.072916666666664,10.4625,25.712500000000002,21.325,28.929166666666664,24.329166666666666,29.708333333333332,22.34583333333333,24.458333333333332,28.870833333333334,17.754166666666666,27.889583333333334,23.12291666666667,27.724999999999998,18.366666666666667,15.979166666666666,17.083333333333332,20.258333333333333
2024,1,31,25.458333333333332,16.23695652173913,17.470833333333335,28.7,19.333333333333332,30.541666666666668,16.158333333333335,46.833333333333336,29.254166666666666,18.795833333333334,33.949999999999996,21.779166666666665,21.104545454545455,17.2625,17.729166666666668,23.229166666666668,25.483333333333334,7.802083333333333,20.660416666666666,21.366666666666664,30.900000000000002,16.275,27.2,19.370833333333334,17.654166666666665
2024,2,1,10.958333333333334,9.031818181818181,10.766666666666666,14.2875,13.554166666666667,27.445833333333336,7.529166666666666,39.71666666666667,20.425,12.295833333333334,25.375,12.424999999999999,14.066666666666668,21.316666666666666,11.441666666666668,20.220833333333335,18.545833333333334,9.741666666666667,14.46875,13.866666666666667,24.866666666666664,11.557142857142859,17.266666666666666,16.474999999999998,13.754166666666668
2024,2,2,11.538461538461538,11.582978723404254,9.424999999999999,11.583333333333334,12.554166666666667,12.137500000000001,10.791666666666666,16.835416666666667,8.491666666666667,11.549999999999999,12.445833333333333,12.299999999999999,16.6125,13.487499999999999,12.679166666666667,12.316666666666668,12.554166666666667,11.891666666666666,12.175555555555555,12.81875,25.474999999999998,12.854166666666666,10.433333333333334,10.525,11.329166666666666
2024,2,3,3.75,4.994736842105263,5.604166666666667,4.8875,8.491666666666667,11.829166666666666,5.191666666666666,11.483333333333334,6.704166666666667,6.1625000000000005,9.112499999999999,5.870833333333334,7.491666666666667,9.891666666666667,5.754166666666666,10.258333333333333,5.958333333333333,5.985416666666667,6.889583333333333,6.829166666666667,15.641666666666666,3.079166666666667,5.195833333333334,9.583333333333334,6.041666666666667
2024,2,4,6.041666666666667,5.224444444444444,7.4125000000000005,3.6999999999999997,6.816666666666666,6.616666666666666,6.3125,5.747916666666666,3.9875000000000003,5.383333333333333,7.220833333333334,6.641666666666667,6.208333333333333,6.004166666666666,5.841666666666666,7.766666666666667,6.658333333333334,6.39375,5.916666666666667,5.410416666666666,14.029166666666667,4.108333333333333,5.125,3.85,4.133333333333334
2024,2,5,3.869565217391304,5.5525,6.379166666666666,5.766666666666667,7.816666666666666,5.8500000000000005,8.799999999999999,7.241666666666667,4.404166666666667,4.6125,6.058333333333334,5.529166666666666,5.741666666666667,6.541666666666667,4.445833333333334,8.579166666666667,4.720833333333333,4.3062499999999995,4.839583333333334,7.26875,14.908333333333333,11.333333333333334,6.459090909090909,4.852173913043478,3.983333333333333
2024,2,6,5.791666666666667,5.346511627906977,11.65,7.754166666666666,9.866666666666667,8.975,8.1875,11.88125,7.1625000000000005,7.529166666666666,9.666666666666666,9.737499999999999,8.354166666666666,8.6625,6.6875,10.154166666666667,8.233333333333333,5.8500000000000005,8.141666666666667,8.518749999999999,15.795833333333334,10.104166666666666,9.378260869565217,8.783333333333333,7.075
2024,2,7,3.7916666666666665,4.210869565217391,6.779166666666666,4.875,7.179166666666667,8.0,4.516666666666667,7.989583333333333,3.704166666666666,5.345833333333334,7.0375000000000005,5.895833333333333,5.6499999999999995,6.466666666666666,4.6499999999999995,8.045833333333333,5.6499999999999995,6.64375,4.970833333333333,6.29375,14.6,7.183333333333334,6.283333333333334,4.956521739130435,3.5708333333333333
2024,2,8,8.083333333333334,16.349999999999998,11.078260869565218,13.466666666666667,19.879166666666666,20.845833333333335,22.795833333333334,13.641666666666666,15.200000000000001,16.516666666666666,15.674999999999999,12.941666666666668,14.329166666666666,12.262500000000001,14.7125,19.395833333333332,23.09583333333333,13.356250000000001,13.935416666666667,16.2625,25.941176470588236,10.729166666666666,10.020833333333334,13.0875,17.541666666666668
2024,2,9,15.5,27.753191489361704,23.71666666666667,16.591666666666665,31.287499999999998,24.125,29.4875,24.902083333333334,23.016666666666666,18.337500000000002,12.345833333333333,25.0625,14.145833333333334,42.395833333333336,17.979166666666668,19.933333333333334,16.295833333333334,17.652083333333334,13.902083333333332,20.01875,22.433333333333334,9.708333333333334,15.9,16.316666666666666,18.8375
2024,2,10,8.125,29.781818181818185,20.837500000000002,11.045833333333334,32.4625,24.425,19.933333333333334,29.318749999999998,16.629166666666666,27.6375,35.47083333333334,21.075,27.979166666666668,30.833333333333332,33.00833333333333,36.27916666666667,23.433333333333334,22.68958333333333,26.302083333333332,20.266666666666666,38.82083333333333,14.779166666666667,17.366666666666667,31.229166666666668,37.516666666666666
2024,2,11,7.583333333333333,22.782857142857143,21.870833333333334,9.1,23.40416666666667,20.816666666666666,19.083333333333332,21.241666666666667,12.458333333333334,23.866666666666664,20.204166666666666,18.591666666666665,19.9875,17.099999999999998,24.075,23.087500000000002,22.09583333333333,19.666666666666668,18.908333333333335,15.6625,27.837500000000002,21.25,17.016666666666666,23.704166666666666,26.95
2024,2,12,11.625,11.980487804878049,16.691666666666666,4.7749999999999995,9.470833333333333,11.616666666666667,14.870833333333332,14.220833333333333,7.516666666666667,11.200000000000001,13.679166666666667,15.645833333333334,12.079166666666666,15.091666666666667,10.825000000000001,13.4,15.154166666666667,8.558333333333334,10.791666666666666,8.314583333333333,20.629166666666666,8.525,10.083333333333334,10.125,10.383333333333333
2024,2,13,5.25,8.069767441860465,8.508333333333333,18.220833333333335,18.070833333333333,22.266666666666666,11.954166666666666,19.33125,13.708333333333334,9.591666666666667,11.516666666666666,7.741666666666667,9.341666666666667,12.370833333333332,8.491666666666667,15.929166666666667,8.9375,9.15,8.549999999999999,16.98510638297872,23.59583333333333,10.033333333333333,10.295833333333333,12.945833333333333,10.008333333333333
2024,2,14,16.916666666666668,21.455555555555556,19.400000000000002,31.59166666666667,30.2,27.900000000000002,14.975,22.53333333333333,25.46666666666667,14.504166666666668,34.72083333333334,20.73333333333333,14.445833333333333,19.808333333333334,20.3625,17.841666666666665,25.429166666666664,12.24375,14.045833333333334,26.485416666666666,27.191666666666666,15.333333333333334,17.795833333333334,21.670833333333334,18.575
2024,2,15,13.625,22.673684210526318,24.016666666666666,24.3625,25.78333333333333,16.516666666666666,21.875,32.541666666666664,13.558333333333332,22.791666666666668,24.84583333333333,31.141666666666666,25.5,40.0,31.291666666666668,29.025000000000002,20.058333333333334,12.785416666666665,24.666666666666668,17.571739130434782,31.02916666666667,10.23913043478261,21.166666666666668,26.916666666666668,26.6125
2024,2,16,12.5,21.163636363636364,25.5125,27.604166666666668,23.458333333333332,21.070833333333333,18.5,37.56875,12.520833333333334,18.570833333333333,28.2375,26.358333333333334,19.8875,41.68333333333333,23.558333333333334,24.441666666666666,26.691666666666666,12.270833333333334,21.061702127659576,16.95,25.083333333333332,11.654166666666667,18.1375,25.983333333333334,21.6875
2024,2,17,17.083333333333332,7.4944444444444445,6.954166666666667,11.545833333333334,10.941666666666668,18.008333333333333,5.254166666666667,33.65625,11.15,13.195833333333333,20.820833333333333,10.637500000000001,14.633333333333333,28.65416666666667,10.633333333333333,17.287499999999998,21.066666666666666,6.883333333333333,14.441666666666668,10.425,18.037499999999998,5.679166666666667,10.170833333333333,11.958333333333334,11.466666666666667
2024,2,18,13.166666666666666,11.152173913043478,16.2375,12.833333333333334,14.729166666666666,15.775,8.795833333333333,10.614583333333334,10.466666666666667,12.216666666666667,13.370833333333332,10.529166666666667,9.383333333333333,22.308333333333334,9.245833333333334,13.145833333333334,11.754166666666668,10.889583333333334,6.608333333333333,11.822916666666666,15.875,10.570833333333333,8.616666666666667,10.354166666666666,18.904166666666665
2024,2,19,7.041666666666667,17.8525,20.566666666666666,3.970833333333333,16.349999999999998,18.229166666666668,12.700000000000001,24.020833333333332,11.833333333333334,15.641666666666666,18.849999999999998,18.425,14.487499999999999,15.154166666666667,16.316666666666666,18.783333333333335,18.3,8.116666666666667,14.739583333333334,9.752083333333333,19.570833333333333,7.791666666666667,11.433333333333332,16.537499999999998,15.1875
2024,2,20,5.958333333333333,7.197435897435897,7.258333333333333,5.929166666666667,8.320833333333335,12.0,5.195833333333334,8.902083333333334,5.908333333333334,9.525,9.25,8.329166666666667,7.875,8.862499999999999,6.6125,11.370833333333332,12.004166666666668,8.254166666666666,7.795833333333333,8.202083333333333,19.625,8.762500000000001,6.954166666666667,10.045833333333333,5.883333333333333
2024,2,21,6.958333333333333,12.972340425531916,10.9,13.3375,16.6125,13.758333333333333,14.145833333333334,12.095833333333333,9.708333333333334,16.220833333333335,12.420833333333334,15.483333333333334,16.883333333333333,10.770833333333334,17.45,14.679166666666667,14.637500000000001,12.070833333333333,14.678723404255319,14.416666666666666,28.395833333333332,11.945833333333333,11.108333333333334,15.745833333333332,16.2
2024,2,22,13.166666666666666,16.142857142857142,21.708333333333332,4.583333333333333,15.674999999999999,10.266666666666667,10.783333333333333,16.618750000000002,8.5375,14.174999999999999,13.758333333333333,21.220833333333335,14.066666666666668,10.804166666666667,16.4875,14.091666666666667,18.241666666666667,7.354166666666667,14.56875,9.189583333333333,17.004166666666666,8.691666666666666,11.579166666666666,14.754166666666668,15.9625
2024,2,23,12.208333333333334,10.572093023255814,17.775000000000002,5.954166666666667,11.604166666666666,10.983333333333334,14.1,10.035416666666666,7.966666666666666,19.8,14.3375,17.716666666666665,16.958333333333332,9.666666666666666,15.516666666666666,16.8875,18.870833333333334,6.117021276595745,13.897777777777778,7.989583333333333,25.454166666666666,11.766666666666666,11.045833333333334,11.575000000000001,20.029166666666665
2024,2,24,12.208333333333334,10.375,15.258333333333333,6.716666666666666,14.395833333333334,14.066666666666668,11.441666666666668,12.916666666666666,7.8625,25.02916666666667,15.108333333333334,17.349999999999998,21.766666666666666,22.383333333333336,16.908333333333335,25.395833333333332,22.733333333333334,10.4375,17.372340425531913,11.097916666666668,20.629166666666666,11.862499999999999,11.0375,14.133333333333333,24.40833333333333
2024,2,25,19.0,28.372093023255815,21.53333333333333,18.158333333333335,28.95,21.095833333333335,22.195833333333336,28.941666666666666,15.879166666666668,28.662499999999998,18.995833333333334,19.958333333333332,21.77916666666667,12.358333333333334,20.383333333333333,22.025000000000002,27.070833333333336,8.379166666666666,20.41875,23.395833333333332,21.108333333333334,16.554166666666667,12.137500000000001,17.275000000000002,22.316666666666666
2024,2,26,15.708333333333334,34.52608695652174,26.133333333333336,27.495833333333334,23.945833333333336,28.270833333333332,33.887499999999996,26.141666666666666,13.783333333333333,28.55,20.129166666666666,25.34583333333333,19.841666666666665,25.3625,19.804166666666667,21.075,24.633333333333336,14.372916666666667,19.5468085106383,21.98125,19.516666666666666,37.074999999999996,15.487499999999999,19.5125,23.1375
2024,2,27,20.5,26.1,14.441666666666668,38.125,36.5625,33.2875,18.745833333333334,38.072916666666664,32.84583333333333,36.55416666666667,27.354166666666668,33.68333333333333,29.358333333333334,29.979166666666668,33.725,28.691666666666666,33.50833333333333,21.827083333333334,27.34583333333333,41.45869565217391,42.63333333333333,41.145833333333336,23.108333333333334,26.724999999999998,44.18333333333334
2024,2,28,21.541666666666668,19.061904761904763,13.025,15.391666666666666,33.012499999999996,51.62916666666666,12.591666666666667,50.13870967741936,29.525000000000002,38.475,33.483333333333334,16.395833333333332,36.37083333333333,47.06666666666666,22.7375,27.304166666666664,29.629166666666666,13.710416666666667,32.925000000000004,24.152083333333334,52.86666666666667,15.745454545454544,29.333333333333332,31.354166666666668,35.395833333333336
2024,2,29,9.666666666666666,18.302439024390242,18.754166666666666,18.025000000000002,28.5625,30.604166666666668,12.291666666666666,32.17916666666667,32.12916666666667,16.575,26.3625,15.358333333333334,17.645833333333332,60.270833333333336,19.2,24.745833333333334,18.375,19.672916666666666,16.575,31.147916666666664,25.058333333333334,26.933333333333334,26.16818181818182,19.8125,23.770833333333332
2024,3,1,14.5,42.48636363636364,30.608333333333334,20.537499999999998,50.9125,51.6,32.81666666666667,64.48888888888888,40.06666666666667,25.745833333333334,33.375,26.179166666666664,28.145833333333332,38.375,36.333333333333336,31.320833333333336,27.458333333333332,60.0375,28.89375,41.702083333333334,47.8375,58.541666666666664,43.387499999999996,40.775,36.50833333333333
2024,3,2,23.5,30.85116279069767,34.09583333333333,24.620833333333334,37.1,40.275,31.016666666666666,53.41041666666666,34.975,27.1375,33.8125,32.641666666666666,26.712500000000002,38.166666666666664,30.416666666666668,31.291666666666668,28.2625,54.356249999999996,27.822916666666668,40.081250000000004,35.85,45.84583333333333,34.512499999999996,32.4625,32.49166666666667
2024,3,3,21.166666666666668,34.285106382978725,34.387499999999996,14.156521739130437,36.020833333333336,26.625,31.6125,37.88125,16.991666666666667,28.241666666666664,34.09166666666667,30.27916666666667,28.9375,43.60833333333333,31.90416666666667,32.266666666666666,30.775000000000002,45.324999999999996,31.12708333333333,18.185416666666665,33.7125,27.46666666666667,29.104166666666668,33.90416666666667,35.625
2024,3,4,17.125,25.008510638297874,20.662499999999998,34.47083333333333,42.295833333333334,27.858333333333334,19.8625,46.68333333333334,21.429166666666664,24.925,24.479166666666668,23.245833333333334,24.825,40.59166666666666,25.245833333333334,27.412499999999998,24.229166666666668,39.63125,25.639583333333334,33.893750000000004,36.19583333333333,57.14166666666667,34.612500000000004,34.46666666666667,30.695833333333336
2024,3,5,19.166666666666668,17.993023255813956,23.78333333333333,27.849999999999998,25.025000000000002,28.616666666666664,20.5,25.416666666666668,33.983333333333334,20.3125,30.083333333333332,25.391666666666666,22.354166666666668,39.391666666666666,16.391666666666666,25.608333333333334,31.325000000000003,26.71875,20.816666666666666,28.429166666666664,34.420833333333334,48.15833333333333,24.616666666666664,25.170833333333334,22.09583333333333
2024,3,6,18.083333333333332,22.672727272727272,18.745833333333334,29.416666666666668,41.354166666666664,30.133333333333336,23.65416666666667,25.722916666666666,22.666666666666668,19.7875,22.7625,18.229166666666668,22.020833333333332,25.4375,19.425,23.09583333333333,21.375,39.572916666666664,22.40625,29.15416666666667,31.625,29.90416666666667,25.520833333333332,27.400000000000002,25.15833333333333
2024,3,7,21.458333333333332,25.664864864864864,19.495833333333334,30.27916666666667,29.78333333333333,29.766666666666666,29.370833333333334,28.31458333333333,22.870833333333334,30.541666666666668,21.891666666666666,19.679166666666667,25.795833333333334,28.245833333333334,28.495833333333334,34.358333333333334,46.22083333333333,28.379166666666666,18.610416666666666,25.420833333333334,35.90416666666667,36.15,22.95909090909091,23.9875,37.145833333333336
2024,3,8,43.166666666666664,31.305555555555557,20.6375,37.637499999999996,43.979166666666664,36.34583333333333,29.958333333333332,34.87916666666667,31.729166666666668,63.19583333333333,54.1875,27.125,48.98333333333333,29.504166666666666,46.17916666666667,72.75416666666666,82.6125,31.8625,34.50416666666667,33.12291666666667,57.7125,44.604166666666664,26.412499999999998,28.133333333333336,52.0875
2024,3,9,34.041666666666664,34.37916666666667,27.912499999999998,20.508333333333333,35.454166666666666,33.541666666666664,23.77916666666667,40.02708333333333,29.400000000000002,49.80416666666667,72.67083333333333,36.512499999999996,36.045833333333334,34.0875,33.4,50.8125,71.59166666666667,37.4625,35.485416666666666,30.8125,37.295833333333334,39.15416666666667,36.57083333333333,29.416666666666668,46.06666666666666
2024,3,10,14.625,26.47872340425532,26.1125,17.633333333333333,23.72083333333333,19.212500000000002,21.412499999999998,24.1875,10.700000000000001,24.683333333333334,32.4375,21.395833333333332,21.133333333333333,30.349999999999998,25.21666666666667,22.925,26.425,31.3625,23.258333333333336,16.989583333333332,21.575,25.604166666666668,20.883333333333333,21.441666666666666,27.808333333333334
2024,3,11,7.5,20.492682926829268,17.404166666666665,17.4875,22.8625,21.683333333333334,17.241666666666667,21.239583333333332,15.720833333333333,15.054166666666667,19.3,15.116666666666667,16.087500000000002,25.025000000000002,18.912499999999998,21.52608695652174,14.0,32.21875,16.587500000000002,20.2625,24.366666666666664,28.925,19.4875,22.52916666666667,22.59166666666667
2024,3,12,15.625,37.324999999999996,32.03333333333334,16.808333333333334,41.362500000000004,26.916666666666668,31.741666666666664,23.566666666666666,25.38333333333333,21.633333333333336,19.641666666666666,24.641666666666666,20.770833333333332,18.8625,27.829166666666666,24.082608695652173,17.599999999999998,43.5375,20.1125,40.614583333333336,29.120833333333334,37.84583333333334,15.875,20.470833333333335,31.304166666666664
2024,3,13,13.875,41.30416666666667,36.96666666666666,26.025000000000002,46.56666666666666,27.525000000000002,36.3125,17.204166666666666,29.804166666666664,25.454166666666666,18.283333333333335,26.108333333333334,23.77916666666667,13.879166666666668,32.050000000000004,22.879166666666666,20.454166666666666,39.981249999999996,20.769565217391303,20.849999999999998,39.19166666666667,32.63333333333333,20.733333333333334,25.733333333333334,29.579166666666666
2024,3,14,25.458333333333332,33.28125,31.78333333333333,24.129166666666666,44.525,37.358333333333334,27.141666666666666,31.172916666666666,31.1875,31.162499999999998,26.083333333333332,31.108333333333334,27.541666666666668,23.754166666666666,28.683333333333334,27.520833333333332,23.287499999999998,24.358333333333334,29.60625,27.483333333333334,36.833333333333336,24.320833333333336,23.75,27.775000000000002,28.304166666666664
2024,3,15,22.916666666666668,27.393617021276597,29.40833333333333,19.075,30.629166666666666,26.03333333333333,19.808333333333334,30.847916666666666,23.59583333333333,22.179166666666664,24.770833333333332,29.608333333333334,21.691666666666666,24.616666666666664,26.208333333333332,24.275000000000002,24.3,20.616666666666667,23.495833333333334,23.616666666666664,24.045833333333334,21.849999999999998,18.645833333333332,21.004166666666666,25.162499999999998
2024,3,16,29.75,11.892857142857142,18.558333333333334,8.612499999999999,12.041666666666666,13.766666666666666,15.666666666666666,23.952083333333334,9.700000000000001,19.579166666666666,26.679166666666664,22.566666666666666,20.916666666666668,22.954166666666666,16.900000000000002,23.079166666666666,32.025,10.495833333333334,21.75208333333333,9.741666666666667,20.912499999999998,10.8125,13.016666666666666,14.679166666666667,20.908333333333335
2024,3,17,6.583333333333333,3.877272727272727,4.920833333333333,6.408333333333334,7.2124999999999995,7.120833333333334,4.570833333333334,8.043750000000001,4.870833333333334,4.9875,9.25,5.4125000000000005,8.079166666666667,12.545833333333334,5.008333333333334,10.483333333333333,7.095833333333334,8.504166666666666,5.6187499999999995,7.45625,15.6625,14.091666666666667,7.7625,5.016666666666667,4.945833333333334
2024,3,18,5.625,5.482608695652174,5.270833333333333,10.75,9.004166666666666,13.450000000000001,8.595833333333333,8.725,6.925,8.9,16.091666666666665,8.945833333333333,12.875,8.933333333333334,7.8625,14.516666666666666,17.858333333333334,12.7125,7.810416666666666,9.014583333333333,21.291666666666668,16.154166666666665,10.637500000000001,8.466666666666667,8.345833333333333
2024,3,19,7.583333333333333,15.706521739130435,12.3125,21.175,25.40416666666667,24.47083333333333,16.420833333333334,15.916666666666666,17.8125,16.641666666666666,16.125,13.808333333333332,21.054166666666667,22.391666666666666,16.045833333333334,21.545833333333334,19.320833333333333,18.035416666666666,14.183333333333332,20.716666666666665,38.78333333333333,19.0,15.095833333333333,21.462500000000002,29.854166666666668
2024,3,20,22.458333333333332,37.639583333333334,31.650000000000002,30.670833333333334,45.65416666666667,39.92916666666667,25.15416666666667,39.4547619047619,31.454166666666666,29.724999999999998,37.2875,20.775000000000002,23.079166666666666,24.995833333333334,26.3,27.59166666666667,40.170833333333334,28.760416666666668,20.841666666666665,36.75833333333333,51.0375,33.512499999999996,21.233333333333334,36.045833333333334,46.32916666666667
2024,3,21,25.458333333333332,38.453658536585365,37.36666666666667,25.808333333333334,49.3375,42.324999999999996,31.866666666666664,49.78125,31.412499999999998,28.308333333333334,59.6875,31.333333333333332,25.349999999999998,35.69166666666667,32.90416666666667,24.245833333333334,41.175000000000004,23.714893617021275,26.15625,36.253191489361704,47.99166666666667,26.625,40.49166666666667,32.19166666666667,27.513636363636362
2024,3,22,20.875,17.567441860465117,16.270833333333332,9.841666666666667,18.720833333333335,21.1375,15.433333333333332,37.639583333333334,11.941666666666668,22.108333333333334,22.28333333333333,21.795833333333334,22.570833333333336,30.145833333333332,21.662499999999998,19.599999999999998,23.583333333333332,20.910416666666666,23.09375,14.443750000000001,27.175,12.2875,15.225,16.695833333333333,20.495833333333334
2024,3,23,13.375,8.802439024390244,12.516666666666666,11.570833333333333,14.647826086956524,14.325000000000001,14.204166666666667,28.243750000000002,9.408333333333333,15.154166666666667,19.849999999999998,10.283333333333333,14.495833333333332,14.075000000000001,16.7375,13.579166666666666,16.220833333333335,9.525,13.879166666666668,12.78125,20.45,11.479166666666666,11.575000000000001,11.008333333333333,12.866666666666667
2024,3,24,9.916666666666666,9.252272727272727,12.779166666666667,7.8125,11.633333333333333,9.895833333333334,10.704166666666666,10.539583333333333,7.045833333333333,13.533333333333333,10.8125,14.512500000000001,12.112499999999999,9.725,12.433333333333332,12.779166666666667,15.745833333333332,8.983333333333333,11.71875,7.941666666666666,20.087500000000002,7.645833333333333,8.845833333333333,11.358333333333334,12.3125
2024,3,25,15.875,13.86,20.470833333333335,12.520833333333334,12.216666666666667,11.066666666666668,22.629166666666666,10.897916666666667,5.170833333333333,19.337500000000002,18.925,18.329166666666666,18.495833333333334,10.908333333333333,14.633333333333333,15.904166666666667,20.770833333333332,13.643749999999999,15.772916666666667,9.297916666666667,29.766666666666666,10.933333333333332,9.216666666666667,13.625,16.754166666666666
2024,3,26,15.125,19.093333333333334,27.720833333333335,13.804166666666667,18.349999999999998,21.166666666666668,22.616666666666664,18.8125,11.358333333333334,19.412499999999998,19.083333333333332,19.920833333333334,18.25,12.041666666666666,16.720833333333335,15.52608695652174,22.75,15.941666666666668,21.552941176470586,15.783333333333333,19.058333333333334,11.85,12.704166666666666,13.170833333333334,18.704166666666666
2024,3,27,9.0,11.855319148936172,17.466666666666665,9.420833333333333,10.854166666666666,8.329166666666667,9.6875,12.029166666666667,5.641666666666667,10.204166666666667,11.783333333333333,15.229166666666666,10.1625,11.1625,10.841666666666667,12.11304347826087,11.095652173913043,13.99375,10.939473684210526,9.6,9.066666666666666,15.325000000000001,8.525,8.383333333333333,11.012500000000001
2024,3,28,9.916666666666666,13.038297872340424,20.349999999999998,8.045833333333333,11.479166666666666,8.904166666666667,14.920833333333334,13.63125,7.5375000000000005,14.008333333333333,14.466666666666667,20.295833333333334,16.650000000000002,11.591666666666667,16.2,13.878260869565217,17.05,12.847916666666668,15.327083333333334,9.84375,21.683333333333334,13.108333333333334,11.195833333333333,10.504166666666666,22.625
2024,3,29,9.0,5.654347826086957,8.229166666666666,4.845833333333333,7.008333333333333,4.766666666666667,5.3625,5.9375,4.875,7.266666666666667,10.133333333333335,9.1,7.045833333333333,9.869565217391305,6.608333333333333,8.799999999999999,11.695833333333333,6.295833333333333,7.095833333333334,7.335416666666667,7.5625,7.433333333333334,6.220833333333334,5.241666666666666,7.920833333333333
2024,3,30,10.347826086956522,20.504166666666666,14.191666666666668,34.6875,29.320833333333336,30.570833333333336,13.362499999999999,25.660416666666666,34.37916666666667,14.762500000000001,20.708333333333332,13.716666666666667,16.75,25.220833333333335,19.349999999999998,19.175,16.508333333333333,29.01875,17.197916666666668,28.912499999999998,24.708333333333332,28.983333333333334,27.15416666666667,19.066666666666666,18.166666666666668
2024,3,31,13.125,32.30833333333333,37.025,41.112500000000004,33.62083333333333,29.47083333333333,36.15833333333333,26.575,32.074999999999996,26.079166666666666,17.341666666666665,29.78333333333333,27.041666666666668,18.891666666666666,31.191666666666666,16.141666666666666,18.670833333333334,51.981249999999996,22.25208333333333,35.581250000000004,25.7375,85.85714285714286,28.337500000000002,22.912499999999998,28.53478260869565
2024,4,1,23.708333333333332,32.93125,45.81666666666666,16.208333333333332,30.991666666666664,34.041666666666664,41.541666666666664,39.010416666666664,28.920833333333334,34.59583333333333,37.275,35.800000000000004,34.791666666666664,45.61666666666667,33.31666666666667,32.12916666666667,36.09166666666667,31.239583333333332,33.65,22.110416666666666,28.3,32.44583333333333,36.520833333333336,22.162499999999998,35.84166666666667
2024,4,2,19.875,5.466666666666666,9.112499999999999,3.6,6.383333333333333,6.166666666666667,7.3,7.514583333333333,3.2083333333333335,8.745833333333334,16.720833333333335,11.9625,8.429166666666667,16.158333333333335,6.766666666666667,11.358333333333333,16.712500000000002,8.15625,9.6075,5.329787234042553,8.075000000000001,4.7368421052631575,6.316666666666666,4.7375,6.141666666666667
2024,4,3,2.0,3.5863636363636364,5.841666666666666,4.6625000000000005,8.387500000000001,4.458333333333333,6.604166666666667,6.21875,3.658333333333333,5.641666666666667,6.7124999999999995,4.625,7.891666666666667,6.8875,5.6875,8.85909090909091,6.4750000000000005,9.316666666666666,5.591666666666666,6.864583333333333,9.183333333333334,9.391666666666667,6.404166666666666,4.766666666666667,7.741666666666667
2024,4,4,7.318181818181818,10.578260869565218,20.804347826086957,5.191666666666666,11.045833333333334,6.270833333333333,16.704166666666666,8.272916666666667,3.6999999999999997,12.325000000000001,15.670833333333334,14.541666666666666,11.870833333333332,10.091666666666667,11.549999999999999,12.9,13.670833333333334,9.456249999999999,11.697916666666666,7.04375,10.504166666666666,7.8500000000000005,8.816666666666666,7.941666666666666,11.479166666666666
2024,4,5,7.636363636363637,6.517777777777778,10.866666666666667,5.358333333333333,7.304166666666667,5.183333333333334,12.725,9.775,3.525,8.441666666666666,11.154166666666667,11.079166666666666,7.658333333333334,9.608333333333333,7.616666666666667,9.708695652173914,12.816666666666668,7.764583333333333,8.191666666666666,7.010416666666667,9.670833333333333,9.079166666666667,6.508333333333333,4.929166666666666,5.7749999999999995
2024,4,6,6.041666666666667,8.102083333333333,13.283333333333333,8.637500000000001,12.054166666666667,7.529166666666666,14.508333333333333,14.012500000000001,4.675,11.183333333333332,14.225,12.533333333333333,13.325000000000001,17.2625,9.058333333333334,15.581818181818182,10.862499999999999,9.477083333333333,11.141666666666666,7.4937499999999995,15.091666666666667,6.220833333333334,8.7875,6.95,11.208333333333334
2024,4,7,9.541666666666666,16.006521739130434,16.575,12.225,19.05,14.4125,15.470833333333333,17.910416666666666,10.5375,15.174999999999999,21.379166666666666,13.108333333333334,13.466666666666667,11.487499999999999,14.379166666666668,15.391304347826088,16.878260869565217,11.6625,15.589583333333335,13.518749999999999,11.529166666666667,14.475,9.362499999999999,12.570833333333333,10.299999999999999
2024,4,8,9.166666666666666,14.485416666666666,20.0,10.075000000000001,13.879166666666668,9.245833333333334,29.458333333333332,13.44468085106383,5.625,10.924999999999999,11.9375,17.741666666666667,10.320833333333333,11.770833333333334,12.370833333333332,10.965217391304348,12.104166666666666,20.497916666666665,11.86875,10.841666666666667,8.35,19.329166666666666,9.529166666666667,8.875,9.133333333333333
2024,4,9,10.916666666666666,15.439583333333333,32.487500000000004,12.070833333333333,12.924999999999999,9.866666666666667,38.37916666666667,17.391304347826086,8.033333333333333,12.845833333333333,13.145833333333334,17.845833333333335,12.049999999999999,16.145833333333332,11.058333333333332,11.533333333333333,14.929166666666667,22.039583333333336,13.839583333333332,11.61875,8.487499999999999,25.44782608695652,9.904166666666667,10.833333333333334,9.570833333333333
2024,4,10,11.083333333333334,6.214583333333334,9.825000000000001,5.941666666666666,9.875,11.4,6.816666666666666,15.875,7.258333333333333,11.612499999999999,15.491666666666667,12.079166666666666,11.354166666666666,11.049999999999999,9.3375,14.604166666666666,15.958333333333334,7.291666666666667,13.268749999999999,7.3374999999999995,8.362499999999999,8.691666666666666,10.358333333333333,6.216666666666666,10.18695652173913
2024,4,11,7.6521739130434785,7.810416666666666,9.583333333333334,11.504166666666668,13.9,16.216666666666665,7.954166666666667,13.627083333333333,9.495833333333334,7.308333333333334,14.691304347826087,8.766666666666667,8.6,10.620833333333334,6.958333333333333,11.862499999999999,9.179166666666667,8.049999999999999,8.904166666666667,11.1625,10.475,14.137500000000001,9.529166666666667,6.7375,7.720833333333334
2024,4,12,7.0,7.295833333333333,11.283333333333333,11.5875,18.316666666666666,15.391666666666666,8.170833333333333,19.722916666666666,11.225,8.5,17.381818181818183,9.154166666666667,10.5875,12.7875,8.470833333333333,19.191666666666666,10.379166666666666,12.408333333333333,11.454166666666666,11.200000000000001,17.370833333333334,14.325000000000001,9.85,11.924999999999999,9.108333333333333
2024,4,13,8.0,10.095744680851064,10.758333333333333,15.770833333333334,12.070833333333333,15.283333333333333,11.654166666666667,20.045833333333334,10.679166666666667,14.487499999999999,15.541666666666666,13.229166666666666,14.558333333333332,14.983333333333334,12.683333333333332,14.333333333333334,15.387500000000001,11.133333333333333,15.666666666666666,9.241666666666667,13.641666666666666,14.658333333333333,11.533333333333333,11.829166666666666,13.424999999999999
2024,4,14,8.083333333333334,8.595833333333333,10.133333333333333,8.925,10.054166666666667,10.75,8.091666666666667,20.214583333333334,11.091666666666667,10.391666666666667,12.383333333333333,10.633333333333333,9.575000000000001,11.2125,9.137500000000001,12.523809523809524,10.970833333333333,7.0687500000000005,11.139583333333334,8.783333333333333,9.695833333333333,13.795833333333334,12.095833333333333,7.233333333333333,9.620833333333334
2024,4,15,6.818181818181818,7.302083333333333,9.291666666666666,8.008333333333333,12.15,14.808333333333332,7.2250000000000005,12.810416666666667,9.808333333333334,8.027272727272727,11.470833333333333,9.341666666666667,9.279166666666667,12.25,8.808333333333334,10.618181818181817,11.266666666666666,7.789583333333333,9.414583333333335,10.552083333333334,11.1875,10.266666666666667,9.304166666666667,5.191666666666666,8.4
2024,4,16,4.9523809523809526,5.25,10.225,4.008333333333334,7.470833333333334,6.270833333333333,8.137500000000001,9.456249999999999,4.179166666666666,7.708333333333333,11.629166666666668,9.65,8.5375,8.7875,8.179166666666667,9.791666666666666,10.845833333333333,5.104347826086957,8.28125,6.076595744680851,11.391666666666666,8.3375,8.2,4.279166666666667,8.083333333333334
2024,4,17,6.45,4.134146341463414,6.358333333333333,7.295833333333333,8.695833333333333,13.1875,11.029166666666667,11.456249999999999,7.104166666666667,10.4,12.804166666666667,6.508333333333333,11.091666666666667,9.5875,7.5375000000000005,14.804166666666667,12.670833333333334,6.522916666666667,9.8125,9.664583333333333,23.168181818181818,10.7125,11.945833333333333,9.345833333333333,16.670833333333334
2024,4,18,3.888888888888889,8.475,8.658333333333333,15.174999999999999,12.241666666666667,20.120833333333334,16.466666666666665,13.747916666666667,12.141666666666666,7.779166666666666,7.8047619047619055,6.5125,9.695833333333333,7.229166666666667,8.7125,13.9,5.9875,7.066666666666666,7.954166666666667,10.485416666666667,20.629166666666666,10.458333333333334,14.141666666666666,6.104166666666667,11.025
2024,4,19,9.210526315789474,9.518604651162791,11.829166666666666,12.095833333333333,11.254166666666668,11.25,14.116666666666667,10.35,6.9375,11.424999999999999,12.108333333333334,12.525,10.933333333333332,9.183333333333334,11.362499999999999,12.166666666666666,9.237499999999999,9.479166666666666,10.575000000000001,9.166666666666666,19.454166666666666,11.970833333333333,9.933333333333334,10.041666666666666,11.358333333333334
2024,4,20,11.291666666666666,6.277777777777778,9.258333333333333,6.7375,10.783333333333333,6.075,12.470833333333333,4.375,4.291666666666667,9.729166666666666,10.791666666666666,10.908333333333333,11.200000000000001,10.5,8.916666666666666,11.016666666666666,11.095833333333333,10.764583333333334,10.299999999999999,8.28125,13.908333333333333,8.733333333333333,7.0625,7.516666666666667,10.583333333333334
2024,4,21,12.291666666666666,7.3023255813953485,6.929166666666667,12.424999999999999,12.508333333333333,17.183333333333334,11.566666666666668,7.95625,9.608333333333333,6.279166666666666,10.475,7.029166666666666,7.6875,15.666666666666666,7.170833333333333,10.875,9.841666666666667,11.622916666666667,7.216666666666666,10.237499999999999,9.591666666666667,11.799999999999999,13.883333333333333,6.8625,7.266666666666667
2024,4,22,10.5,6.234883720930233,10.016666666666667,9.733333333333333,11.408333333333333,14.625,7.929166666666667,10.170833333333333,9.333333333333334,7.925,11.220833333333333,7.016666666666667,8.145833333333334,11.095833333333333,8.1,12.570833333333333,9.045833333333333,8.920833333333333,8.854166666666666,12.683333333333332,20.829166666666666,15.533333333333333,11.012500000000001,8.558333333333334,7.408333333333332
2024,4,23,11.083333333333334,12.221739130434784,14.095833333333333,16.170833333333334,19.420833333333334,25.849999999999998,14.754166666666668,18.08125,18.0625,15.679166666666667,18.5,12.545833333333334,14.725,13.645833333333334,16.0,17.662499999999998,20.900000000000002,12.208333333333334,15.514583333333334,18.983333333333334,20.170833333333334,13.816666666666668,12.258333333333333,15.908333333333333,17.070833333333333
2024,4,24,14.333333333333334,18.54042553191489,23.3875,17.816666666666666,23.266666666666666,27.1125,29.420833333333334,19.858333333333334,19.758333333333333,15.133333333333333,12.450000000000001,14.804166666666667,16.670833333333334,13.533333333333333,19.008333333333333,20.8,16.45416666666667,19.541666666666668,16.272916666666667,19.352083333333333,26.954166666666666,22.224999999999998,19.870833333333334,17.345833333333335,20.32608695652174
2024,4,25,13.958333333333334,15.6,20.1375,13.804166666666667,17.0625,16.704166666666666,25.416666666666668,16.270833333333332,10.433333333333334,18.079166666666666,21.154166666666665,16.412499999999998,18.662499999999998,13.145833333333334,16.0125,19.837500000000002,20.654166666666665,17.833333333333332,16.979166666666668,14.385416666666666,23.983333333333334,14.391666666666666,15.733333333333334,14.954166666666666,23.516666666666666
2024,4,26,15.25,11.532558139534883,20.633333333333333,10.133333333333333,14.604166666666666,15.158333333333333,19.2,14.747916666666667,8.9125,16.854166666666668,18.129166666666666,15.525,16.02,11.612499999999999,14.054166666666667,18.3125,21.59166666666667,10.554166666666665,15.535416666666668,9.43125,13.633333333333333,11.308333333333332,11.549999999999999,9.545833333333333,14.0
2024,4,27,13.875,16.18409090909091,20.054166666666667,7.133333333333333,12.725,12.691666666666668,20.629166666666666,19.75,10.995833333333332,12.766666666666666,15.1875,18.133333333333333,11.761904761904763,14.270833333333334,11.741666666666667,14.183333333333332,15.345833333333333,12.049999999999999,12.822916666666666,11.237499999999999,10.862499999999999,11.4125,12.320833333333333,9.325000000000001,10.045833333333333
2024,4,28,12.875,14.802222222222223,21.40833333333333,5.841666666666666,14.129166666666668,12.404166666666667,18.220833333333335,17.966666666666665,8.158333333333333,12.700000000000001,11.625,16.845833333333335,10.887500000000001,14.4125,11.325000000000001,12.166666666666666,12.6875,11.679166666666667,11.877083333333333,10.6625,10.9,14.070833333333333,11.1625,14.790000000000001,10.291666666666666
2024,4,29,10.958333333333334,13.954166666666666,16.221739130434784,10.858333333333334,15.404166666666667,10.125,13.716666666666667,15.768749999999999,10.404166666666667,8.570833333333333,10.479166666666666,13.1875,8.641666666666667,9.704166666666667,9.9375,10.691666666666668,10.533333333333333,8.06875,9.93125,13.083333333333334,9.279166666666667,22.958333333333332,9.866666666666667,,7.979166666666667
2024,4,30,10.416666666666666,13.033333333333333,19.341666666666665,7.6000000000000005,14.775,12.166666666666666,15.691666666666668,14.870833333333332,10.191666666666666,9.1,9.924999999999999,13.641666666666666,8.7875,10.387500000000001,9.520833333333334,10.6625,9.379166666666666,11.041666666666666,9.170833333333333,11.416666666666666,8.637500000000001,26.729166666666668,8.8375,,8.391666666666667
2024,5,1,11.166666666666666,11.152083333333332,20.3125,7.2375,11.333333333333334,9.783333333333333,13.866666666666667,13.168750000000001,8.145833333333334,7.995833333333334,9.700000000000001,12.924999999999999,7.779166666666666,10.779166666666667,8.512500000000001,10.145833333333334,7.095833333333334,13.116666666666667,8.360416666666667,8.864583333333334,7.454166666666667,24.02916666666667,8.1875,,7.479166666666667
2024,5,2,9.25,10.816666666666668,15.904166666666667,8.441666666666666,9.583333333333334,7.779166666666666,10.475,10.575000000000001,8.208333333333334,7.8374999999999995,9.225,13.183333333333332,7.920833333333333,12.0375,7.1875,9.008333333333333,8.069565217391304,11.0,7.729166666666667,10.308333333333334,5.758333333333333,25.666666666666668,7.0375000000000005,,8.004166666666666
2024,5,3,11.166666666666666,12.033333333333333,17.879166666666666,7.733333333333333,11.450000000000001,7.458333333333333,13.279166666666667,13.96875,7.316666666666666,9.049999999999999,10.720833333333333,13.466666666666667,7.5,14.445833333333333,8.762500000000001,10.674999999999999,9.6625,11.25,8.481250000000001,9.179166666666667,7.195833333333333,17.02777777777778,8.341666666666667,,8.275
2024,5,4,9.75,17.229166666666668,22.320833333333336,12.020833333333334,17.3,12.504166666666668,19.741666666666667,16.568749999999998,11.004166666666668,11.245833333333332,10.754166666666668,14.666666666666666,10.691666666666668,11.329166666666666,10.520833333333334,10.8125,10.6,19.41875,11.591666666666667,10.825000000000001,11.495833333333332,18.116666666666667,9.320833333333333,,9.091666666666667
2024,5,5,14.5,14.452083333333334,19.195833333333333,9.825000000000001,16.866666666666667,10.275,14.700000000000001,15.541666666666666,9.683333333333334,11.604166666666666,9.895833333333334,16.075,8.362499999999999,9.954166666666667,10.354166666666666,9.9,9.308333333333334,13.783333333333333,10.385416666666666,12.454166666666666,9.225,16.041666666666668,9.095833333333333,,7.9125000000000005
2024,5,6,9.208333333333334,5.569565217391304,11.2125,8.279166666666667,11.445833333333333,6.641666666666667,7.25,14.291666666666666,5.4125000000000005,8.379166666666666,9.241666666666667,11.683333333333332,8.5375,9.795833333333333,8.066666666666666,9.808333333333334,9.381818181818183,7.416666666666667,9.008333333333333,11.268749999999999,8.245833333333334,12.4375,7.470833333333334,,7.620833333333334
2024,5,7,7.583333333333333,4.721276595744681,8.083333333333334,11.200000000000001,9.366666666666667,8.745833333333334,6.808333333333334,11.308333333333332,7.533333333333334,7.0874999999999995,8.4375,8.391666666666667,7.270833333333333,8.5,7.766666666666667,9.734782608695653,9.358333333333333,7.697916666666667,8.641666666666667,9.329166666666667,8.9375,15.608333333333334,8.1,,9.58235294117647
2024,5,8,9.958333333333334,5.935416666666666,10.320833333333333,10.845833333333333,10.416666666666666,6.220833333333334,11.4625,8.075000000000001,6.033333333333334,7.329166666666667,10.237499999999999,8.5875,8.320833333333333,7.5125,8.758333333333333,12.700000000000001,8.387500000000001,9.275,8.6875,9.402083333333334,7.7,22.02916666666667,8.642857142857142,,10.142857142857142
2024,5,9,8.291666666666666,8.947916666666666,13.083333333333334,10.816666666666668,12.416666666666666,9.9375,12.729166666666666,11.737499999999999,7.870833333333334,7.3125,9.637500000000001,10.341666666666667,7.316666666666666,9.454166666666667,8.612499999999999,12.5,7.982608695652174,11.99375,7.6000000000000005,8.956249999999999,7.320833333333333,22.116666666666664,9.629166666666666,,8.879166666666666
2024,5,10,10.833333333333334,10.168750000000001,10.516666666666667,11.1625,19.904166666666665,11.916666666666666,10.529166666666667,13.59375,9.137500000000001,10.645833333333334,11.295833333333334,10.895833333333334,11.637500000000001,10.183333333333334,9.970833333333333,12.379166666666668,11.508333333333333,14.491666666666667,11.785416666666668,11.945833333333333,10.433333333333334,21.974999999999998,10.583333333333334,,9.595833333333333
2024,5,11,5.416666666666667,4.366666666666666,6.2749999999999995,13.191666666666668,14.75,14.012500000000001,6.570833333333333,14.012500000000001,12.991666666666667,5.291666666666667,8.075000000000001,5.6000000000000005,5.75,9.625,6.016666666666667,10.137500000000001,8.775,8.55625,5.541666666666667,15.31875,7.195833333333333,19.95,9.9625,,5.8374999999999995
2024,5,12,8.625,4.341860465116278,7.6000000000000005,8.112499999999999,9.225,,9.358333333333333,7.008333333333333,4.1875,4.608333333333333,6.8875,6.4375,5.2,6.5375000000000005,5.591666666666666,8.954166666666667,9.666666666666666,5.58125,5.527083333333334,7.372916666666666,7.879166666666666,14.629166666666668,6.529166666666666,,7.458333333333333
2024,5,13,9.875,5.664583333333333,11.924999999999999,5.991666666666667,13.054166666666667,,7.620833333333334,8.725,5.478260869565218,6.25,9.058333333333334,6.958333333333333,6.841666666666666,6.8999999999999995,7.108333333333333,13.237499999999999,10.008333333333333,6.96875,7.133333333333333,8.735416666666667,6.745833333333334,21.787499999999998,6.370833333333334,,9.775
2024,5,14,9.666666666666666,7.945833333333333,10.441666666666666,5.966666666666666,10.091666666666667,,6.416666666666667,9.939583333333333,5.791666666666667,7.804166666666667,11.612499999999999,7.825,8.1625,9.025,7.391666666666667,12.070833333333333,10.765217391304347,8.352083333333333,8.004166666666666,8.210416666666667,5.6875,22.599999999999998,7.270833333333333,,8.129166666666666
2024,5,15,8.541666666666666,9.63170731707317,12.125,6.479166666666667,9.362499999999999,,8.083333333333334,9.61875,5.191666666666666,7.829166666666667,10.041666666666666,10.7125,7.5,9.791666666666666,8.695833333333333,9.591666666666667,9.421739130434782,9.93125,7.7749999999999995,8.035416666666666,5.441666666666666,27.3,7.175,,8.075
2024,5,16,9.75,11.367441860465117,15.133333333333333,6.3500000000000005,10.929166666666667,,10.791666666666666,11.61875,5.575,8.741666666666667,10.341666666666667,13.924999999999999,8.174999999999999,10.283333333333333,9.991666666666667,9.916666666666666,9.55909090909091,12.304166666666667,8.674999999999999,9.614583333333334,7.078571428571428,23.516666666666666,7.766666666666667,,8.516666666666667
2024,5,17,10.333333333333334,11.135416666666666,16.708333333333332,7.175,12.079166666666666,,10.25,12.639583333333334,7.633333333333333,7.0625,9.112499999999999,14.233333333333334,6.95,12.129166666666668,10.570833333333333,9.383333333333333,8.262500000000001,12.954166666666666,7.2437499999999995,9.741666666666667,8.173333333333334,36.479166666666664,8.266666666666667,,11.933333333333332
2024,5,18,9.083333333333334,10.441304347826087,17.220833333333335,5.183333333333334,9.725,,11.891666666666666,10.50625,6.620833333333334,8.070833333333333,9.775,13.1875,8.029166666666667,12.941666666666668,9.370833333333334,9.933333333333334,7.208333333333333,11.1875,8.102083333333333,9.185416666666667,10.1,11.529166666666667,7.6375,11.166666666666666,9.395833333333334
2024,5,19,9.458333333333334,8.406521739130435,16.724999999999998,5.995833333333334,8.808333333333334,,13.458333333333334,10.204166666666667,6.854166666666667,10.091666666666667,10.475,13.283333333333333,9.512500000000001,10.970833333333333,11.075000000000001,12.362499999999999,8.6875,7.91875,10.129166666666666,7.1499999999999995,9.924999999999999,10.883333333333333,8.579166666666667,8.570833333333333,11.354166666666666
2024,5,20,10.375,13.465909090909092,14.887500000000001,5.529166666666666,13.445833333333333,,13.095454545454546,11.439583333333333,6.495833333333334,11.820833333333333,9.920833333333333,14.629166666666668,10.475,11.020833333333334,11.883333333333333,12.841666666666667,11.5625,14.958333333333334,10.8375,8.0875,10.262500000000001,13.616666666666667,8.4,10.1625,12.137500000000001
2024,5,21,12.75,11.872916666666667,17.504166666666666,9.558333333333334,15.320833333333333,,11.741666666666667,13.041666666666666,10.754166666666668,12.233333333333334,10.333333333333334,14.5625,11.075000000000001,11.220833333333333,13.183333333333332,9.887500000000001,11.930434782608694,12.952083333333334,13.049999999999999,12.34375,9.566666666666666,21.925,9.120833333333334,9.0375,10.116666666666667
2024,5,22,11.625,11.216666666666667,16.625,5.029166666666667,13.049999999999999,,10.1875,14.595833333333333,5.708333333333333,9.004166666666666,12.291304347826086,13.941666666666668,9.366666666666667,11.3125,11.275,12.0875,10.68695652173913,14.920833333333334,10.1625,7.908333333333334,10.054166666666667,16.3125,11.84,10.487499999999999,9.420833333333333
2024,5,23,11.166666666666666,13.26086956521739,18.129166666666666,9.204166666666667,12.966666666666667,,12.879166666666668,10.991666666666667,5.166666666666667,15.045833333333334,12.9,18.337500000000002,13.8375,9.908333333333333,11.216666666666667,17.479166666666668,12.035294117647059,14.879166666666668,14.93125,10.302083333333334,9.924999999999999,17.966666666666665,6.716666666666666,11.991666666666667,15.170833333333334
2024,5,24,11.75,11.515555555555556,14.366666666666667,13.608333333333334,17.75,,11.004166666666668,12.299999999999999,9.237499999999999,12.683333333333332,13.430434782608694,17.566666666666666,12.704166666666666,9.304166666666667,14.15,14.604166666666666,11.068181818181818,17.2,13.510416666666666,14.561290322580644,12.700000000000001,23.34166666666667,9.245833333333334,13.566666666666668,13.1875
2024,5,25,11.125,10.65625,18.875,7.708333333333333,13.208333333333334,,17.675,9.552083333333334,6.3999999999999995,10.0,11.174999999999999,13.258333333333333,9.512500000000001,10.9125,10.279166666666667,9.575000000000001,9.358333333333333,13.654166666666667,10.913953488372094,8.116666666666667,7.55,15.424999999999999,8.518181818181818,8.683333333333334,9.775
2024,5,26,12.791666666666666,8.557777777777778,12.679166666666667,7.170833333333333,13.7875,,11.620833333333332,11.133333333333333,8.825,11.520833333333334,10.883333333333333,16.354166666666668,9.299999999999999,9.754166666666666,10.4,10.125,10.208333333333334,11.143749999999999,11.945833333333333,8.633333333333333,7.354166666666667,14.549999999999999,7.5625,6.654166666666666,7.545833333333333
2024,5,27,13.0,11.504255319148937,12.6625,7.0874999999999995,12.254166666666668,,12.049999999999999,11.720833333333333,11.245833333333332,9.354166666666666,11.041666666666666,13.487499999999999,8.166666666666666,10.808333333333332,9.054166666666667,9.8375,10.91578947368421,15.672916666666667,9.200000000000001,9.302631578947368,8.174999999999999,19.270833333333332,7.091666666666666,9.174999999999999,7.283333333333334
2024,5,28,13.416666666666666,11.695833333333333,13.775,7.8625,12.616666666666667,,10.575000000000001,12.762500000000001,9.541666666666666,8.383333333333333,10.520833333333334,12.083333333333334,8.304166666666667,12.229166666666666,8.908333333333333,9.5625,10.127777777777778,12.81875,8.402083333333334,10.235416666666667,8.9375,15.333333333333334,9.466666666666667,10.0625,7.166666666666667
2024,5,29,13.916666666666666,8.951162790697675,12.075000000000001,6.183333333333334,10.85,,7.933333333333334,15.002083333333333,10.341666666666667,14.695833333333333,13.283333333333333,12.829166666666666,14.108333333333334,15.387500000000001,11.966666666666667,13.608333333333334,13.785,8.8125,14.44375,10.00625,12.320833333333333,13.204166666666666,10.633333333333333,14.529166666666667,14.805000000000001
2024,5,30,13.541666666666666,14.506382978723403,15.0,5.954166666666667,16.566666666666666,,13.170833333333334,13.402083333333332,11.883333333333333,13.654166666666667,13.674999999999999,15.283333333333333,12.591666666666667,14.154166666666667,16.537499999999998,12.7875,12.839130434782609,9.508333333333333,13.225,12.952083333333334,11.775,15.487499999999999,11.295833333333334,13.2125,16.508333333333333
2024,5,31,11.0,14.13125,18.404166666666665,8.370833333333334,13.237499999999999,9.961538461538462,14.725,13.283333333333333,12.508333333333333,11.975,11.200000000000001,18.054166666666667,10.637500000000001,12.520833333333334,12.254166666666668,11.637500000000001,9.887500000000001,16.3125,11.354166666666666,13.366666666666667,9.470833333333333,15.0375,10.612499999999999,11.033333333333333,10.470833333333333
2024,6,1,9.5,12.002325581395349,18.425,9.620833333333334,11.891666666666666,8.108333333333333,15.924999999999999,9.079166666666667,5.720833333333334,11.35,8.254166666666666,17.045833333333334,9.375,8.345833333333333,11.066666666666668,10.674999999999999,10.779166666666667,19.916666666666668,9.9125,8.543750000000001,9.200000000000001,17.054166666666667,9.279166666666667,9.549999999999999,10.0625
2024,6,2,9.375,10.922916666666666,18.533333333333335,15.375,10.683333333333332,8.549999999999999,15.083333333333334,7.35625,5.2375,10.520833333333334,7.9125000000000005,12.445833333333333,8.425,6.2749999999999995,8.0375,9.920833333333333,13.220833333333333,26.962500000000002,8.808333333333334,11.747916666666667,6.6125,19.616666666666667,7.116666666666667,6.454166666666667,7.520833333333333
2024,6,3,11.833333333333334,14.716666666666667,18.141666666666666,14.8375,17.270833333333332,18.104166666666668,15.691666666666668,14.364583333333334,13.15,15.775,15.116666666666667,16.599999999999998,15.104166666666666,11.35,19.271428571428572,15.975,16.45,14.714583333333332,16.079166666666666,15.539583333333333,14.629166666666668,21.545833333333334,11.700000000000001,17.870833333333334,15.174999999999999
2024,6,4,12.5,6.957446808510638,11.379166666666668,15.299999999999999,14.495833333333332,19.333333333333332,9.0625,10.870833333333332,11.358333333333334,13.508333333333333,16.6375,10.570833333333333,12.704166666666666,8.333333333333334,10.957142857142857,17.150000000000002,15.516666666666666,7.760416666666667,13.758333333333333,10.3125,14.077777777777778,16.022727272727273,15.0875,13.116666666666667,12.670833333333334
2024,6,5,10.375,9.49375,12.904166666666667,9.645833333333334,15.366666666666667,15.108333333333334,10.6625,16.252083333333335,9.6875,10.887500000000001,15.608333333333334,12.633333333333333,13.200000000000001,11.112499999999999,11.366666666666667,15.629166666666668,14.0625,11.279166666666667,12.816666666666668,12.027083333333332,11.813333333333333,18.9375,12.441666666666668,12.775,11.737499999999999
2024,6,6,14.25,7.432608695652173,14.4125,7.945833333333333,11.891666666666666,10.5,10.995833333333332,13.314583333333333,7.1875,10.729166666666666,14.129166666666668,10.933333333333332,10.304166666666667,12.516666666666666,9.8125,12.0625,12.226086956521739,11.414583333333333,10.445833333333333,8.464583333333334,14.777777777777779,15.395833333333334,10.158333333333333,10.220833333333333,9.941666666666666
2024,6,7,11.458333333333334,11.0,14.0625,10.991666666666667,15.0,9.645833333333334,11.4125,7.883333333333333,9.616666666666667,8.083333333333334,10.575,12.770833333333334,7.991666666666667,10.870833333333332,10.966666666666667,9.520833333333334,,15.464583333333332,8.116666666666667,11.202083333333334,,19.483333333333334,11.541666666666666,9.395833333333334,8.016666666666667
2024,6,8,11.0,11.636170212765958,15.979166666666666,11.275,16.991666666666667,13.183333333333332,14.9,13.385416666666666,10.549999999999999,9.983333333333333,12.691666666666668,12.295833333333334,10.879166666666668,11.424999999999999,11.6875,13.6875,,15.539583333333333,12.116666666666667,12.029166666666667,,16.433333333333334,12.362499999999999,15.0,12.116666666666667
2024,6,9,10.083333333333334,6.45,8.933333333333334,11.8125,12.616666666666667,12.208333333333334,5.920833333333333,13.016666666666666,9.795833333333333,9.691666666666666,13.870833333333332,10.516666666666667,9.9375,9.304166666666667,10.304166666666667,12.354166666666666,,5.802439024390244,10.920833333333334,10.893749999999999,,11.566666666666668,12.6875,11.950000000000001,11.070833333333333
2024,6,10,10.25,9.297916666666667,10.366666666666667,11.620833333333332,12.291666666666666,20.579166666666666,7.443478260869565,14.358333333333334,12.908333333333333,10.65,13.379166666666668,11.245833333333332,11.1,10.9375,9.208333333333334,17.008333333333333,,6.804878048780488,11.043750000000001,10.539583333333333,9.288235294117648,16.179166666666667,12.570833333333333,9.766666666666667,11.566666666666668
2024,6,11,10.291666666666666,8.497872340425532,9.841666666666667,6.5625,11.416666666666666,14.045833333333334,5.445833333333333,15.36875,8.429166666666667,8.475,11.870833333333332,11.862499999999999,9.6,12.75,9.441666666666666,12.2125,,5.433333333333334,10.820833333333333,8.516666666666667,8.158333333333333,13.424999999999999,11.520833333333334,9.512500000000001,8.737499999999999
2024,6,12,7.541666666666667,4.610416666666667,7.804166666666667,6.333333333333333,8.4375,6.670833333333333,5.7124999999999995,7.697916666666667,4.583333333333333,5.233333333333333,7.504166666666666,7.304166666666667,6.516666666666667,7.5375000000000005,6.820833333333333,8.441666666666666,,5.033333333333333,6.175,7.604166666666667,6.733333333333333,10.491666666666667,7.695833333333333,6.7124999999999995,6.577777777777778
2024,6,13,10.25,6.416666666666667,8.0,7.508333333333333,11.299999999999999,10.429166666666667,8.625,10.597916666666666,5.833333333333333,9.375,9.445833333333333,10.125,10.775,10.420833333333333,9.674999999999999,12.4,,5.539583333333333,10.191666666666666,8.583333333333334,8.833333333333334,12.166666666666666,6.3374999999999995,10.008333333333333,8.616666666666667
2024,6,14,9.791666666666666,7.447826086956522,9.241666666666667,7.0625,11.233333333333334,14.666666666666666,11.225,11.441666666666668,7.183333333333334,9.845833333333333,11.6875,8.670833333333333,10.929166666666667,9.891666666666667,8.433333333333334,12.191666666666668,,8.86875,11.897916666666667,8.924999999999999,9.908333333333333,12.075000000000001,11.375,9.833333333333334,10.029166666666667
2024,6,15,9.416666666666666,11.293750000000001,11.483333333333334,6.6499999999999995,11.4125,9.204166666666667,10.1,12.3375,7.808333333333334,9.416666666666666,10.354166666666666,9.966666666666667,9.8625,9.795833333333333,9.083333333333334,10.595833333333333,,9.266666666666667,10.525,9.106250000000001,9.158333333333333,13.254166666666668,7.541666666666667,9.641666666666667,8.620833333333334
2024,6,16,8.958333333333334,8.890476190476189,10.079166666666667,5.741666666666667,9.433333333333334,11.791666666666666,8.450000000000001,14.1,4.5375000000000005,7.758333333333333,9.479166666666666,15.387500000000001,9.704166666666667,11.591666666666667,10.0,10.979166666666666,,7.727083333333333,9.5625,8.268749999999999,7.745833333333334,8.9625,8.658333333333333,9.9,9.816666666666666
2024,6,17,10.416666666666666,8.745833333333334,14.358333333333334,5.341666666666666,9.554166666666667,7.383333333333333,10.020833333333334,10.339583333333334,4.954166666666667,9.362499999999999,13.566666666666668,12.079166666666666,10.575000000000001,13.1875,9.237499999999999,9.779166666666667,,6.495833333333334,10.347916666666666,7.15625,6.9875,11.916666666666666,7.3,6.008333333333333,7.641666666666667
2024,6,18,9.875,8.362222222222222,11.991666666666667,5.2875000000000005,8.945833333333333,8.737499999999999,8.654166666666667,13.5375,5.433333333333334,5.966666666666666,10.058333333333334,11.079166666666666,6.116666666666667,11.9125,8.4,9.0375,,9.395833333333334,6.915217391304348,7.279166666666666,7.654166666666668,9.4,8.420833333333333,6.466666666666666,5.620833333333334
2024,6,19,10.666666666666666,6.76304347826087,9.029166666666667,11.508333333333333,8.145833333333334,13.9625,5.275,14.041666666666666,10.116666666666665,7.675,11.554166666666667,7.966666666666666,8.283333333333333,15.979166666666666,7.279166666666666,12.575000000000001,,6.429166666666667,9.975,9.252083333333333,7.8,12.004166666666668,10.783333333333333,7.2875000000000005,7.8875
2024,6,20,8.25,6.521739130434782,9.862499999999999,7.4750000000000005,10.741666666666667,6.370833333333334,5.575,6.470833333333334,4.658333333333333,7.029166666666666,7.529166666666666,8.208333333333334,7.716666666666666,7.820833333333333,8.104166666666666,8.529166666666667,,6.04375,7.375,9.410416666666666,6.929166666666667,13.75,7.045833333333333,8.033333333333333,6.175
2024,6,21,9.857142857142858,11.595833333333333,10.041666666666666,9.470833333333333,15.466666666666667,11.916666666666666,8.870833333333334,14.791666666666666,11.854166666666666,9.041666666666666,9.216666666666667,9.254166666666666,8.5875,10.654166666666667,10.320833333333335,9.641666666666667,,11.956249999999999,9.564583333333333,11.627083333333333,8.308333333333334,19.316666666666666,7.883333333333333,9.020833333333334,7.25
2024,6,22,14.363636363636363,10.380851063829788,12.341666666666667,6.420833333333333,11.266666666666666,9.958333333333334,9.325000000000001,11.200000000000001,5.808333333333334,8.329166666666667,11.762500000000001,11.5375,7.983333333333333,13.258333333333333,9.079166666666667,10.575000000000001,,11.581249999999999,8.543750000000001,7.869565217391305,8.6625,14.016666666666666,8.166666666666666,7.766666666666667,7.0249999999999995
2024,6,23,,5.897872340425532,7.020833333333333,8.924999999999999,9.866666666666667,8.604166666666666,4.033333333333333,9.231250000000001,6.1125,4.416666666666667,7.441666666666666,7.325,5.2375,9.108333333333333,5.841666666666666,8.137500000000001,,8.25,5.172916666666667,8.077083333333333,6.4750000000000005,14.725,7.608333333333333,7.095833333333332,4.570833333333334
2024,6,24,7.714285714285714,5.833333333333333,9.508333333333333,7.933333333333334,8.625,10.85,7.229166666666667,9.68125,5.9375,5.770833333333333,7.8125,7.808333333333334,5.933333333333334,8.095833333333333,7.2124999999999995,8.129166666666666,,9.4625,7.10625,7.9937499999999995,5.9875,14.695833333333333,7.516666666666667,5.370833333333334,5.429166666666667
2024,6,25,10.416666666666666,6.406666666666667,10.620833333333334,9.120833333333334,10.129166666666666,9.204166666666667,8.908333333333333,10.5,6.970833333333334,5.25,8.5,9.279166666666667,6.045833333333333,9.541666666666666,7.395833333333333,9.054166666666667,,10.264583333333333,6.364583333333333,9.053191489361701,8.0,16.929166666666667,6.529166666666666,6.316666666666666,5.941666666666666
2024,6,26,11.458333333333334,9.51276595744681,13.247826086956522,10.670833333333334,11.833333333333334,10.729166666666666,10.195833333333333,13.75625,8.908333333333333,8.737499999999999,10.941666666666668,13.283333333333333,7.983333333333333,10.9375,9.904166666666667,9.583333333333334,,12.19375,9.487499999999999,10.21875,6.7250000000000005,20.829166666666666,7.045833333333333,6.058333333333334,8.658333333333333
2024,6,27,10.875,12.110638297872342,17.758333333333333,11.887500000000001,14.491666666666667,15.704166666666667,14.725,13.927083333333334,12.025,8.958333333333334,13.195833333333333,14.558333333333332,8.387500000000001,14.4625,10.366666666666667,10.862499999999999,,15.700000000000001,9.914583333333333,12.145833333333334,10.179166666666667,26.370833333333334,12.579166666666666,11.604166666666666,10.704166666666666
2024,6,28,11.208333333333334,11.525,19.641666666666666,12.483333333333334,15.591666666666667,14.245833333333332,13.875,12.660416666666668,9.5,11.804166666666667,13.916666666666666,14.725,11.795833333333334,12.141666666666666,13.220833333333333,13.424999999999999,,16.033333333333335,13.004166666666668,11.0875,14.458333333333334,17.216666666666665,10.916666666666666,15.9,12.945833333333333
2024,6,29,10.333333333333334,7.304166666666667,9.733333333333333,11.275,15.179166666666667,13.795833333333334,6.8,17.6375,12.070833333333333,9.804166666666667,13.816666666666668,12.133333333333333,10.012500000000001,15.095833333333333,10.0875,12.720833333333333,,8.65,10.458333333333334,12.366666666666667,9.720833333333333,18.316666666666666,11.554166666666667,10.775,10.916666666666666
2024,6,30,13.25,12.317021276595744,15.35,9.316666666666666,16.779166666666665,15.30909090909091,14.8125,16.108333333333334,10.725,10.041666666666666,13.475,,10.0625,13.091666666666667,10.845833333333333,11.804166666666667,,14.841666666666667,11.447916666666666,13.127083333333333,12.345833333333333,13.5625,10.775,11.7125,10.241666666666667
2024,7,1,6.666666666666667,6.217777777777778,7.383333333333333,7.020833333333333,8.045833333333333,,4.708333333333333,11.739583333333334,6.520833333333333,7.008333333333333,11.4375,6.29375,7.791666666666667,13.416666666666666,7.7625,10.049999999999999,,8.460416666666667,8.258333333333333,7.133333333333333,6.379166666666666,5.283333333333333,5.966666666666666,6.2749999999999995,7.529166666666668
2024,7,2,6.291666666666667,5.053191489361702,6.233333333333333,6.108333333333333,6.8374999999999995,5.706666666666666,3.470833333333333,8.997916666666667,3.8000000000000003,6.583333333333333,11.362499999999999,7.083333333333333,7.2875000000000005,13.116666666666667,7.270833333333333,9.808333333333334,,6.3374999999999995,7.35625,6.258333333333333,5.0625,6.970833333333334,5.491666666666667,5.8,7.133333333333333
2024,7,3,5.041666666666667,5.522916666666667,7.279166666666666,5.845833333333334,8.5375,10.924999999999999,5.933333333333334,11.072916666666666,5.75,6.208333333333333,7.7250000000000005,8.4,7.554166666666667,8.120833333333334,7.0625,9.070833333333333,,6.133333333333333,7.395833333333333,7.389583333333333,6.204166666666667,8.066666666666666,6.925,6.841666666666666,5.970833333333334
2024,7,4,5.958333333333333,7.420833333333333,8.545833333333333,5.0874999999999995,9.845833333333333,8.633333333333335,6.429166666666666,8.345833333333333,4.395833333333333,7.345833333333334,8.683333333333334,9.554166666666667,8.758333333333335,8.808333333333334,8.137500000000001,9.779166666666667,,6.65625,9.070833333333333,6.591304347826087,7.091666666666666,5.825,4.458333333333333,8.583333333333334,7.666666666666667
2024,7,5,7.833333333333333,6.78125,8.033333333333333,6.3625,8.922727272727274,6.375,7.8,7.891666666666667,4.1499999999999995,5.091666666666667,7.770833333333333,7.266666666666667,5.895833333333333,7.3625,6.295833333333333,7.279166666666666,,8.049999999999999,6.279166666666666,6.985416666666667,5.495833333333334,12.891666666666666,5.5,5.6499999999999995,3.975
2024,7,6,8.583333333333334,6.974468085106383,9.058333333333334,5.754166666666666,8.8125,6.995833333333334,7.495833333333334,11.379166666666668,5.2375,5.3625,8.275,8.279166666666667,6.753333333333333,6.9375,6.9375,7.458333333333333,,6.989583333333333,6.221276595744681,7.670833333333333,7.220833333333334,9.404166666666667,7.104166666666667,5.6375,5.125
2024,7,7,7.916666666666667,4.9375,7.216666666666666,5.8374999999999995,6.466666666666666,10.470833333333333,4.229166666666667,8.86875,5.208333333333333,5.533333333333334,9.012500000000001,7.716666666666666,6.769565217391304,11.233333333333334,6.3625,8.105882352941178,,4.839583333333334,7.133333333333333,5.458333333333333,5.545833333333333,9.4,5.429166666666667,5.004166666666666,5.520833333333333
2024,7,8,7.666666666666667,6.60625,9.883333333333333,6.204166666666667,10.016666666666667,12.233333333333334,5.808333333333334,12.864583333333334,8.954166666666667,6.883333333333333,12.179166666666667,9.700000000000001,7.033333333333334,12.295833333333334,6.616666666666667,8.475,,6.0,7.316666666666666,8.654166666666667,9.0625,13.216666666666667,7.382608695652174,8.345833333333333,6.8500000000000005
2024,7,9,7.791666666666667,10.815217391304348,10.025,9.641666666666667,15.195833333333333,18.3625,9.3375,19.59375,15.7875,7.004166666666666,9.895833333333334,10.220833333333333,6.7375,15.279166666666667,7.545833333333333,10.65,,10.387500000000001,7.727083333333333,14.075000000000001,9.666666666666666,19.958333333333332,11.995833333333332,7.925,6.820833333333333
2024,7,10,7.791666666666667,12.081249999999999,11.108333333333334,13.533333333333333,16.629166666666666,17.8625,9.595833333333333,20.727083333333333,17.0625,8.487499999999999,13.387500000000001,9.525,8.320833333333333,15.183333333333332,8.691666666666666,10.858333333333334,,17.029166666666665,10.104166666666666,16.048936170212766,12.333333333333334,22.425,15.51304347826087,10.4125,8.870833333333334
2024,7,11,12.222222222222221,11.385416666666666,14.966666666666667,9.720833333333333,9.979166666666666,14.391666666666666,9.4375,17.333333333333332,8.512500000000001,9.975,14.637500000000001,10.079166666666667,10.854166666666666,14.979166666666666,8.695833333333333,14.858333333333334,,13.260416666666666,13.93125,8.504166666666666,10.429166666666665,9.616666666666665,11.729166666666666,10.345833333333333,8.633333333333333
2024,7,12,11.923076923076923,8.895555555555555,11.379166666666668,8.112499999999999,10.15,16.283333333333335,7.504166666666666,17.51875,10.429166666666667,12.216666666666667,13.25,10.329166666666667,9.454166666666667,12.6625,8.237499999999999,13.154166666666667,,8.895833333333334,11.472916666666668,11.027659574468084,10.375,14.395833333333334,11.049999999999999,11.120833333333332,10.445833333333333
2024,7,13,6.565217391304348,5.824390243902439,7.5874999999999995,7.625,7.4125000000000005,8.658333333333333,4.4750000000000005,10.716666666666667,4.345833333333333,7.7124999999999995,13.387500000000001,9.270833333333334,6.795833333333333,13.7875,5.729166666666667,8.6875,,7.016666666666667,7.289583333333333,6.266666666666667,5.4624999999999995,5.758333333333333,6.566666666666666,5.9750000000000005,5.6125
2024,7,14,7.416666666666667,4.8930232558139535,9.479166666666666,7.116666666666667,6.316666666666666,9.845833333333333,5.766666666666667,10.179166666666667,5.758333333333333,6.879166666666666,9.1,7.3125,6.6875,11.266666666666666,5.608333333333333,9.1625,,6.510416666666667,6.160416666666666,5.5375000000000005,4.5375000000000005,6.9750000000000005,5.904166666666666,4.25,6.1625000000000005
2024,7,15,7.375,6.638297872340425,10.354166666666666,5.675,8.225,12.883333333333333,7.720833333333334,14.88125,11.075000000000001,9.479166666666666,11.283333333333333,10.112499999999999,8.383333333333333,14.145833333333334,8.020833333333334,11.441666666666668,,8.558333333333334,9.327083333333333,6.3125,8.5,9.466666666666667,10.304166666666667,7.579166666666667,8.458333333333334
2024,7,16,10.458333333333334,13.331914893617022,14.566666666666668,7.3625,14.5,14.816666666666668,13.679166666666667,16.224999999999998,11.429166666666667,11.5,14.304166666666667,14.395833333333334,10.116666666666667,17.662499999999998,11.4375,12.270833333333334,,12.104166666666666,10.88936170212766,11.666666666666666,13.133333333333333,12.858333333333334,10.991666666666667,12.495833333333332,11.445833333333333
2024,7,17,10.458333333333334,6.13404255319149,9.970833333333333,5.4375,8.020833333333334,10.862499999999999,7.320833333333333,12.231250000000001,6.133333333333333,12.729166666666666,13.495833333333332,10.070833333333333,8.354166666666666,15.15,7.404166666666666,11.656521739130437,,5.852083333333333,9.35,7.2250000000000005,7.416666666666667,8.533333333333333,9.35,8.508333333333333,7.583333333333333
2024,7,18,6.958333333333333,5.552083333333333,8.254166666666666,7.0125,8.141666666666667,8.1,5.291666666666667,7.883333333333333,6.0625,5.108333333333333,6.941666666666666,7.6625000000000005,5.7375,10.383333333333333,6.0625,8.083333333333334,,6.364583333333333,5.51875,6.602083333333333,6.445833333333333,8.754166666666666,9.0,5.920833333333333,4.5249999999999995
2024,7,19,6.791666666666667,7.577083333333333,9.570833333333333,6.954166666666667,9.6625,8.433333333333334,7.825,9.408333333333333,7.304166666666667,6.595833333333334,7.566666666666666,8.929166666666667,6.779166666666666,10.195833333333333,8.25,9.429166666666667,,10.289583333333333,6.7239130434782615,8.764583333333333,6.8125,12.547826086956523,9.5625,5.754166666666666,7.058333333333334
2024,7,20,8.625,8.391666666666667,11.012500000000001,9.595833333333333,12.458333333333334,10.270833333333334,10.433333333333334,11.247916666666667,9.395833333333334,8.341666666666667,9.829166666666667,10.4625,7.3999999999999995,12.875,9.820833333333333,12.237499999999999,,10.90625,7.927083333333333,10.460416666666667,9.129166666666666,17.962500000000002,9.958333333333334,7.470833333333334,9.516666666666667
2024,7,21,9.583333333333334,9.52340425531915,9.929166666666667,10.541666666666666,18.3625,12.233333333333334,7.833333333333333,17.689583333333335,10.858333333333334,9.6,10.504166666666666,9.112499999999999,8.095833333333333,11.8375,10.9625,13.079166666666666,,11.262500000000001,9.049999999999999,13.885416666666666,10.520833333333334,20.095833333333335,11.479166666666666,9.429166666666667,7.8875
2024,7,22,11.166666666666666,14.891666666666666,13.495833333333332,10.666666666666666,17.337500000000002,13.870833333333332,10.633333333333333,17.347916666666666,12.883333333333333,11.991666666666667,11.620833333333332,12.770833333333334,11.208333333333334,12.566666666666668,10.8375,12.966666666666667,,12.158333333333333,13.354166666666666,13.308333333333332,13.9375,12.220833333333333,14.4375,13.1625,11.079166666666666
2024,7,23,12.0,5.05531914893617,7.841666666666666,5.929166666666667,8.991666666666667,6.541666666666667,4.691666666666666,8.870833333333334,5.3875,6.808333333333334,12.487499999999999,10.379166666666666,6.3125,12.41304347826087,6.354166666666667,8.591666666666667,,6.814583333333334,7.3125,7.078260869565218,15.733333333333334,10.758333333333333,6.8625,4.647826086956521,5.245833333333334
2024,7,24,6.166666666666667,7.79375,11.483333333333334,6.408333333333334,9.758333333333333,10.570833333333335,7.3374999999999995,9.720833333333333,5.916666666666667,8.354166666666666,9.674999999999999,10.104166666666666,9.674999999999999,10.116666666666667,9.820833333333333,10.945833333333333,,9.13125,9.477083333333333,7.1187499999999995,20.545833333333334,8.370833333333334,7.441666666666666,12.512500000000001,9.700000000000001
2024,7,25,5.625,5.964444444444444,10.1,7.3875,9.262500000000001,7.966666666666666,7.404166666666666,7.470833333333334,5.8875,9.879166666666666,13.728571428571428,9.816666666666666,10.674999999999999,10.133333333333333,8.575,12.458333333333334,,7.333333333333333,9.761702127659575,8.289583333333333,7.2625,9.799999999999999,7.845833333333334,6.8374999999999995,8.645833333333334
2024,7,26,5.416666666666667,8.147916666666667,10.879166666666668,8.279166666666667,10.908333333333333,9.466666666666667,9.641666666666667,11.393749999999999,7.7250000000000005,7.758333333333333,9.029411764705882,10.245833333333334,8.362499999999999,9.875,8.820833333333333,10.120833333333334,,11.095833333333333,8.295833333333333,9.860416666666667,8.283333333333333,10.3125,8.9,6.783333333333334,8.804166666666667
2024,7,27,8.833333333333334,11.080851063829787,15.345833333333333,9.237499999999999,13.458333333333334,10.120833333333334,15.5625,13.43125,9.2875,10.262500000000001,11.645833333333334,13.674999999999999,9.916666666666666,12.975,9.633333333333333,10.924999999999999,,14.831249999999999,11.065957446808511,11.058333333333332,9.762500000000001,12.625,13.066666666666668,10.179166666666667,9.333333333333334
2024,7,28,13.08695652173913,8.722727272727273,8.354166666666666,8.008333333333333,9.0875,7.533333333333334,8.216666666666667,9.614583333333334,5.941666666666666,17.523076923076925,9.379166666666666,13.375,10.495833333333334,9.066666666666666,9.8125,9.625,,6.85625,10.76086956521739,7.708333333333333,8.154166666666667,5.375,9.266666666666667,10.15,9.970833333333333
2024,7,29,6.875,3.9812499999999997,6.833333333333333,5.933333333333334,6.616666666666667,6.716666666666666,4.583333333333333,5.977083333333333,3.4291666666666667,3.108333333333333,6.229166666666667,6.441666666666666,5.158333333333333,6.7625,5.5625,6.783333333333334,,6.420833333333333,5.0249999999999995,7.129166666666666,4.5125,8.454166666666667,7.420833333333333,3.9625,3.7458333333333336
2024,7,30,5.291666666666667,5.064583333333333,8.104166666666666,5.320833333333334,8.366666666666667,7.458333333333333,5.008333333333334,7.902083333333334,4.375,4.591666666666667,6.8,7.495833333333334,5.6875,7.4875,5.2749999999999995,7.558333333333334,,7.5,6.3828571428571435,7.657446808510638,5.904166666666666,9.466666666666667,5.839130434782609,4.904166666666667,4.425
2024,7,31,8.208333333333334,8.24255319148936,8.343478260869565,7.345833333333334,11.674999999999999,8.516666666666667,5.329166666666667,11.387500000000001,7.205882352941177,6.3125,10.229166666666666,7.541666666666667,9.616666666666667,9.887500000000001,7.308333333333334,9.3375,,9.341666666666667,7.938461538461539,10.774468085106383,8.275,9.670833333333333,10.308333333333334,7.925,6.554166666666667
2024,8,1,10.166666666666666,7.154166666666666,7.966666666666666,9.595833333333333,13.795833333333334,14.15,6.595833333333334,13.308333333333332,,7.383333333333333,11.295833333333334,8.200000000000001,8.766666666666667,11.758333333333333,9.395833333333334,11.795833333333334,,10.508333333333333,9.40625,11.808333333333332,9.85,20.779166666666665,11.4,9.304166666666667,8.520833333333334
2024,8,2,8.208333333333334,5.3374999999999995,7.441666666666666,9.883333333333333,11.066666666666668,15.954166666666667,9.7875,17.352083333333333,10.53076923076923,4.925,10.375,6.629166666666666,6.441666666666666,11.862499999999999,6.616666666666667,10.183333333333334,,13.060416666666667,6.5375000000000005,13.877083333333333,6.958333333333333,11.8125,15.1,6.554166666666667,6.629166666666666
2024,8,3,8.875,6.2437499999999995,11.104166666666666,12.216666666666667,10.741666666666667,8.950000000000001,11.4625,7.070833333333333,6.195833333333333,6.075,9.666666666666666,8.375,7.133333333333333,10.583333333333334,6.820833333333333,10.362499999999999,,10.7125,6.5687500000000005,10.716666666666667,7.5625,11.783333333333333,9.483333333333333,7.179166666666667,6.1625000000000005
2024,8,4,10.083333333333334,9.756521739130434,11.483333333333334,9.383333333333333,12.266666666666666,12.508333333333333,10.841666666666667,9.164583333333333,9.9,9.516666666666667,10.141666666666667,11.166666666666666,9.920833333333333,9.987499999999999,9.625,11.1,,9.5,10.816666666666668,10.095833333333333,11.9625,8.174999999999999,12.808333333333332,11.945833333333333,9.995833333333334
2024,8,5,7.208333333333333,5.8187500000000005,9.75,6.1375,7.1875,10.0375,6.679166666666667,8.816666666666666,5.125,7.033333333333334,11.362499999999999,10.095833333333333,7.904166666666666,10.0375,9.629166666666666,10.1,,7.620833333333334,7.752083333333334,7.659574468085107,7.829166666666667,9.158333333333333,9.091666666666667,9.283333333333333,7.566666666666666
2024,8,6,8.375,6.2562500000000005,10.116666666666667,6.55,7.695833333333333,6.7,8.383333333333333,6.91875,5.6125,7.7749999999999995,9.545833333333333,8.35,9.279166666666667,10.441666666666666,7.504166666666666,10.549999999999999,,8.15,9.660416666666666,10.252173913043478,7.016666666666667,11.791666666666666,7.679166666666667,6.470833333333334,9.229166666666666
2024,8,7,7.166666666666667,9.366666666666667,12.079166666666666,8.483333333333333,13.320833333333333,10.154166666666667,9.233333333333333,11.522916666666667,7.195833333333333,8.045833333333333,11.041666666666666,8.004166666666666,9.7125,8.179166666666667,10.4625,11.479166666666666,,9.929166666666667,9.189583333333333,12.30625,10.058333333333334,12.6125,10.233333333333333,9.783333333333333,10.262500000000001
2024,8,8,9.583333333333334,11.210416666666667,12.975,10.8125,11.9,13.004166666666668,8.9,13.258333333333333,8.320833333333333,12.075000000000001,17.095833333333335,13.125,13.491666666666667,11.220833333333333,20.82916666666667,15.829166666666666,,9.075000000000001,14.747916666666667,13.979166666666666,11.804166666666667,12.5,11.924999999999999,13.170833333333334,12.616666666666667
2024,8,9,11.791666666666666,6.306976744186046,10.225,8.154166666666667,9.025,11.416666666666666,7.25,11.241666666666667,6.4875,8.320833333333333,15.366666666666667,8.799999999999999,9.091666666666667,9.820833333333333,11.817391304347826,13.229166666666666,,9.064583333333333,9.460416666666667,11.654166666666667,6.925,11.525,9.945833333333333,6.820833333333333,8.191666666666666
2024,8,10,8.625,5.2893617021276595,9.241666666666667,7.2,8.9375,9.920833333333333,5.920833333333333,13.277083333333332,7.320833333333333,6.908333333333334,9.583333333333334,10.116666666666667,7.7250000000000005,13.841666666666667,12.625,9.204166666666667,,6.827083333333333,7.197916666666667,11.141666666666666,7.5625,7.391666666666667,11.433333333333332,7.283333333333334,6.8500000000000005
2024,8,11,7.833333333333333,5.789583333333333,8.616666666666667,8.570833333333333,10.208333333333334,10.008333333333333,5.5,11.604166666666666,7.270833333333333,6.266666666666667,8.808333333333334,7.683333333333334,6.7375,10.579166666666667,10.254166666666666,9.033333333333333,,8.164583333333333,6.539583333333333,11.262500000000001,7.808333333333334,9.983333333333333,10.683333333333332,8.041666666666666,5.729166666666667
2024,8,12,6.5,5.441666666666666,7.054166666666667,7.116666666666667,9.616666666666665,7.404166666666666,3.5500000000000003,9.666666666666666,6.729166666666667,4.954166666666667,8.387500000000001,6.954166666666667,6.454166666666667,11.370833333333332,8.591666666666667,10.370833333333334,,7.060416666666666,6.0625,10.747916666666667,8.04782608695652,10.5875,8.870833333333334,6.391666666666667,6.245833333333334
2024,8,13,7.5,5.3812500000000005,7.291666666666667,7.320833333333333,8.291666666666666,7.75,4.229166666666667,11.112499999999999,7.020833333333333,3.9791666666666665,7.741666666666667,6.8999999999999995,5.358333333333333,13.895833333333334,8.633333333333333,9.637500000000001,,7.545833333333333,5.044444444444444,11.106250000000001,6.1125,13.116666666666667,8.737499999999999,4.4624999999999995,5.304166666666666
2024,8,14,7.7368421052631575,6.534146341463414,9.475,9.200000000000001,8.208333333333334,7.045833333333333,4.741666666666666,8.885416666666666,7.2749999999999995,5.166666666666667,7.504166666666666,9.4125,4.4750000000000005,11.354166666666666,6.083333333333333,6.529166666666666,,7.733333333333333,4.5062500000000005,11.325000000000001,4.570833333333334,16.783333333333335,9.304166666666667,3.1458333333333335,3.5083333333333333
2024,8,15,,10.845833333333333,12.237499999999999,12.183333333333332,13.904166666666667,11.549999999999999,9.174999999999999,14.424999999999999,12.308333333333332,5.791666666666667,7.991666666666667,9.370833333333334,5.6375,13.1875,7.220833333333334,8.454166666666667,,11.927083333333334,5.770212765957447,13.40625,12.85,13.545833333333334,13.825000000000001,9.908333333333333,5.595833333333334
2024,8,16,12.714285714285714,12.120000000000001,17.400000000000002,9.6875,16.833333333333332,16.983333333333334,11.325000000000001,20.5625,13.012500000000001,10.770833333333334,14.450000000000001,17.316666666666666,10.495833333333334,17.479166666666668,12.1875,13.529166666666667,,12.456249999999999,11.687234042553191,15.389583333333334,17.508333333333333,12.666666666666666,12.879166666666668,15.670833333333334,11.391666666666666
2024,8,17,12.416666666666666,11.606250000000001,13.1875,10.854166666666666,19.316666666666666,15.279166666666667,9.583333333333334,14.504166666666668,9.375,9.291666666666666,16.254166666666666,16.016666666666666,9.2125,15.358333333333334,9.799999999999999,15.512500000000001,,12.652083333333332,10.054166666666667,13.852083333333333,14.241666666666667,,11.754166666666668,12.545833333333334,11.1875
2024,8,18,11.375,9.767391304347827,11.141666666666666,8.670833333333333,17.5625,11.704166666666666,6.633333333333333,11.360416666666666,10.354166666666666,12.429166666666667,14.225,14.154166666666667,12.241666666666667,14.216666666666667,12.616666666666667,13.237499999999999,,10.429166666666667,14.362499999999999,9.872916666666667,14.583333333333334,,9.941666666666666,13.404166666666667,12.508333333333333
2024,8,19,15.181818181818182,6.155555555555556,9.370833333333334,7.379166666666666,11.354166666666666,9.720833333333333,5.845833333333334,9.375,6.770833333333333,11.208333333333334,13.825000000000001,14.700000000000001,10.483333333333333,13.174999999999999,13.075000000000001,11.083333333333334,,14.229166666666666,11.289583333333333,9.25625,10.070833333333333,,7.2749999999999995,9.637500000000001,11.056521739130435
2024,8,20,13.708333333333334,10.716666666666667,13.15,8.204166666666667,11.641666666666666,11.941666666666668,9.125,9.18,7.570833333333333,8.133333333333333,17.083333333333332,15.929166666666667,10.0875,10.883333333333333,10.908333333333333,13.045833333333334,,14.19375,10.952083333333334,11.272916666666667,9.012500000000001,8.178571428571429,6.825,9.154166666666667,10.700000000000001
2024,8,21,13.333333333333334,11.580851063829787,12.2875,8.133333333333333,12.616666666666667,14.825000000000001,6.170833333333333,13.889361702127658,9.887500000000001,11.791666666666666,17.166666666666668,27.508333333333336,11.8375,13.166666666666666,14.070833333333333,14.454166666666666,,9.989583333333334,12.59375,12.485106382978723,12.533333333333333,8.6875,9.8375,14.0875,12.495833333333332
2024,8,22,6.791666666666667,6.6255319148936165,8.345833333333333,7.258333333333333,9.920833333333333,8.862499999999999,4.379166666666666,8.84375,5.304166666666666,5.633333333333333,9.104166666666666,4.2375,7.979166666666667,10.066666666666666,8.479166666666666,9.950000000000001,,8.127083333333333,7.279166666666666,10.252083333333333,8.008333333333333,13.825000000000001,9.245833333333334,6.520833333333333,6.691666666666666
2024,8,23,11.291666666666666,8.789583333333335,11.516666666666666,7.645833333333333,12.575000000000001,11.366666666666667,6.6625000000000005,11.891666666666666,7.220833333333334,7.8374999999999995,11.35,8.716666666666667,8.887500000000001,8.6875,9.9625,9.641666666666667,,8.945833333333333,8.94375,11.825000000000001,10.1625,11.137500000000001,11.125,9.987499999999999,7.129166666666666
2024,8,24,13.958333333333334,9.804255319148936,11.129166666666668,8.954166666666667,13.391666666666666,15.275,7.7124999999999995,16.577083333333334,13.208333333333334,11.441666666666668,15.208333333333334,11.545833333333334,10.558333333333334,14.595833333333333,10.629166666666666,12.020833333333334,,8.7125,12.022916666666667,12.910416666666668,14.345833333333333,12.420833333333334,17.083333333333332,10.637500000000001,10.591666666666667
2024,8,25,12.458333333333334,10.625,12.091666666666667,7.891666666666667,15.450000000000001,11.095833333333333,7.420833333333333,13.902083333333332,10.129166666666666,10.345833333333333,16.466666666666665,11.237499999999999,10.208333333333334,15.9125,10.512500000000001,11.495833333333332,,8.55625,12.174999999999999,12.166666666666666,13.095833333333333,10.645833333333334,13.070833333333333,10.4625,8.879166666666666
2024,8,26,5.791666666666667,9.116666666666667,18.853846153846153,6.979166666666667,8.366666666666667,5.991666666666667,8.258333333333333,7.08125,4.604166666666667,4.7375,7.941666666666666,11.108333333333334,5.945833333333333,13.695833333333333,7.695833333333333,7.4125000000000005,,11.147916666666667,5.539583333333333,9.706249999999999,6.266666666666667,11.058333333333332,6.229166666666667,5.383333333333333,5.8625
2024,8,27,12.25,12.254166666666668,,8.954166666666667,12.950000000000001,9.558333333333334,9.304166666666667,14.433333333333332,7.0125,10.304166666666667,11.666666666666666,14.950000000000001,10.091666666666667,14.6,11.525,10.758333333333333,,12.304166666666667,10.85,12.018181818181818,14.025,19.141666666666666,9.954166666666667,10.783333333333333,10.604166666666666
2024,8,28,14.333333333333334,13.127083333333333,19.426666666666666,13.095833333333333,18.337500000000002,14.112499999999999,9.833333333333334,15.870833333333332,13.529166666666667,11.904166666666667,16.7375,15.108333333333334,12.295833333333334,17.0,13.529166666666667,15.191666666666668,,16.306250000000002,13.6875,17.76304347826087,16.099999999999998,26.633333333333336,15.875,13.625,13.504166666666668
2024,8,29,17.166666666666668,18.5125,19.6875,15.429166666666667,23.445833333333336,17.816666666666666,15.679166666666667,20.193749999999998,17.795833333333334,16.066666666666666,20.341666666666665,20.5,13.745833333333332,17.045833333333334,15.741666666666667,16.991666666666667,,21.033333333333335,17.022916666666667,21.8875,19.358333333333334,23.45,15.950000000000001,14.545833333333334,17.333333333333332
2024,8,30,17.333333333333332,21.881249999999998,19.829166666666666,16.25,25.483333333333334,18.895833333333332,16.729166666666668,21.43541666666667,18.545833333333334,18.8875,22.329166666666666,22.729166666666668,15.275,17.583333333333332,16.408333333333335,18.233333333333334,,16.743750000000002,18.89375,20.833333333333332,18.920833333333334,22.145833333333332,17.229166666666668,14.575000000000001,17.474999999999998
2024,8,31,15.416666666666666,5.972340425531915,10.625,12.354166666666666,13.6625,20.429166666666667,7.5375000000000005,20.285416666666666,15.025,14.166666666666666,20.358333333333334,11.408333333333333,13.633333333333333,20.533333333333335,11.0625,19.016666666666666,,11.710416666666667,15.762500000000001,12.331249999999999,13.637500000000001,7.058333333333334,16.7,14.629166666666668,14.541666666666666
2024,9,1,8.083333333333334,8.695348837209302,11.154166666666667,13.083333333333334,8.700000000000001,17.650000000000002,8.066666666666666,13.839583333333332,10.666666666666666,6.0874999999999995,11.708333333333334,9.775,6.758333333333333,15.445833333333333,9.266666666666667,9.674999999999999,,13.206249999999999,6.858333333333333,10.197916666666666,7.9125000000000005,9.708695652173914,10.745833333333332,6.2,6.6875
2024,9,2,13.208333333333334,8.444444444444445,8.8375,11.174999999999999,15.804166666666667,20.099999999999998,5.779166666666666,17.185416666666665,18.720833333333335,10.125,17.712500000000002,9.833333333333334,11.604166666666666,16.083333333333332,11.475,15.595652173913043,,10.31875,12.347916666666668,15.275,13.5,15.195833333333333,14.475,12.125,13.116666666666667
2024,9,3,16.041666666666668,13.474468085106382,16.116666666666667,14.1875,21.183333333333334,18.625,10.766666666666666,21.397916666666664,18.625,18.4875,25.633333333333336,17.129166666666666,16.670833333333334,24.075,16.95,18.395833333333332,,18.29375,20.243750000000002,21.290243902439023,17.370833333333334,24.412499999999998,16.9375,16.375,18.45
2024,9,4,17.375,19.875,27.575,16.145833333333332,24.641666666666666,18.912499999999998,18.825,24.275000000000002,18.643478260869564,23.175,25.008333333333336,23.354166666666668,22.066666666666666,21.433333333333334,23.037499999999998,23.233333333333334,,22.177083333333332,25.20625,19.9875,21.90416666666667,31.5625,21.058333333333334,21.587500000000002,24.916666666666668
2024,9,5,15.0,21.7375,23.633333333333336,15.975,22.40833333333333,15.762500000000001,13.85,18.849999999999998,14.200000000000001,17.7125,22.0125,16.816666666666666,15.654166666666669,23.879166666666666,19.741666666666667,18.025000000000002,,25.885416666666668,18.229166666666668,19.302083333333332,18.104166666666668,51.900000000000006,18.066666666666666,17.270833333333332,17.829166666666666
2024,9,6,19.833333333333332,17.912499999999998,25.09583333333333,19.425,18.670833333333334,18.1375,14.741666666666667,19.495833333333334,18.779166666666665,16.116666666666667,21.358333333333334,21.168181818181818,13.733333333333334,22.179166666666664,17.079166666666666,16.558333333333334,,22.302083333333332,15.63125,20.64375,14.9125,33.71666666666667,16.282608695652176,14.858333333333334,14.558333333333332
2024,9,7,16.125,16.029166666666665,22.96666666666667,15.241666666666667,17.837500000000002,13.554166666666667,15.575000000000001,14.604166666666666,13.645833333333334,14.533333333333333,17.758333333333333,19.075,12.691666666666668,21.029166666666665,14.5875,14.108333333333334,,20.760416666666668,13.860416666666666,16.920833333333334,13.291666666666666,30.150000000000002,14.320833333333333,12.354166666666666,13.825000000000001
2024,9,8,16.25,15.302083333333334,16.537499999999998,14.049999999999999,18.070833333333333,16.379166666666666,12.604166666666666,15.85,14.225,10.420833333333333,12.141666666666666,14.483333333333334,9.987499999999999,16.825,11.666666666666666,12.049999999999999,,18.847916666666666,10.549999999999999,18.702083333333334,15.045833333333334,25.391666666666666,14.466666666666667,13.325000000000001,10.3375
2024,9,9,11.958333333333334,10.2125,14.704166666666666,7.6375,12.529166666666667,12.583333333333334,8.041666666666666,14.110416666666666,9.295833333333333,11.700000000000001,15.5625,14.775,11.483333333333334,18.95,11.7125,11.729166666666666,,13.231250000000001,11.831249999999999,10.822916666666666,11.225,18.41578947368421,12.475,12.2125,10.033333333333333
2024,9,10,13.0,6.3311111111111105,8.016666666666667,7.6000000000000005,10.454166666666667,11.604166666666666,4.654166666666667,10.702083333333334,5.3,9.308333333333334,14.9,10.583333333333334,11.7875,20.658333333333335,10.604166666666666,11.9,,7.802083333333333,11.282857142857143,10.356250000000001,9.770833333333334,9.054166666666667,7.8625,11.691666666666668,9.895833333333334
2024,9,11,10.0,6.6553191489361705,9.395833333333334,6.2375,12.679166666666667,11.104166666666666,4.816666666666666,12.702083333333334,7.05,10.133333333333333,16.745833333333334,10.320833333333333,10.504166666666666,13.512500000000001,9.770833333333334,14.208333333333334,,6.245652173913044,10.76842105263158,9.625531914893617,9.883333333333333,6.8999999999999995,9.904166666666667,9.758333333333333,9.108333333333333
2024,9,12,9.541666666666666,4.691304347826088,6.1499999999999995,4.4750000000000005,5.883333333333333,12.862499999999999,4.066666666666666,13.950000000000001,4.266666666666667,12.7125,18.754166666666666,8.225,12.683333333333332,12.208333333333334,8.770833333333334,16.243478260869566,,5.75,13.887500000000001,7.566666666666666,8.75,9.8125,10.45,9.979166666666666,10.358333333333333
2024,9,13,7.416666666666667,3.5190476190476194,5.104166666666667,3.720833333333333,7.4624999999999995,8.854166666666666,3.2291666666666665,11.04468085106383,5.179166666666666,10.825000000000001,16.654166666666665,3.3000000000000003,11.433333333333332,17.104166666666668,10.279166666666667,13.77727272727273,,6.15625,12.464583333333332,7.541666666666667,8.441666666666666,9.24090909090909,7.404166666666666,9.117391304347825,11.154166666666667
2024,9,14,12.666666666666666,3.1604166666666664,6.095833333333334,2.595833333333333,7.020833333333333,5.229166666666667,2.670833333333333,6.977083333333333,2.9958333333333336,9.066666666666666,12.833333333333334,,10.816666666666668,6.958333333333333,4.8,13.43913043478261,,4.58125,11.59375,6.089583333333334,6.6125,8.6,5.895833333333333,7.7749999999999995,9.979166666666666
2024,9,15,23.041666666666668,7.084782608695652,9.575000000000001,2.6333333333333333,12.470833333333333,2.654166666666667,5.491666666666667,3.766666666666666,2.725,15.5625,7.4875,,13.375,5.129166666666666,18.429166666666667,8.117391304347825,,4.73125,13.066666666666668,7.670833333333333,9.195833333333333,5.483333333333333,4.666666666666667,9.147619047619047,11.5375
2024,9,16,25.17391304347826,20.79375,29.129166666666666,18.84375,19.395833333333332,17.05,19.912499999999998,14.939583333333333,13.270833333333334,18.858333333333334,16.658333333333335,26.89333333333333,15.916666666666666,16.566666666666666,24.104166666666668,15.104347826086956,,16.691666666666666,17.333333333333332,15.816666666666668,16.058333333333334,21.114285714285717,15.216666666666667,16.395833333333332,17.162499999999998
2024,9,17,17.875,28.241666666666664,29.1375,18.866666666666667,34.94583333333333,26.270833333333332,34.82083333333333,25.604166666666668,21.641666666666666,28.78333333333333,31.991666666666664,28.916666666666668,29.25,18.9375,29.46666666666667,24.400000000000002,,31.639583333333334,33.74166666666667,24.320833333333336,34.97083333333333,39.329166666666666,25.541666666666668,28.133333333333336,31.900000000000002
2024,9,18,16.458333333333332,25.525000000000002,23.34583333333333,23.1375,28.604545454545452,27.504166666666666,26.858333333333334,24.181250000000002,27.775000000000002,18.625,30.104166666666668,25.266666666666666,23.80952380952381,14.116666666666667,18.470833333333335,25.745833333333334,,30.93541666666667,20.939583333333335,30.818749999999998,27.704166666666666,34.916666666666664,27.4375,24.34166666666667,25.929166666666664
2024,9,19,15.0,18.76595744680851,22.254166666666666,18.40869565217391,22.241666666666664,20.3125,11.958333333333334,18.256249999999998,14.958333333333334,19.5125,27.354166666666668,20.7,15.975,15.066666666666668,20.470833333333335,19.8875,,23.743750000000002,18.131249999999998,20.0,21.008333333333333,23.741666666666664,15.604166666666666,21.191666666666666,20.504166666666666
2024,9,20,17.625,18.264583333333334,23.508333333333336,18.420833333333334,25.391666666666666,15.620833333333332,14.666666666666666,16.858333333333334,14.4125,16.962500000000002,30.204166666666666,19.966666666666665,19.104166666666668,16.0,21.083333333333332,24.769565217391307,,28.375,19.997916666666665,20.443749999999998,23.104166666666668,31.45,15.808333333333332,23.754166666666666,24.483333333333334
2024,9,21,17.416666666666668,24.131249999999998,23.833333333333332,15.458333333333334,40.550000000000004,17.879166666666666,15.591666666666667,21.364583333333332,15.799999999999999,21.145833333333332,32.78333333333333,20.741666666666667,22.0625,22.983333333333334,23.2,27.0,,24.337500000000002,21.122916666666665,19.420833333333334,28.77916666666667,24.754166666666666,22.65416666666667,23.270833333333332,27.133333333333336
2024,9,22,18.208333333333332,22.297916666666666,23.447619047619046,14.5375,39.0,23.96666666666667,12.862499999999999,26.33125,15.041666666666666,21.337500000000002,26.6125,21.3875,18.75,17.45,20.841666666666665,25.795833333333334,,24.96666666666667,20.389583333333334,17.991666666666667,23.204166666666666,18.816666666666666,20.033333333333335,23.304166666666664,22.537499999999998
2024,9,23,13.0,23.43958333333333,25.109523809523807,16.054166666666667,25.995833333333334,18.533333333333335,19.2,17.35625,15.095833333333333,18.8,20.291666666666668,24.616666666666664,18.529166666666665,14.816666666666666,18.683333333333334,18.1875,,25.229166666666668,18.95531914893617,17.154166666666665,17.983333333333334,22.525000000000002,16.854166666666668,20.224999999999998,17.025000000000002
2024,9,24,14.416666666666666,18.32127659574468,24.0,12.93913043478261,17.358333333333334,15.737499999999999,16.970833333333335,20.060416666666665,13.875,14.808333333333332,18.275000000000002,18.575,14.704166666666666,16.537499999999998,14.1625,16.095833333333335,,20.858333333333334,16.51489361702128,15.789130434782608,16.041666666666668,14.7875,14.829166666666666,17.379166666666666,12.183333333333332
2024,9,25,10.833333333333334,6.723404255319149,11.654545454545454,5.425,8.775,8.054166666666667,5.4375,13.777083333333332,,9.0,14.612499999999999,11.4125,11.029166666666667,14.725,10.054166666666667,12.670833333333334,,7.675,10.239583333333334,8.619444444444445,8.3375,8.943478260869565,9.141666666666667,8.858333333333333,10.166666666666666
2024,9,26,10.833333333333334,7.825,13.26086956521739,4.625,9.475,6.883333333333333,6.5625,8.964583333333334,,9.045833333333333,11.450000000000001,11.6875,9.825000000000001,10.516666666666667,9.216666666666667,11.841666666666667,,6.127083333333334,10.458333333333334,8.383333333333333,8.633333333333333,6.6625000000000005,9.204166666666667,9.454166666666667,7.933333333333334
2024,9,27,5.166666666666667,2.9895833333333335,5.858333333333333,2.25,4.441666666666666,3.2624999999999997,3.1833333333333336,5.054166666666666,1.8071428571428572,3.658333333333333,8.883333333333333,6.229166666666667,4.729166666666667,12.1,3.7583333333333333,7.375,,3.7104166666666667,5.175,5.279166666666667,2.6083333333333334,7.6499999999999995,6.5,1.9411764705882353,2.841666666666667
2024,9,28,5.833333333333333,3.3708333333333336,4.895833333333333,3.85,5.566666666666666,2.8166666666666664,3.5666666666666664,4.439583333333333,3.225,2.904166666666667,7.458333333333333,4.904166666666667,4.233333333333333,7.575,4.070833333333334,7.491666666666667,,3.71304347826087,3.827083333333333,6.960416666666667,5.229166666666667,8.395833333333334,6.904166666666666,2.4571428571428573,2.6083333333333334
2024,9,29,6.666666666666667,5.34375,5.95,7.758333333333333,8.758333333333333,4.054166666666666,9.604166666666666,5.010416666666667,4.516666666666667,4.691666666666667,6.670833333333333,5.870833333333334,6.379166666666666,8.725,6.25,7.020833333333333,,6.739583333333333,5.3812500000000005,8.358333333333333,16.154166666666665,10.358333333333333,8.470833333333333,4.404166666666667,5.795833333333333
2024,9,30,5.666666666666667,10.897826086956522,7.883333333333333,9.454166666666667,15.354166666666666,6.7250000000000005,10.020833333333334,8.127083333333333,12.579166666666666,6.425,6.118181818181818,7.8374999999999995,6.383333333333333,7.870833333333334,8.054166666666667,8.983333333333333,,8.083333333333334,5.2124999999999995,13.214583333333332,13.454166666666666,10.872727272727273,7.291666666666667,4.895833333333333,11.775
2024,10,1,5.875,8.302083333333334,7.220833333333334,13.0625,15.0375,11.016666666666666,6.554166666666667,10.954166666666666,11.766666666666666,13.954166666666666,13.904166666666667,8.633333333333333,10.204166666666667,11.108333333333334,7.158333333333334,14.245833333333332,,7.125,9.320833333333333,16.843478260869563,11.679166666666667,15.700000000000001,10.845833333333333,7.4375,11.5375
2024,10,2,9.5,12.109523809523811,9.633333333333333,13.770833333333334,24.59583333333333,15.445833333333333,11.450000000000001,15.454166666666666,10.325000000000001,16.208333333333332,15.3125,17.541666666666668,12.35,11.620833333333332,15.2875,12.018181818181818,,5.545833333333333,12.991666666666667,17.277083333333334,20.400000000000002,21.224999999999998,16.0125,17.633333333333333,14.729166666666666
2024,10,3,11.125,6.1780487804878055,7.108333333333333,10.395833333333334,14.270833333333334,16.058333333333334,7.308333333333334,13.35,9.958333333333334,13.970833333333333,12.525,9.891666666666667,14.345833333333333,11.983333333333334,11.85,13.660869565217391,,6.191666666666666,13.391666666666666,11.700000000000001,26.59583333333333,8.695833333333333,10.554166666666667,18.8,14.708333333333334
2024,10,4,11.208333333333334,6.410638297872341,6.8125,9.450000000000001,12.4625,17.125,9.270833333333334,13.685416666666667,12.783333333333333,15.112499999999999,16.754166666666666,9.612499999999999,16.245833333333334,11.529166666666667,9.129166666666666,16.87727272727273,,5.0125,15.299999999999999,12.477083333333333,11.741666666666667,9.954166666666667,11.583333333333334,10.825000000000001,16.150000000000002
2024,10,5,5.0,6.386363636363637,10.504166666666666,12.0625,11.6625,7.325,12.200000000000001,6.539583333333333,4.495833333333334,7.404166666666666,11.2875,8.895833333333334,8.404166666666667,9.270833333333334,9.183333333333334,11.265217391304349,,7.2375,8.285416666666666,13.314583333333333,11.545833333333334,8.758333333333333,8.445833333333333,11.816666666666668,11.983333333333334
2024,10,6,8.625,9.10909090909091,11.470833333333333,14.9375,18.1125,11.6875,15.808333333333332,7.9624999999999995,10.566666666666666,10.975,10.166666666666666,9.4625,13.1625,8.754166666666666,12.108333333333334,17.83913043478261,,14.054166666666667,10.74375,16.83125,25.204166666666666,17.8125,9.545833333333333,16.533333333333335,15.141666666666666
2024,10,7,13.791666666666666,19.297826086956523,14.029166666666667,8.883333333333333,24.2,11.145833333333334,17.208333333333332,13.833333333333334,10.137500000000001,21.40833333333333,23.77916666666667,13.533333333333333,17.8625,11.883333333333333,17.162499999999998,21.204347826086956,,13.891666666666666,16.885416666666668,12.360416666666666,23.724999999999998,11.054166666666667,12.9125,19.216666666666665,18.741666666666667
2024,10,8,15.083333333333334,20.495833333333334,22.666666666666668,7.283333333333334,12.133333333333333,11.670833333333334,16.616666666666667,10.241666666666667,6.3374999999999995,14.933333333333332,14.9625,19.720833333333335,14.9125,12.016666666666666,16.179166666666667,13.68695652173913,,14.914583333333333,15.81086956521739,11.158333333333333,13.775,13.471428571428572,12.445833333333333,14.758333333333333,13.141666666666666
2024,10,9,8.958333333333334,12.322916666666666,16.220833333333335,6.083333333333333,10.841666666666667,6.816666666666666,9.116666666666667,14.4375,5.616666666666667,11.729166666666666,9.41304347826087,17.004166666666666,12.637500000000001,8.008333333333333,13.120833333333332,12.121739130434783,,8.170833333333333,11.969047619047618,9.147916666666667,13.166666666666666,8.072222222222223,10.395833333333334,13.516666666666666,12.7875
2024,10,10,9.458333333333334,7.34,11.858333333333334,4.921739130434783,8.191666666666666,6.6499999999999995,7.5249999999999995,7.895833333333333,5.079166666666667,9.995833333333334,9.520833333333334,12.633333333333333,9.700000000000001,9.033333333333333,8.945833333333333,9.808333333333334,,5.429787234042553,9.65625,8.643749999999999,8.6125,6.3999999999999995,7.783333333333334,8.25,7.495833333333334
2024,10,11,7.833333333333333,6.910416666666666,5.704166666666667,9.545833333333333,11.766666666666666,7.3875,6.754166666666666,7.108333333333333,5.1625000000000005,7.75,9.6875,7.0125,7.875,10.595833333333333,7.7250000000000005,10.491666666666667,,6.4312499999999995,6.807142857142857,11.010416666666666,11.995833333333332,13.881818181818181,9.204166666666667,5.558333333333334,5.95
2024,10,12,16.166666666666668,12.897916666666667,8.504166666666666,10.85,14.466666666666667,8.295833333333333,7.3500000000000005,11.752083333333333,8.466666666666667,21.445833333333336,26.1375,10.166666666666666,15.5875,16.766666666666666,11.516666666666666,15.508333333333333,,7.1125,13.112499999999999,14.456249999999999,22.224999999999998,12.058333333333332,11.591666666666667,10.7125,21.004166666666666
2024,10,13,12.681818181818182,7.60625,9.225,4.375,8.170833333333333,8.1875,6.2124999999999995,11.295833333333334,6.066666666666666,8.737499999999999,15.254166666666668,8.875,10.341666666666667,9.266666666666667,8.174999999999999,11.008333333333333,,6.429166666666667,10.183333333333334,9.391666666666667,13.908333333333333,8.491666666666667,9.174999999999999,8.433333333333334,7.720833333333334
2024,10,14,6.375,5.170833333333333,7.258333333333333,9.958333333333334,11.262500000000001,5.929166666666667,8.829166666666667,7.727083333333333,6.8875,6.120833333333334,7.9875,7.120833333333334,7.908333333333334,11.283333333333333,7.358333333333333,8.0625,,6.585416666666667,8.011538461538462,11.96875,16.8625,11.7,8.512500000000001,6.395833333333333,7.304166666666666
2024,10,15,8.875,15.554166666666667,8.583333333333334,15.941666666666668,19.241666666666667,19.099999999999998,16.008333333333333,17.73125,13.975,13.362499999999999,15.045833333333334,8.895,13.7875,14.695833333333333,8.424999999999999,15.245833333333335,,12.010416666666666,10.863888888888889,19.056250000000002,40.40833333333333,17.400000000000002,13.549999999999999,12.941666666666668,13.866666666666667
2024,10,16,10.958333333333334,21.379166666666666,12.195833333333333,16.5,34.06666666666667,19.929166666666667,15.4625,21.368750000000002,18.037499999999998,19.408333333333335,24.78333333333333,10.692857142857141,15.8375,17.691666666666666,13.304761904761904,19.775000000000002,,13.241666666666667,12.920833333333334,23.12708333333333,24.379166666666666,15.362499999999999,12.345833333333333,11.487499999999999,21.958333333333332
2024,10,17,9.125,7.25,9.3125,8.729166666666666,10.304166666666667,13.941666666666668,4.266666666666667,11.487499999999999,11.204166666666666,8.404166666666667,12.483333333333334,8.612499999999999,8.670833333333333,15.7875,7.520833333333333,10.916666666666666,,12.799999999999999,7.933333333333334,13.491666666666667,7.45,14.433333333333332,10.9625,5.970833333333334,6.5375000000000005
2024,10,18,7.3478260869565215,11.270833333333334,14.379166666666668,11.475,14.208333333333334,17.175,9.520833333333334,13.4375,13.120833333333332,7.8999999999999995,12.129166666666668,10.299999999999999,8.558333333333334,16.808333333333334,9.0125,11.620833333333332,,19.679166666666667,7.822916666666667,14.237499999999999,11.520833333333334,17.066666666666666,13.141666666666666,10.2875,9.016666666666667
2024,10,19,,10.458695652173914,11.820833333333333,14.583333333333334,16.320833333333333,23.5125,7.6499999999999995,15.86875,16.900000000000002,10.683333333333332,16.2,11.504166666666668,11.004166666666668,23.9375,10.4125,14.520833333333334,,18.006249999999998,10.058333333333334,17.827083333333334,11.220833333333333,31.9375,15.554166666666667,10.416666666666666,10.674999999999999
2024,10,20,,22.8,22.104166666666668,16.179166666666667,21.96666666666667,27.441666666666666,16.058333333333334,22.495833333333334,17.316666666666666,21.108333333333334,20.883333333333333,15.737499999999999,16.283333333333335,26.608333333333334,17.341666666666665,17.900000000000002,,20.75625,15.487499999999999,17.764583333333334,23.320833333333336,25.59583333333333,22.679166666666664,19.879166666666666,15.608333333333334
2024,10,21,16.714285714285715,19.619148936170212,21.766666666666666,14.943478260869565,21.016666666666666,20.129166666666666,18.429166666666667,24.727083333333336,11.258333333333333,19.220833333333335,28.125,22.891666666666666,19.5125,21.125,21.84166666666667,21.741666666666664,,13.983333333333334,21.033333333333335,19.860416666666666,25.175,18.108333333333334,17.412499999999998,21.2625,18.445833333333333
2024,10,22,21.541666666666668,21.81458333333333,18.712500000000002,17.599999999999998,19.525000000000002,22.90416666666667,13.65,32.02708333333333,16.2625,21.741666666666664,23.045833333333334,22.808333333333334,19.625,17.541666666666668,20.270833333333332,22.75,,12.283333333333333,23.361363636363638,18.741304347826087,24.05,14.804166666666667,20.070833333333333,19.7375,17.76086956521739
2024,10,23,7.416666666666667,16.52553191489362,8.954166666666667,14.366666666666667,28.825000000000003,13.141666666666666,10.6875,16.652083333333334,11.720833333333333,17.25,16.583333333333332,11.129166666666668,18.429166666666667,19.379166666666666,16.2,16.6125,,13.706249999999999,15.9425,16.5125,35.9,26.09583333333333,9.875,15.225,23.270833333333332
2024,10,24,16.625,19.99148936170213,15.679166666666667,19.05,34.15833333333333,23.662499999999998,27.90833333333333,26.258333333333336,20.625,19.575,38.8125,19.595833333333335,20.954166666666666,22.504166666666666,19.1875,31.125,,15.591666666666667,23.347916666666666,22.339583333333334,43.5,16.858333333333334,12.529166666666667,28.883333333333336,29.5625
2024,10,25,12.625,31.325531914893617,30.325,19.575,29.633333333333336,30.724999999999998,31.625,30.058333333333334,21.96666666666667,25.90833333333333,53.945454545454545,21.40833333333333,24.025000000000002,27.741666666666664,25.025000000000002,29.97083333333333,,29.75,23.816666666666666,26.802083333333332,27.554166666666664,33.800000000000004,20.9375,28.241666666666664,34.516666666666666
2024,10,26,20.291666666666668,46.73333333333333,45.637499999999996,31.5625,40.12916666666667,36.59583333333333,44.262499999999996,33.21458333333333,24.820833333333336,42.84166666666667,64.99583333333334,40.49583333333333,31.045833333333334,32.6875,37.987500000000004,38.18333333333333,,37.635416666666664,34.09583333333333,26.145833333333332,48.354166666666664,30.974999999999998,27.224999999999998,34.675000000000004,35.63333333333333
2024,10,27,33.34782608695652,43.12142857142857,30.770833333333332,22.833333333333332,45.90416666666667,33.641666666666666,23.395833333333332,28.06458333333333,29.6125,41.24782608695652,63.4304347826087,36.300000000000004,35.86086956521739,35.041666666666664,42.69130434782608,36.778260869565216,,25.670833333333334,41.832608695652176,28.727083333333336,46.643478260869564,22.53333333333333,30.229166666666668,39.38260869565217,40.243478260869566
2024,10,28,15.125,18.02093023255814,11.466666666666667,18.412499999999998,25.9875,19.287499999999998,13.4625,21.247916666666665,17.087500000000002,17.445833333333333,30.445833333333336,14.208333333333334,14.933333333333332,26.554166666666664,18.416666666666668,21.443478260869565,,15.520833333333334,19.185416666666665,21.3875,25.96666666666667,17.483333333333334,16.270833333333332,18.270833333333332,16.4875
2024,10,29,26.541666666666668,14.270454545454545,13.229166666666666,17.054166666666667,23.224999999999998,18.625,13.470833333333333,21.275000000000002,16.195833333333333,22.254166666666666,23.95,22.758333333333336,18.325,30.599999999999998,20.320833333333333,20.454166666666666,,13.135416666666666,20.047916666666666,15.891489361702128,32.96666666666667,12.158333333333333,16.666666666666668,23.34583333333333,18.212500000000002
2024,10,30,10.375,8.73404255319149,5.7,16.866666666666667,17.158333333333335,21.991666666666664,3.7458333333333336,23.172916666666666,19.6875,13.825000000000001,16.116666666666667,8.479166666666666,15.237499999999999,20.541666666666668,13.941666666666668,17.3125,,8.825000000000001,16.59375,15.397916666666667,25.929166666666664,9.6875,14.716666666666667,20.008333333333333,15.045833333333334
2024,10,31,8.666666666666666,7.1312500000000005,7.178260869565217,12.450000000000001,8.258333333333333,14.229166666666666,5.383333333333333,13.527083333333332,9.4125,5.633333333333333,12.229166666666666,9.916666666666666,6.954166666666667,13.975,7.7875000000000005,11.637500000000001,,8.422916666666667,8.704166666666667,11.560416666666667,14.041666666666666,8.025,8.954166666666667,8.304166666666667,6.504166666666666
2024,11,1,8.625,10.746511627906978,6.0249999999999995,17.783333333333335,17.420833333333334,16.383333333333333,3.4333333333333336,12.03125,20.445833333333333,13.433333333333332,11.554166666666667,8.695833333333333,15.820833333333333,9.379166666666666,15.173913043478262,12.65625,,13.0625,18.0625,14.235416666666666,23.291666666666668,14.745833333333332,11.1,21.900000000000002,17.583333333333332
2024,11,2,5.041666666666667,13.133333333333335,5.9125000000000005,16.079166666666666,13.275,11.6,8.629166666666666,11.86875,13.029166666666667,8.549999999999999,10.5375,5.483333333333333,7.8125,11.325000000000001,5.958333333333333,15.483333333333334,,10.8375,7.204166666666667,14.84375,36.604166666666664,8.908333333333333,13.204166666666666,9.627272727272727,8.85
2024,11,3,7.333333333333333,14.338636363636363,5.6625000000000005,29.683333333333334,36.108333333333334,25.079166666666666,5.8625,24.22083333333333,23.858333333333334,12.366666666666667,13.070833333333333,8.129166666666666,12.475,16.82916666666667,10.679166666666667,14.416666666666666,,9.254166666666666,13.65625,30.59583333333333,40.1,13.2125,13.612499999999999,22.379166666666666,14.216666666666667
2024,11,4,12.130434782608695,15.791489361702128,8.591666666666667,19.066666666666666,24.391666666666666,25.058333333333334,36.59583333333333,19.514583333333334,19.066666666666666,20.354166666666668,18.974999999999998,8.408333333333333,22.03333333333333,19.258333333333333,17.775000000000002,30.145833333333332,,10.964583333333332,11.158333333333333,15.477083333333333,37.5625,12.104166666666666,17.220833333333335,12.262500000000001,24.366666666666664
2024,11,5,18.666666666666668,36.18723404255319,19.491666666666667,25.816666666666666,27.708333333333332,23.795833333333334,34.7125,22.797916666666666,22.5,44.020833333333336,53.145833333333336,22.099999999999998,30.320833333333336,25.22083333333333,36.295833333333334,36.199999999999996,,15.35,23.302083333333332,28.922916666666666,57.78333333333333,19.183333333333334,19.545833333333334,24.883333333333336,43.24782608695652
2024,11,6,32.875,33.37619047619047,24.675,43.87083333333334,50.17083333333333,35.949999999999996,20.170833333333334,25.322916666666668,19.037499999999998,44.01666666666667,75.39166666666667,32.92916666666667,39.1875,34.775,23.295833333333334,49.333333333333336,,15.529166666666667,46.041666666666664,39.391666666666666,70.6875,29.883333333333336,24.252173913043475,49.63181818181818,37.61666666666667
2024,11,7,23.875,16.071428571428573,18.183333333333334,37.204166666666666,30.78333333333333,65.58749999999999,21.041666666666668,49.574999999999996,46.74583333333334,15.870833333333332,69.85416666666667,17.787499999999998,14.279166666666667,43.5875,19.158333333333335,50.73478260869565,,10.277083333333334,15.916666666666666,29.712500000000002,35.8375,32.68333333333333,37.9,28.0125,18.7625
2024,11,8,11.791666666666666,20.395652173913046,15.679166666666667,34.3125,19.849999999999998,26.02916666666667,11.616666666666667,31.3,35.62083333333333,10.9125,13.516666666666666,18.037499999999998,14.645833333333334,41.97083333333333,18.087500000000002,20.479166666666668,,14.645833333333334,14.46875,31.39375,21.270833333333332,24.6875,22.354166666666668,16.029166666666665,18.770833333333332
2024,11,9,8.666666666666666,25.30454545454546,19.3625,36.32083333333333,26.804166666666664,21.066666666666666,13.179166666666667,23.379166666666666,25.8125,12.200000000000001,19.316666666666666,14.345833333333333,13.129166666666668,24.59583333333333,19.683333333333334,21.925,,24.06458333333333,13.887500000000001,37.00416666666667,31.920833333333334,29.71666666666667,20.179166666666667,23.441666666666666,20.133333333333333
2024,11,10,12.541666666666666,26.997727272727275,17.045833333333334,40.045833333333334,30.245833333333334,28.991666666666664,11.950000000000001,26.545833333333334,34.06666666666667,21.6125,21.462500000000002,15.870833333333332,20.933333333333334,21.554166666666664,27.708333333333332,19.470833333333335,,20.177083333333332,23.916666666666668,45.137499999999996,33.84166666666667,32.12916666666667,22.425,24.40416666666667,24.224999999999998
2024,11,11,22.541666666666668,41.504444444444445,17.425,51.833333333333336,44.30416666666667,43.9125,14.983333333333334,40.606249999999996,44.354166666666664,26.21666666666667,31.366666666666664,27.929166666666664,23.420833333333334,25.45,28.712500000000002,27.099999999999998,,19.652083333333334,26.983333333333334,42.50208333333333,52.85833333333333,23.041666666666668,47.708333333333336,31.8875,28.004166666666666
2024,11,12,23.083333333333332,27.795744680851065,29.575,23.445833333333336,43.6875,32.11666666666667,17.641666666666666,22.947916666666668,22.775000000000002,22.712500000000002,34.387499999999996,22.575,19.458333333333332,28.3125,31.84166666666667,19.366666666666667,,15.966666666666667,21.900000000000002,25.069565217391304,44.699999999999996,42.833333333333336,31.791666666666668,25.733333333333334,25.354166666666668
2024,11,13,10.958333333333334,26.021052631578947,21.504166666666666,22.504166666666666,27.900000000000002,19.599999999999998,18.779166666666665,18.091666666666665,15.733333333333334,16.616666666666667,23.40833333333333,15.508333333333333,15.654166666666667,18.020833333333332,22.6125,20.20416666666667,,12.991666666666667,19.478048780487807,18.25,45.300000000000004,10.979166666666666,18.541666666666668,19.650000000000002,22.72083333333333
2024,11,14,14.458333333333334,13.907692307692306,10.458333333333334,15.141666666666666,13.770833333333334,20.754166666666666,10.008333333333335,14.206249999999999,15.5,18.525000000000002,20.212500000000002,13.950000000000001,17.891666666666666,13.0375,16.466666666666665,24.5,,9.206249999999999,19.318749999999998,14.658333333333333,31.4875,8.622727272727273,17.629166666666666,17.779166666666665,20.491666666666667
2024,11,15,10.25,10.27872340425532,7.3875,11.025,14.0,19.908333333333335,8.704166666666667,18.170833333333334,15.295833333333334,11.704166666666666,14.508333333333333,12.420833333333334,12.049999999999999,13.829166666666666,12.545833333333334,18.6125,,8.485416666666667,13.704255319148936,13.6875,25.7625,17.891666666666666,11.373913043478263,14.700000000000001,12.233333333333333
2024,11,16,11.75,10.202127659574469,9.516666666666667,34.791666666666664,15.927272727272726,20.520833333333332,9.470833333333333,26.045833333333334,22.212500000000002,17.162499999999998,21.358333333333334,13.8375,17.758333333333333,14.995833333333332,17.770833333333332,23.25,,11.595833333333333,19.474999999999998,20.15625,34.358333333333334,10.950000000000001,16.666666666666668,22.65833333333333,20.7375
2024,11,17,15.5,11.279069767441861,6.658333333333334,21.808333333333334,14.783333333333333,21.020833333333332,7.6875,30.447916666666668,15.745833333333335,17.779166666666665,22.708333333333332,15.308333333333332,19.2625,11.116666666666667,17.025,20.741666666666667,,7.2,19.697916666666668,18.660416666666666,29.912499999999998,8.470833333333333,19.333333333333332,22.891666666666666,19.983333333333334
2024,11,18,7.333333333333333,3.802222222222222,4.591666666666667,5.095833333333333,7.016666666666667,16.2875,4.783333333333333,8.547916666666667,8.441666666666666,6.391666666666667,13.075000000000001,7.3125,7.3500000000000005,11.520833333333334,6.704166666666667,10.395833333333334,,3.9187499999999997,8.202083333333333,9.604166666666666,19.658333333333335,6.845833333333334,10.945833333333333,7.654166666666666,7.166666666666667
2024,11,19,9.708333333333334,8.32391304347826,10.395833333333334,6.0125,9.878260869565217,16.741666666666667,7.811764705882354,13.802083333333334,15.795833333333334,8.658333333333333,20.341666666666665,12.354166666666666,9.420833333333333,13.108333333333334,11.420833333333334,16.020833333333332,,7.739583333333333,10.893749999999999,10.456249999999999,18.9375,7.0625,13.954166666666666,13.266666666666666,10.3125
2024,11,20,8.458333333333334,4.625581395348838,5.4750000000000005,4.341666666666667,8.254166666666666,13.6875,,10.104166666666666,8.908333333333333,6.1375,11.975,6.7875000000000005,7.120833333333334,10.441666666666666,5.829166666666667,11.779166666666667,,5.504166666666666,7.570833333333333,9.935416666666667,18.070833333333333,4.420833333333333,10.612499999999999,8.234782608695653,5.808333333333334
2024,11,21,7.375,7.4170212765957455,7.120833333333334,7.616666666666667,10.4625,12.825000000000001,,9.108333333333333,7.3999999999999995,10.8375,12.579166666666666,11.200000000000001,12.6875,20.866666666666667,12.108333333333334,13.708333333333334,,7.245833333333334,12.745833333333332,10.731250000000001,26.633333333333336,8.104166666666666,11.254166666666668,11.670833333333334,12.262500000000001
2024,11,22,18.583333333333332,16.011111111111113,12.883333333333333,10.625,19.304166666666667,20.504166666666666,,18.520833333333332,14.291666666666666,20.275000000000002,20.016666666666666,19.3125,22.183333333333334,13.858333333333334,18.275000000000002,26.808333333333334,,9.797916666666667,22.166666666666668,14.685416666666667,35.9625,8.920833333333333,15.570833333333333,22.745833333333334,21.641666666666666
2024,11,23,13.583333333333334,9.55909090909091,7.8,7.4750000000000005,11.441666666666668,14.933333333333332,,12.88125,10.095833333333333,13.424999999999999,19.787499999999998,11.5375,13.700000000000001,16.020833333333332,12.870833333333332,16.170833333333334,,6.825,15.643749999999999,12.460416666666667,28.983333333333334,8.054166666666667,13.908333333333333,14.1875,14.333333333333334
2024,11,24,12.041666666666666,15.389130434782608,20.745833333333334,8.195833333333333,11.866666666666667,8.9125,,17.427083333333332,6.495833333333334,12.629166666666668,18.454166666666666,19.75,12.379166666666668,11.3125,17.400000000000002,15.637500000000001,,5.570833333333333,14.364583333333334,15.34375,25.15833333333333,6.95,13.512500000000001,12.549999999999999,11.6
2024,11,25,12.625,18.595744680851062,15.729166666666666,10.483333333333333,13.370833333333332,16.724999999999998,,30.316666666666666,8.520833333333334,15.520833333333334,22.358333333333334,20.845833333333335,15.279166666666667,25.233333333333334,19.320833333333333,17.608333333333334,,8.435416666666667,18.427083333333332,13.866666666666667,23.59166666666667,11.279166666666667,19.056521739130435,19.883333333333333,17.058333333333334
2024,11,26,20.5,22.086666666666666,20.70416666666667,28.704166666666666,21.816666666666666,21.108333333333334,,34.239583333333336,18.158333333333335,21.808333333333334,19.370833333333334,25.6125,22.412499999999998,21.058333333333334,23.8625,22.366666666666664,,9.441666666666666,20.927659574468084,23.24791666666667,37.93333333333333,14.575,15.683333333333332,22.974999999999998,21.525000000000002
2024,11,27,21.208333333333332,20.79148936170213,17.041666666666668,22.079166666666666,28.870833333333334,27.40416666666667,,25.400000000000002,25.429166666666664,24.962500000000002,28.849999999999998,19.9375,24.15416666666667,26.366666666666664,24.395833333333332,32.0375,,11.545833333333334,24.306250000000002,22.114583333333332,44.479166666666664,14.008333333333333,23.724999999999998,28.150000000000002,26.97083333333333
2024,11,28,20.5,19.27111111111111,25.491666666666664,3.7541666666666664,10.65,14.320833333333333,,19.845833333333335,6.495833333333334,18.904166666666665,25.412499999999998,24.291666666666668,16.458333333333332,20.495833333333334,17.191666666666666,19.3625,,7.59375,18.225,10.041666666666666,26.870833333333334,5.458333333333333,11.125,14.337499999999999,15.141666666666666
2024,11,29,15.791666666666666,8.73404255319149,6.904166666666666,6.370833333333334,13.266666666666666,14.1,5.1571428571428575,8.375,11.379166666666668,18.036363636363635,23.583333333333332,17.179166666666667,17.033333333333335,17.133333333333333,12.683333333333332,19.2,,5.589583333333334,15.502083333333333,11.864583333333334,17.91176470588235,6.566666666666666,13.116666666666667,16.829166666666666,16.625
2024,11,30,9.833333333333334,15.766666666666666,14.270833333333334,27.3875,25.679166666666664,21.216666666666665,10.408333333333333,19.697916666666668,24.133333333333336,,37.766666666666666,19.645833333333332,17.483333333333334,29.77916666666667,20.8125,37.475,,9.75625,15.247916666666667,23.710416666666664,,15.383333333333333,16.608333333333334,22.912499999999998,31.570833333333336
2024,12,1,12.958333333333334,43.34888888888889,27.90416666666667,60.42916666666667,35.137499999999996,26.604166666666668,24.2625,24.916666666666668,33.25,,26.21666666666667,24.308333333333334,23.879166666666666,17.058333333333334,30.0625,28.462500000000002,,23.629166666666666,24.172916666666666,38.706250000000004,,22.745833333333334,23.270833333333332,29.495833333333334,38.67916666666667
2024,12,2,17.291666666666668,35.08541666666667,27.150000000000002,45.4625,29.104166666666668,26.991666666666664,24.6875,24.29375,16.570833333333333,,16.1875,28.429166666666664,18.3875,15.108333333333334,26.712500000000002,20.7625,,16.241666666666667,19.539583333333333,30.052083333333332,,16.325,19.683333333333334,22.454166666666666,20.895833333333332
2024,12,3,26.333333333333332,26.369565217391305,25.329166666666666,18.775000000000002,23.579166666666666,23.666666666666668,25.929166666666664,40.666666666666664,15.529166666666667,,24.120833333333334,31.016666666666666,23.7,27.058333333333334,21.054166666666667,32.05714285714286,,16.345833333333335,26.8875,16.891489361702128,,14.095833333333333,18.033333333333335,21.5625,23.724999999999998
2024,12,4,28.0,24.104444444444447,13.391666666666666,19.0125,24.53333333333333,36.00833333333333,23.05,37.077083333333334,24.691666666666666,,40.333333333333336,19.979166666666668,20.95,35.9375,19.454166666666666,35.87142857142857,,10.275,21.48125,19.258333333333333,60.48666666666667,9.608333333333333,26.616666666666664,24.291666666666668,22.108333333333334
2024,12,5,13.541666666666666,22.813953488372093,21.974999999999998,24.454166666666666,27.766666666666666,49.479166666666664,12.3375,43.70208333333333,26.84583333333333,,36.475,24.5125,26.920833333333334,40.766666666666666,30.641666666666666,39.362500000000004,,8.666666666666666,26.787499999999998,23.735416666666666,45.89565217391304,11.445833333333333,29.650000000000002,32.37083333333333,37.25
2024,12,6,16.125,25.531818181818185,23.900000000000002,11.012500000000001,23.0625,31.108333333333334,19.120833333333334,24.239583333333332,14.445833333333333,,24.483333333333334,24.441666666666666,19.3875,32.479166666666664,24.1875,26.037499999999998,,16.127083333333335,22.414583333333336,18.7625,30.6,12.5625,20.900000000000002,24.5625,25.900000000000002
2024,12,7,17.708333333333332,31.602439024390247,29.766666666666666,9.85,27.712500000000002,24.641666666666666,24.349999999999998,17.131249999999998,15.520833333333334,,29.816666666666666,27.900000000000002,20.583333333333332,34.57083333333333,25.879166666666666,28.108333333333334,,12.139583333333334,24.272916666666664,16.816666666666666,32.141666666666666,7.441666666666666,19.729166666666668,23.791666666666668,29.383333333333336
2024,12,8,8.666666666666666,23.976744186046513,18.479166666666668,10.862499999999999,25.895833333333332,33.737500000000004,20.770833333333332,27.462500000000002,25.945833333333336,,27.650000000000002,14.387500000000001,18.958333333333332,31.583333333333332,20.741666666666667,23.625,,18.720833333333335,18.252083333333335,23.48125,26.229166666666668,18.087500000000002,17.266666666666666,21.508333333333336,26.5125
2024,12,9,7.416666666666667,7.819512195121952,9.191666666666666,14.404166666666667,17.2375,20.64166666666667,8.020833333333334,12.81875,14.5625,,11.508333333333333,11.012500000000001,8.9375,13.85,10.5625,14.754166666666668,,8.791666666666666,8.135416666666666,18.970833333333335,17.245833333333334,11.654166666666667,12.716666666666667,14.583333333333334,12.770833333333334
2024,12,10,9.125,8.856250000000001,9.865217391304348,7.4750000000000005,16.599999999999998,12.629166666666668,10.666666666666666,7.289583333333333,12.1625,,12.183333333333332,10.741666666666667,12.741666666666667,12.633333333333333,12.816666666666668,17.333333333333332,,10.335416666666667,11.047916666666666,15.883333333333333,21.358333333333334,10.154166666666667,9.845833333333333,15.166666666666666,16.158333333333335
2024,12,11,12.708333333333334,13.562222222222221,10.341666666666667,11.275,22.7,21.78333333333333,7.591666666666666,17.212500000000002,16.416666666666668,,16.933333333333334,16.175,16.175,14.933333333333332,17.254166666666666,22.09583333333333,,12.683333333333332,15.552083333333334,16.535416666666666,38.34583333333333,12.954166666666667,22.15416666666667,19.3625,18.1875
2024,12,12,7.166666666666667,18.308888888888887,9.345833333333333,12.441666666666668,21.400000000000002,26.2,14.612499999999999,21.51875,16.779166666666665,,16.775000000000002,9.591666666666667,15.808333333333332,23.4375,16.320833333333333,24.575,,15.725,15.535416666666668,17.2,50.49583333333334,11.475,21.224999999999998,23.25,19.366666666666667
2024,12,13,9.958333333333334,18.139583333333334,17.145833333333332,24.0625,26.183333333333334,31.245833333333334,29.729166666666668,27.958333333333332,21.675,,38.50416666666667,12.5625,13.845833333333333,39.97083333333333,19.162499999999998,25.766666666666666,,16.077083333333334,12.127083333333333,24.56041666666667,38.512499999999996,15.372727272727273,25.087500000000002,23.583333333333332,27.508333333333336
2024,12,14,23.666666666666668,23.297619047619047,24.46666666666667,50.73333333333334,25.941666666666666,26.4375,20.4375,29.695833333333336,16.425,,27.97083333333333,26.775000000000002,25.141666666666666,20.358333333333334,24.22083333333333,28.020833333333332,,19.239583333333332,27.960416666666664,20.716666666666665,38.574999999999996,16.529166666666665,22.066666666666666,22.84583333333333,26.337500000000002
2024,12,15,8.833333333333334,6.2956521739130435,5.925,4.345833333333333,9.733333333333333,14.408333333333333,5.304166666666666,11.141666666666666,7.941666666666666,,13.008333333333333,8.329166666666667,10.112499999999999,11.612499999999999,8.633333333333333,13.137500000000001,,6.129166666666666,10.335416666666667,9.520833333333334,22.941666666666666,5.591666666666666,9.5875,11.125,8.4125
2024,12,16,6.416666666666667,2.3454545454545457,5.270833333333333,2.216666666666667,6.129166666666666,6.75,3.345833333333333,3.9291666666666667,3.525,,5.958333333333333,5.6499999999999995,4.829166666666667,5.9375,4.041666666666667,6.404166666666666,,3.6622222222222223,4.2625,6.410869565217391,13.025,4.8125,7.908333333333334,4.7625,2.4833333333333334
2024,12,17,4.041666666666667,2.8229166666666665,4.733333333333333,5.758333333333333,7.358333333333333,8.320833333333333,3.1750000000000003,6.322916666666667,5.204166666666667,,5.791666666666667,5.491666666666667,4.554166666666666,6.816666666666666,3.8208333333333333,9.195833333333333,,6.570833333333333,4.227083333333334,8.914583333333333,14.616666666666667,7.704166666666667,6.720833333333332,6.334782608695652,2.4458333333333333
2024,12,18,10.791666666666666,7.90625,9.433333333333334,10.1875,12.016666666666666,11.395833333333334,8.0875,15.841666666666667,9.420833333333333,,14.304166666666667,14.4375,11.183333333333332,9.549999999999999,12.020833333333334,14.208333333333334,,7.585416666666667,11.129166666666668,11.966666666666667,27.21666666666667,7.891666666666667,11.495833333333332,13.424999999999999,11.970833333333333
2024,12,19,11.208333333333334,6.469565217391305,6.608333333333333,6.266666666666667,10.420833333333333,14.112499999999999,5.983333333333333,27.814285714285717,13.383333333333333,,15.433333333333332,10.916666666666666,9.191666666666666,10.975,9.083333333333334,13.220833333333333,,4.258333333333334,10.345833333333333,11.46875,22.84583333333333,3.404166666666667,14.012500000000001,10.245833333333334,9.845833333333333
2024,12,20,8.458333333333334,4.429166666666666,7.066666666666666,5.433333333333334,8.795833333333333,9.4125,8.054166666666667,10.622916666666667,6.9125000000000005,5.6,12.2125,7.254166666666666,7.141666666666667,12.637500000000001,6.675,12.316666666666668,,7.070833333333333,8.583333333333334,9.25625,18.662499999999998,10.283333333333333,10.254166666666666,7.3875,5.933333333333334
2024,12,21,10.625,7.416666666666667,9.270833333333334,7.825,11.145833333333334,10.808333333333332,7.9375,15.302083333333334,10.450000000000001,10.745833333333332,21.208333333333332,13.795833333333334,11.454166666666666,29.829166666666666,10.883333333333333,16.808333333333334,,6.920833333333333,13.408333333333333,10.489583333333334,27.608333333333334,8.379166666666666,13.475,11.3125,12.299999999999999
2024,12,22,13.791666666666666,7.46046511627907,9.262500000000001,4.479166666666667,7.958333333333333,7.620833333333334,9.025,7.989583333333333,4.791666666666667,10.020833333333334,16.466666666666665,17.108333333333334,8.958333333333334,17.724999999999998,8.645833333333334,14.883333333333333,,5.2,11.485416666666666,8.00625,20.408333333333335,4.6499999999999995,10.295833333333333,7.195833333333333,8.783333333333333
2024,12,23,19.75,9.947916666666666,12.808333333333332,6.3,16.5,21.233333333333334,9.070833333333333,12.829166666666666,11.604166666666666,27.9875,24.270833333333332,17.054166666666667,22.879166666666666,31.054166666666664,13.125,31.304166666666664,,5.254166666666666,15.31875,14.220833333333333,36.9,7.4125000000000005,14.833333333333334,16.191666666666666,28.8125
2024,12,24,26.444444444444443,27.21914893617021,23.520833333333332,7.383333333333333,21.087500000000002,28.108333333333334,19.150000000000002,13.691666666666668,23.28333333333333,24.787499999999998,38.175000000000004,19.866666666666667,22.745833333333334,44.458333333333336,24.295833333333334,29.425,,7.26875,19.252083333333335,11.272916666666667,37.604166666666664,4.7749999999999995,15.704166666666666,18.7625,41.04583333333333
2024,12,25,,15.282222222222224,11.741666666666667,26.070833333333336,18.154166666666665,28.233333333333334,11.8125,10.514583333333333,19.5,17.3,34.137499999999996,18.870833333333334,16.345833333333335,34.079166666666666,25.09583333333333,38.725,,10.856250000000001,13.4125,17.556250000000002,42.708333333333336,12.5,14.141666666666666,23.90833333333333,21.554166666666664
2024,12,26,,17.112765957446808,8.4,51.25,45.28333333333333,50.708333333333336,9.0375,36.6875,50.1,26.95,47.65833333333333,17.875,27.47083333333333,26.883333333333336,25.741666666666664,57.020833333333336,,7.970833333333334,25.160416666666666,43.11041666666667,52.87083333333334,16.716666666666665,30.395833333333332,31.84583333333333,35.92916666666667
2024,12,27,,9.784090909090908,10.941666666666668,62.94166666666666,101.55,74.77083333333333,6.954166666666667,42.86041666666667,96.93333333333334,23.179166666666664,30.912499999999998,11.225,30.808333333333334,21.241666666666667,18.620833333333334,44.71666666666667,,6.1875,30.195833333333336,89.08749999999999,66.90833333333333,23.229166666666668,27.141666666666666,49.35,33.699999999999996
2024,12,28,,11.69047619047619,10.5625,69.60416666666667,123.34583333333335,95.85416666666667,8.720833333333333,42.71875,129.04999999999998,17.595833333333335,22.0125,11.029166666666667,17.945833333333333,28.616666666666664,18.095833333333335,23.758333333333336,,10.133333333333333,18.1125,128.975,69.02916666666667,46.395833333333336,49.824999999999996,40.50833333333333,23.65416666666667
2024,12,29,,34.16190476190476,10.283333333333333,63.90416666666667,63.291666666666664,69.90833333333333,11.058333333333332,54.14791666666667,86.55416666666667,29.316666666666666,21.55,27.05,28.920833333333334,42.1,38.82083333333333,27.495833333333334,,15.560416666666667,30.141666666666666,37.11666666666667,73.925,19.1125,43.59583333333333,52.94583333333333,40.63333333333333
2024,12,30,8.692307692307692,10.024390243902438,7.283333333333334,54.51666666666667,16.941666666666666,73.49166666666666,7.245833333333334,54.30416666666667,71.7375,13.541666666666666,29.108333333333334,14.083333333333334,14.545833333333334,18.474999999999998,14.008333333333333,23.4,,8.887500000000001,16.166666666666668,31.006249999999998,31.804166666666664,10.5875,37.68333333333333,21.145833333333332,16.933333333333334
2024,12,31,15.625,12.995555555555555,8.379166666666666,53.958333333333336,21.400000000000002,23.3875,8.291666666666666,47.75208333333333,33.97083333333333,18.441666666666666,29.433333333333334,16.320833333333333,19.400000000000002,13.2875,20.041666666666668,23.681818181818183,,13.616666666666667,21.125,45.22708333333333,38.75416666666667,9.195833333333333,27.233333333333334,25.72083333333333,22.662499999999998
